transaction_id,sender_id,receiver_id,amount,timestamp
241133,9634,9662,136.67,2022-01-02 13:00:00
1160209,5007,9951,13.39,2022-01-08 07:00:00
1091286,8789,9995,182.41,2022-01-07 21:00:00
631185,5669,9698,4.74,2022-01-05 00:00:00
274927,5035,9833,18.54,2022-01-02 18:00:00
1088854,8495,5261,419.52,2022-01-07 20:00:00
818795,2135,9744,17.84,2022-01-06 04:00:00
329990,7776,8603,178.13,2022-01-03 02:00:00
1287039,9995,3085,394.35,2022-01-09 02:00:00
665439,9769,6287,191.19,2022-01-05 05:00:00
404111,2398,8215,17.36,2022-01-03 13:00:00
1128331,6156,9658,11.69,2022-01-08 02:00:00
1058923,2690,4123,106.8,2022-01-07 16:00:00
355070,8735,6701,185.41,2022-01-03 06:00:00
989749,2170,6646,24.71,2022-01-07 05:00:00
148044,9061,7093,7.87,2022-01-01 23:00:00
1147295,9429,8475,471.07,2022-01-08 05:00:00
368976,4315,3220,37744.34,2022-01-03 08:00:00
1168066,9795,9943,146.25,2022-01-08 08:00:00
599881,1656,9851,122.4,2022-01-04 19:00:00
483139,485,9477,587.15,2022-01-04 01:00:00
720088,8462,9008,528.09,2022-01-05 13:00:00
781666,5094,9462,18.73,2022-01-05 22:00:00
634994,2095,4429,30.51,2022-01-05 00:00:00
143027,5578,113,2.94,2022-01-01 22:00:00
1277572,6161,9798,13.6,2022-01-09 01:00:00
430217,8451,8695,529.2,2022-01-03 17:00:00
943382,9677,9542,149.38,2022-01-06 22:00:00
112636,3690,9993,111.87,2022-01-01 17:00:00
361896,8793,1515,185.94,2022-01-03 07:00:00
822608,1368,9809,14.63,2022-01-06 04:00:00
1092975,2561,9444,494.17,2022-01-07 21:00:00
533145,1435,9188,494.54,2022-01-04 09:00:00
1107511,3529,2425,557.89,2022-01-07 23:00:00
353008,4564,6045,550.5,2022-01-03 05:00:00
944787,9622,9139,147.66,2022-01-06 23:00:00
566365,5662,7099,3.55,2022-01-04 14:00:00
1232573,9999,5351,10.35,2022-01-08 18:00:00
205988,7120,9927,15.71,2022-01-02 07:00:00
153502,9790,5450,138.44,2022-01-01 23:00:00
74365,1756,9760,199.52,2022-01-01 11:00:00
342299,3586,3208,507.79,2022-01-03 04:00:00
1122340,5776,9844,197.52,2022-01-08 01:00:00
1048937,2584,9377,537.44,2022-01-07 14:00:00
179011,5762,5968,108.55,2022-01-02 03:00:00
992747,1784,8957,182.82,2022-01-07 06:00:00
118239,6285,9685,3.13,2022-01-01 18:00:00
990810,5559,5693,568.89,2022-01-07 06:00:00
297659,5751,9829,4.54,2022-01-02 21:00:00
627756,4010,8078,24.49,2022-01-04 23:00:00
1216692,5784,7300,122.31,2022-01-08 16:00:00
1084286,3347,9595,3.56,2022-01-07 20:00:00
771558,6757,3742,110.11,2022-01-05 21:00:00
526348,2622,351,131.25,2022-01-04 08:00:00
776236,7435,9894,586.45,2022-01-05 21:00:00
657742,8652,2678,141.28,2022-01-05 04:00:00
898618,9795,9661,146.25,2022-01-06 16:00:00
824190,7423,8399,572.5,2022-01-06 04:00:00
217411,1427,9133,466.91,2022-01-02 09:00:00
644190,2489,6670,503.55,2022-01-05 02:00:00
11120,5520,9188,535.7,2022-01-01 02:00:00
209776,4532,9197,4.58,2022-01-02 08:00:00
928431,9715,2318,101.62,2022-01-06 20:00:00
358620,1189,5793,31.25,2022-01-03 06:00:00
679403,2801,9964,389.5,2022-01-05 07:00:00
720673,6772,7485,15.15,2022-01-05 13:00:00
600090,9768,4770,161.94,2022-01-04 19:00:00
877148,6513,2667,469.16,2022-01-06 12:00:00
714035,712,9815,195.64,2022-01-05 12:00:00
1034874,8612,5577,122.63,2022-01-07 12:00:00
530266,7652,4994,150.21,2022-01-04 08:00:00
1319744,2584,9377,537.44,2022-01-09 07:00:00
1213062,2051,9805,24.7,2022-01-08 15:00:00
84690,8400,7056,498.92,2022-01-01 13:00:00
267022,7667,9671,141.57,2022-01-02 17:00:00
1302425,7530,5341,575.4,2022-01-09 04:00:00
271348,6559,2768,468.88,2022-01-02 17:00:00
213327,7157,8801,9.51,2022-01-02 08:00:00
1077913,6425,573,444.57,2022-01-07 19:00:00
328518,7638,9753,110.5,2022-01-03 02:00:00
1310053,9409,8432,567.46,2022-01-09 06:00:00
1112486,5166,9885,17.35,2022-01-08 00:00:00
136199,4196,9967,16.31,2022-01-01 21:00:00
757229,7746,4835,171.88,2022-01-05 18:00:00
970934,7138,9041,13.85,2022-01-07 03:00:00
1289793,8080,1656,13.13,2022-01-09 02:00:00
802659,6639,1064,183.0,2022-01-06 01:00:00
611300,9197,9885,6.8,2022-01-04 20:00:00
1098853,5015,1150,12.17,2022-01-07 22:00:00
983583,9117,5718,7.47,2022-01-07 05:00:00
333095,3225,9079,10999.29,2022-01-03 02:00:00
712994,9652,5758,111.47,2022-01-05 12:00:00
339417,5222,9713,102810.75,2022-01-03 03:00:00
218761,6057,4006,15.55,2022-01-02 09:00:00
381232,3635,8658,159.82,2022-01-03 10:00:00
653106,9812,9389,236.88,2022-01-05 03:00:00
1101828,5402,2239,529.21,2022-01-07 22:00:00
1201266,9992,8534,225.11,2022-01-08 13:00:00
735310,7732,8372,195.63,2022-01-05 15:00:00
449969,9467,9961,433.57,2022-01-03 20:00:00
1081422,3078,9882,18.17,2022-01-07 19:00:00
74796,9647,7462,172.64,2022-01-01 12:00:00
1130590,7127,6627,4.51,2022-01-08 03:00:00
898199,4516,9971,523.79,2022-01-06 16:00:00
577239,9944,6474,248.17,2022-01-04 15:00:00
25645,1521,9866,500.44,2022-01-01 04:00:00
942800,9426,9564,473.32,2022-01-06 22:00:00
463757,7107,8074,13.14,2022-01-03 22:00:00
995515,1417,8266,481.0,2022-01-07 06:00:00
845149,9736,6038,141.24,2022-01-06 08:00:00
650346,9971,9981,356.47,2022-01-05 02:00:00
1010258,9112,3205,9.26,2022-01-07 08:00:00
477482,4416,7682,467.58,2022-01-04 00:00:00
704459,9753,2968,164.69,2022-01-05 11:00:00
1314786,9623,7413,4.1,2022-01-09 06:00:00
620988,9776,7380,114.16,2022-01-04 22:00:00
724617,6473,9993,578.95,2022-01-05 14:00:00
1063096,5658,8247,189.5,2022-01-07 16:00:00
734488,4679,9956,197.6,2022-01-05 15:00:00
1150324,7640,9312,116.65,2022-01-08 05:00:00
420232,5641,8834,141.36,2022-01-03 15:00:00
899566,5578,9892,500.26,2022-01-06 16:00:00
614762,5560,7770,427.3,2022-01-04 21:00:00
131370,9575,9983,555.5,2022-01-01 20:00:00
829907,9018,7095,5.2,2022-01-06 05:00:00
911284,2157,9832,20.82,2022-01-06 18:00:00
963893,2429,8561,446.01,2022-01-07 02:00:00
143427,9701,9387,163.08,2022-01-01 22:00:00
647840,5179,7972,13.58,2022-01-05 02:00:00
1155427,9832,7089,19.03,2022-01-08 06:00:00
1244665,2664,4035,18.61,2022-01-08 20:00:00
94509,9181,8133,5.18,2022-01-01 15:00:00
254092,9553,6471,486.01,2022-01-02 15:00:00
1102165,7806,9792,15.27,2022-01-07 22:00:00
360849,4526,6916,487.02,2022-01-03 07:00:00
9925,1642,8816,161.77,2022-01-01 01:00:00
177290,4669,9990,194.25,2022-01-02 03:00:00
786784,9214,9358,18.29,2022-01-05 23:00:00
410974,7080,7928,17.35,2022-01-03 14:00:00
919667,1471,7297,462.29,2022-01-06 19:00:00
886072,3554,6496,448.23,2022-01-06 14:00:00
406510,734,9025,188.27,2022-01-03 13:00:00
84926,6527,1733,556.33,2022-01-01 13:00:00
267647,5434,7211,445.29,2022-01-02 17:00:00
1296838,4206,3369,14647005.0,2022-01-09 04:00:00
1010937,1053,6287,38.89,2022-01-07 09:00:00
349387,6534,8740,441.6,2022-01-03 05:00:00
235589,1505,9499,12.6,2022-01-02 12:00:00
649295,7751,9341,186.27,2022-01-05 02:00:00
1198305,5522,9443,475.35,2022-01-08 13:00:00
1194671,7332,9216,21474836.47,2022-01-08 12:00:00
1098148,9792,9014,103.69,2022-01-07 22:00:00
70334,9850,9147,12.56,2022-01-01 11:00:00
277190,4791,9423,100.95,2022-01-02 18:00:00
96167,6579,9982,444.29,2022-01-01 15:00:00
254440,8772,3668,190.61,2022-01-02 15:00:00
524733,2011,2549,31.76,2022-01-04 07:00:00
735141,9026,9918,8.21,2022-01-05 15:00:00
946338,7164,5921,15.0,2022-01-06 23:00:00
557773,7012,4949,13.08,2022-01-04 12:00:00
696636,8660,1120,125.38,2022-01-05 09:00:00
1213751,497,4507,415.7,2022-01-08 15:00:00
839176,9860,1027,4.54,2022-01-06 07:00:00
686856,9877,3133,11.5,2022-01-05 08:00:00
1102356,1646,6289,144.13,2022-01-07 22:00:00
1225613,2606,9917,167.77,2022-01-08 17:00:00
782972,3515,4480,528.66,2022-01-05 22:00:00
1247691,4351,9537,13.14,2022-01-08 20:00:00
785572,9704,3812,183.69,2022-01-05 23:00:00
550991,1703,3064,19.02,2022-01-04 11:00:00
1302006,6155,9113,20.23,2022-01-09 04:00:00
863002,9027,4700,7.46,2022-01-06 10:00:00
418738,5745,9528,165.03,2022-01-03 15:00:00
216067,5435,5265,527.2,2022-01-02 09:00:00
1063619,7083,2016,10.77,2022-01-07 16:00:00
1208409,8108,3114,6.92,2022-01-08 14:00:00
1009132,9910,4294,386.7,2022-01-07 08:00:00
1180100,9190,3154,6.38,2022-01-08 10:00:00
1109348,9918,6627,3.37,2022-01-07 23:00:00
1135395,9614,8137,114.73,2022-01-08 03:00:00
40267,6649,9818,152.92,2022-01-01 06:00:00
1045634,4716,249,186.77,2022-01-07 14:00:00
65927,7784,8856,144.07,2022-01-01 10:00:00
791622,9985,9344,12.75,2022-01-06 00:00:00
738165,3518,9014,479.92,2022-01-05 16:00:00
764579,9607,6904,116.05,2022-01-05 20:00:00
186106,5749,9127,149.78,2022-01-02 04:00:00
709979,6554,7198,556.01,2022-01-05 11:00:00
1058280,9084,8963,5.2,2022-01-07 16:00:00
339177,6591,2515,521.94,2022-01-03 03:00:00
843262,8428,2191,440.29,2022-01-06 07:00:00
1120665,8772,4506,190.61,2022-01-08 01:00:00
737146,8533,9399,560.78,2022-01-05 15:00:00
1297365,3540,9851,554.85,2022-01-09 04:00:00
227219,9970,8138,216.75,2022-01-02 11:00:00
1233487,9571,9168,530.53,2022-01-08 18:00:00
688897,7430,7242,478.6,2022-01-05 08:00:00
700256,6588,9213,511.6,2022-01-05 10:00:00
130052,5061,9719,15.83,2022-01-01 20:00:00
867630,5644,6544,107.79,2022-01-06 11:00:00
1090867,5687,8680,13.63,2022-01-07 21:00:00
454563,1670,9989,143.88,2022-01-03 21:00:00
547198,5498,5792,572.34,2022-01-04 11:00:00
549806,7396,8742,19.02,2022-01-04 11:00:00
1158914,9760,9325,101.22,2022-01-08 07:00:00
129182,4508,9994,513.46,2022-01-01 20:00:00
1053155,9023,9444,8.45,2022-01-07 15:00:00
1063292,3039,9914,18.99,2022-01-07 16:00:00
1100235,6678,9682,102.29,2022-01-07 22:00:00
705465,9001,3925,10.33,2022-01-05 11:00:00
1080765,9740,4385,115.29,2022-01-07 19:00:00
421132,7626,9571,161.1,2022-01-03 16:00:00
1095248,9796,8436,168.05,2022-01-07 21:00:00
654940,4355,6189,4.52,2022-01-05 03:00:00
1068523,5610,5451,134.05,2022-01-07 17:00:00
127162,9114,1183,5.03,2022-01-01 19:00:00
845198,2832,199,309.32,2022-01-06 08:00:00
66013,7147,8595,10.02,2022-01-01 10:00:00
1060330,7141,9997,11.12,2022-01-07 16:00:00
1161366,9728,7841,172.55,2022-01-08 07:00:00
469967,1194,8443,23.81,2022-01-03 23:00:00
1308050,671,9825,175.16,2022-01-09 05:00:00
371110,9734,945,151.13,2022-01-03 08:00:00
262271,1680,9563,154.05,2022-01-02 16:00:00
1190201,4895,4121,346.29,2022-01-08 12:00:00
1225966,7799,4751,162.28,2022-01-08 17:00:00
1203275,9744,6894,162.21,2022-01-08 14:00:00
438959,6496,7110,572.05,2022-01-03 18:00:00
927113,3059,2107,23.25,2022-01-06 20:00:00
1080877,3887,4936,394.48,2022-01-07 19:00:00
281884,8686,8060,122.06,2022-01-02 19:00:00
932102,5126,8685,18.47,2022-01-06 21:00:00
901171,9766,6151,108.37,2022-01-06 16:00:00
82816,8428,2191,440.29,2022-01-01 13:00:00
513608,7744,9640,142.86,2022-01-04 06:00:00
1174207,9969,7985,19.23,2022-01-08 09:00:00
832126,7139,4465,12.29,2022-01-06 06:00:00
1275503,6702,8336,133.35,2022-01-09 00:00:00
774141,8728,474,162.33,2022-01-05 21:00:00
859435,2542,1692,3.3,2022-01-06 10:00:00
1103054,1500,9210,480.17,2022-01-07 22:00:00
880823,2546,8650,528.65,2022-01-06 13:00:00
847966,7117,5989,14.31,2022-01-06 08:00:00
452575,1699,9237,149.27,2022-01-03 21:00:00
392835,1899,696,349.14,2022-01-03 11:00:00
854779,6617,9227,158.0,2022-01-06 09:00:00
569892,9689,6420,196.52,2022-01-04 14:00:00
1305880,8084,4157,11.3,2022-01-09 05:00:00
1246046,6516,9433,461.17,2022-01-08 20:00:00
1057738,5723,3340,164.91,2022-01-07 16:00:00
693473,92,9975,48.35,2022-01-05 09:00:00
69690,8765,8504,128.82,2022-01-01 11:00:00
1060363,9117,1224,4.27,2022-01-07 16:00:00
612003,9135,9957,6.59,2022-01-04 21:00:00
544745,3616,4793,194.64,2022-01-04 10:00:00
1105232,6272,3019,6165891.0,2022-01-07 23:00:00
885265,2713,8641,10.18,2022-01-06 14:00:00
1182923,8124,6677,10.51,2022-01-08 10:00:00
251518,6772,4797,131.27,2022-01-02 14:00:00
7153,1657,9823,168.44,2022-01-01 01:00:00
951346,9723,8188,134.22,2022-01-07 00:00:00
863229,3619,5106,190.94,2022-01-06 10:00:00
191774,5624,8119,109.41,2022-01-02 05:00:00
307269,3465,3936,418.17,2022-01-02 23:00:00
767506,2172,6032,27.81,2022-01-05 20:00:00
426928,8724,4333,133.14,2022-01-03 17:00:00
450325,9714,9136,170.33,2022-01-03 20:00:00
1262908,2079,9616,3.55,2022-01-08 23:00:00
353851,9437,8212,438.1,2022-01-03 05:00:00
316289,9551,8179,443.98,2022-01-03 00:00:00
1166188,8025,5384,9.01,2022-01-08 08:00:00
657152,3632,2898,151.08,2022-01-05 03:00:00
440453,8267,4245,91604.89,2022-01-03 19:00:00
204182,4937,9840,287.45,2022-01-02 07:00:00
84272,9737,9678,181.52,2022-01-01 13:00:00
411096,9711,7739,187.85,2022-01-03 14:00:00
609765,9100,5796,6.98,2022-01-04 20:00:00
1043798,8601,9170,194.55,2022-01-07 13:00:00
61826,8690,9158,138.89,2022-01-01 10:00:00
629047,4956,5484,222.3,2022-01-04 23:00:00
77686,5452,6928,3.02,2022-01-01 12:00:00
1188686,8566,9881,577.19,2022-01-08 11:00:00
731987,4757,886,142.75,2022-01-05 15:00:00
615057,5536,8121,435.19,2022-01-04 21:00:00
1101698,9616,9555,197.78,2022-01-07 22:00:00
1314604,4475,9496,420.64,2022-01-09 06:00:00
819889,3010,9338,10.6,2022-01-06 04:00:00
952472,2599,8909,419.32,2022-01-07 00:00:00
729764,1594,3937,446.7,2022-01-05 14:00:00
1315928,7186,2200,11.19,2022-01-09 06:00:00
914228,6599,8990,524.58,2022-01-06 18:00:00
1027759,7056,3330,14.65,2022-01-07 11:00:00
771928,6626,1894,163.99,2022-01-05 21:00:00
1230642,724,8025,3.43,2022-01-08 18:00:00
951249,5120,1413,12.25,2022-01-07 00:00:00
388938,7165,1286,12.42,2022-01-03 11:00:00
1175574,7633,339,188.64,2022-01-08 09:00:00
381923,9778,9929,143.66,2022-01-03 10:00:00
233993,9962,2243,12.48,2022-01-02 12:00:00
166763,6350,7741,4586.19,2022-01-02 01:00:00
764612,1506,3449,489.2,2022-01-05 20:00:00
1051296,7500,8762,414.48,2022-01-07 15:00:00
635437,5063,3368,13.82,2022-01-05 00:00:00
80152,7185,6180,16.04,2022-01-01 12:00:00
1251436,7859,9553,228.67,2022-01-08 21:00:00
1253817,1751,5844,15.43,2022-01-08 21:00:00
504385,9668,412,103.16,2022-01-04 04:00:00
275147,8411,6628,4.01,2022-01-02 18:00:00
32629,2707,9895,176.96,2022-01-01 05:00:00
174093,7144,9266,10.0,2022-01-02 03:00:00
421158,9843,6414,19.47,2022-01-03 16:00:00
700622,1804,7448,3.86,2022-01-05 10:00:00
989467,5186,9956,13.32,2022-01-07 05:00:00
505212,6093,6409,12.59,2022-01-04 04:00:00
1086086,1742,9674,134.38,2022-01-07 20:00:00
179551,11,9174,75.23,2022-01-02 03:00:00
681117,9056,5864,5.41,2022-01-05 07:00:00
739198,8799,7041,102.97,2022-01-05 16:00:00
922687,4458,9630,543.86,2022-01-06 19:00:00
88936,3433,9697,509.07,2022-01-01 14:00:00
1226413,9241,9616,3.74,2022-01-08 17:00:00
905219,6156,7934,11.69,2022-01-06 17:00:00
1098326,1433,8499,14.59,2022-01-07 22:00:00
1178991,8483,1871,2.54,2022-01-08 10:00:00
432161,4699,6828,117.59,2022-01-03 17:00:00
876173,5484,5472,564.3,2022-01-06 12:00:00
470228,3744,6307,101.41,2022-01-03 23:00:00
1255362,9300,747,18.51,2022-01-08 21:00:00
914963,7474,7572,458.52,2022-01-06 18:00:00
1052953,2703,7751,100.29,2022-01-07 15:00:00
357606,9601,9298,4.16,2022-01-03 06:00:00
553781,6166,9655,15.85,2022-01-04 12:00:00
477141,482,6223,485.19,2022-01-04 00:00:00
295074,8458,1903,10.13,2022-01-02 21:00:00
343929,1620,4796,103.66,2022-01-03 04:00:00
660068,9493,9388,547.66,2022-01-05 04:00:00
150919,506,8068,578.69,2022-01-01 23:00:00
112484,621,8487,141.47,2022-01-01 17:00:00
463806,8185,4204,13.62,2022-01-03 22:00:00
281217,6462,9973,4.2,2022-01-02 19:00:00
865350,9423,709,575.96,2022-01-06 11:00:00
364290,9691,4473,140.16,2022-01-03 07:00:00
851091,9758,9574,183.74,2022-01-06 09:00:00
48092,986,1988,4.57,2022-01-01 08:00:00
137395,8022,7393,8.19,2022-01-01 21:00:00
96480,6506,7066,415.79,2022-01-01 15:00:00
611685,4663,9995,105.52,2022-01-04 21:00:00
526105,7363,4474,3.51,2022-01-04 08:00:00
566008,7008,2935,13.28,2022-01-04 14:00:00
1058323,7637,8577,199.55,2022-01-07 16:00:00
610037,8128,6626,3.19,2022-01-04 20:00:00
1049840,1984,9673,321.51,2022-01-07 14:00:00
607410,4425,341,412.63,2022-01-04 20:00:00
1285552,6651,9941,109.44,2022-01-09 02:00:00
897313,9727,7474,130.36,2022-01-06 16:00:00
531782,3558,9982,506.98,2022-01-04 08:00:00
1132646,656,5916,101.01,2022-01-08 03:00:00
600123,9768,9807,161.94,2022-01-04 19:00:00
893974,770,9963,142.69,2022-01-06 15:00:00
105982,9613,8808,141.46,2022-01-01 16:00:00
22941,1742,9674,134.38,2022-01-01 04:00:00
811548,9726,8924,147.44,2022-01-06 03:00:00
1041326,6068,9975,17.12,2022-01-07 13:00:00
522907,8185,9198,13.62,2022-01-04 07:00:00
815744,7651,3375,149.16,2022-01-06 03:00:00
355020,5710,9598,186.33,2022-01-03 06:00:00
942217,6038,2051,16.87,2022-01-06 22:00:00
231571,4699,6828,117.59,2022-01-02 11:00:00
18761,2494,5495,428.7,2022-01-01 03:00:00
1115113,4729,3752,123.9,2022-01-08 00:00:00
1308799,6626,5012,163.99,2022-01-09 05:00:00
33884,4181,8366,22.56,2022-01-01 05:00:00
1231233,9070,9871,6.47,2022-01-08 18:00:00
1210319,4518,4052,420.23,2022-01-08 15:00:00
281116,3453,9463,563.65,2022-01-02 19:00:00
872895,6089,2178,15.18,2022-01-06 12:00:00
922649,9676,6548,123.52,2022-01-06 19:00:00
855751,3472,100,478.89,2022-01-06 09:00:00
656255,9411,8297,534.29,2022-01-05 03:00:00
1114377,6794,9432,190.42,2022-01-08 00:00:00
400142,1697,5926,107.83,2022-01-03 13:00:00
1316250,8708,9922,171.0,2022-01-09 06:00:00
998666,9959,4542,14.77,2022-01-07 07:00:00
286786,6080,9259,12.38,2022-01-02 19:00:00
1145885,9928,9459,3.27,2022-01-08 05:00:00
200694,5656,7434,165.5,2022-01-02 07:00:00
1020370,4516,9971,523.79,2022-01-07 10:00:00
414221,1650,3050,155.58,2022-01-03 15:00:00
861225,9005,6544,9.1,2022-01-06 10:00:00
221896,7179,8546,10.9,2022-01-02 10:00:00
486636,5191,8124,17.65,2022-01-04 02:00:00
670182,8031,7871,14.23,2022-01-05 05:00:00
343189,590,9487,509.04,2022-01-03 04:00:00
1128670,5148,8075,12.88,2022-01-08 02:00:00
245441,7381,6487,15.93,2022-01-02 13:00:00
1157518,9020,9992,9.54,2022-01-08 07:00:00
258049,7688,5705,132.66,2022-01-02 15:00:00
1039259,8459,9212,508.25,2022-01-07 13:00:00
908884,8627,9710,121.76,2022-01-06 17:00:00
4973,2409,4708,594.94,2022-01-01 01:00:00
715371,9767,8146,127.0,2022-01-05 12:00:00
1111221,9666,5878,130.36,2022-01-08 00:00:00
10513,7656,1727,155.5,2022-01-01 02:00:00
314791,2702,9763,173.91,2022-01-03 00:00:00
1234020,5199,2096,11.96,2022-01-08 18:00:00
862903,534,6262,579.53,2022-01-06 10:00:00
103786,8716,9928,158.47,2022-01-01 16:00:00
1313234,9709,1163,176.14,2022-01-09 06:00:00
864160,9608,9868,133.19,2022-01-06 10:00:00
43594,534,6262,579.53,2022-01-01 07:00:00
1065083,3097,7336,15.79,2022-01-07 17:00:00
1285450,2441,7132,544.94,2022-01-09 02:00:00
1096175,9615,1149,3.76,2022-01-07 21:00:00
493999,2529,9399,503.85,2022-01-04 03:00:00
1216123,9737,9635,181.52,2022-01-08 15:00:00
180359,5638,8937,123.58,2022-01-02 04:00:00
164496,2585,9322,470.8,2022-01-02 01:00:00
224820,8701,5082,132.49,2022-01-02 10:00:00
1008889,7416,8238,3.19,2022-01-07 08:00:00
663761,623,2345,151.97,2022-01-05 04:00:00
795514,1012,8889,22.2,2022-01-06 00:00:00
475200,5655,8414,183.39,2022-01-04 00:00:00
1032278,9613,2037,141.46,2022-01-07 12:00:00
232594,8798,2046,181.35,2022-01-02 11:00:00
730631,1168,1331,21.94,2022-01-05 14:00:00
1199747,6133,9910,16.31,2022-01-08 13:00:00
112089,3737,4744,104.15,2022-01-01 17:00:00
1267483,4576,6322,457.2,2022-01-08 23:00:00
974745,5172,9927,16.19,2022-01-07 03:00:00
182326,3400,7510,590.47,2022-01-02 04:00:00
383306,8639,9863,125.44,2022-01-03 10:00:00
421175,5106,9617,17.53,2022-01-03 16:00:00
1019614,5436,7143,489.89,2022-01-07 10:00:00
221462,3402,7583,564.65,2022-01-02 10:00:00
1089083,4146,7137,15.14,2022-01-07 20:00:00
313607,631,6539,178.82,2022-01-03 00:00:00
803627,2771,7003,181.47,2022-01-06 01:00:00
878545,4184,8431,22.9,2022-01-06 13:00:00
902793,3150,9760,19.34,2022-01-06 16:00:00
579842,2711,1428,106.41,2022-01-04 16:00:00
1138289,339,5547,3713587.0,2022-01-08 04:00:00
1093550,6405,376,476.64,2022-01-07 21:00:00
1099552,9063,9708,5.42,2022-01-07 22:00:00
1061009,6633,9918,174.11,2022-01-07 16:00:00
398068,2110,8486,32.3,2022-01-03 12:00:00
412920,8191,5156,8.78,2022-01-03 14:00:00
1135503,103,5849,57.71,2022-01-08 03:00:00
843736,2516,7593,478.1,2022-01-06 07:00:00
564215,6687,8279,112.33,2022-01-04 13:00:00
620484,7056,1718,14.65,2022-01-04 22:00:00
1028842,4160,4916,13.31,2022-01-07 11:00:00
685131,9730,5868,102.51,2022-01-05 08:00:00
109782,675,718,133.02,2022-01-01 17:00:00
898214,9781,4438,11.1,2022-01-06 16:00:00
794700,6713,9674,143.91,2022-01-06 00:00:00
222732,9705,9088,147.16,2022-01-02 10:00:00
336520,8507,9598,580.38,2022-01-03 03:00:00
151879,4008,3126,23.28,2022-01-01 23:00:00
1196761,193,9634,39.2,2022-01-08 13:00:00
479300,7481,3303,596.61,2022-01-04 00:00:00
602805,7628,7891,11.52,2022-01-04 19:00:00
23568,8561,6175,568.03,2022-01-01 04:00:00
1202050,6415,8211,533.35,2022-01-08 13:00:00
89073,9615,9927,177.72,2022-01-01 14:00:00
263849,4658,7978,165.94,2022-01-02 16:00:00
493179,705,8411,151.21,2022-01-04 03:00:00
1002682,4843,189,3.45,2022-01-07 07:00:00
22586,2724,545,167.33,2022-01-01 04:00:00
458310,4165,9935,14.22,2022-01-03 21:00:00
1135922,1435,9188,494.54,2022-01-08 03:00:00
194591,1715,4049,183.83,2022-01-02 06:00:00
829294,6417,2537,585.21,2022-01-06 05:00:00
624257,9133,5633,5.15,2022-01-04 22:00:00
441014,6462,8102,448.63,2022-01-03 19:00:00
1300674,8712,7296,153.69,2022-01-09 04:00:00
920488,9641,1853,127.3,2022-01-06 19:00:00
1289166,4576,6322,457.2,2022-01-09 02:00:00
864342,7648,3624,136.66,2022-01-06 10:00:00
526612,5754,9683,117.83,2022-01-04 08:00:00
320711,8655,3473,113.47,2022-01-03 01:00:00
1032116,9137,2776,6.9,2022-01-07 12:00:00
817023,8467,9685,557.95,2022-01-06 03:00:00
1284432,6033,8134,15.67,2022-01-09 02:00:00
1115676,484,9630,584.58,2022-01-08 00:00:00
835026,9092,5418,7.88,2022-01-06 06:00:00
397744,2621,8790,172.47,2022-01-03 12:00:00
1025327,5302,9668,7834545.0,2022-01-07 11:00:00
852485,3141,9957,27.56,2022-01-06 09:00:00
122855,2450,5195,407.1,2022-01-01 19:00:00
636290,9724,9005,160.66,2022-01-05 00:00:00
345943,9697,4588,11.02,2022-01-03 04:00:00
696573,5441,5274,456.7,2022-01-05 09:00:00
1255895,2695,8257,194.1,2022-01-08 21:00:00
481432,6462,8102,448.63,2022-01-04 01:00:00
1200436,6158,8208,11.6,2022-01-08 13:00:00
675341,1658,9163,186.19,2022-01-05 06:00:00
25350,5585,9355,497.73,2022-01-01 04:00:00
589964,9758,6139,183.74,2022-01-04 17:00:00
1188224,5772,4962,168.78,2022-01-08 11:00:00
269093,2536,2540,3.35,2022-01-02 17:00:00
711567,9644,9657,189.14,2022-01-05 12:00:00
1252983,8625,4183,109.44,2022-01-08 21:00:00
1297305,3740,9683,3.84,2022-01-09 04:00:00
396940,9077,9108,7.99,2022-01-03 12:00:00
585176,6983,8298,19.22,2022-01-04 17:00:00
1231903,6361,9869,20213808.0,2022-01-08 18:00:00
217615,5029,1810,22.08,2022-01-02 09:00:00
355116,1103,3725,38.1,2022-01-03 06:00:00
818211,8375,6957,14.63,2022-01-06 04:00:00
1130708,8348,9987,3.51,2022-01-08 03:00:00
927616,9149,3040,8.25,2022-01-06 20:00:00
1183317,5025,1751,15.43,2022-01-08 11:00:00
550210,8490,6274,420.38,2022-01-04 11:00:00
541712,127,9699,39.5,2022-01-04 10:00:00
869937,643,9991,141.5,2022-01-06 11:00:00
331056,188,8102,33.36,2022-01-03 02:00:00
1168981,8578,9675,421.63,2022-01-08 08:00:00
569529,6663,4940,147.6,2022-01-04 14:00:00
140547,2643,9619,14.52,2022-01-01 21:00:00
1122637,8942,9543,305.05,2022-01-08 01:00:00
1156904,9915,8458,3.67,2022-01-08 07:00:00
5870,6171,9647,16.85,2022-01-01 01:00:00
506915,9045,9993,5.65,2022-01-04 05:00:00
433847,8637,9917,146.33,2022-01-03 18:00:00
316534,8408,9793,3.61,2022-01-03 00:00:00
625943,5516,993,477.82,2022-01-04 23:00:00
8828,8767,6227,160.72,2022-01-01 01:00:00
450207,7045,7010,13.42,2022-01-03 20:00:00
581007,2125,9235,23.06,2022-01-04 16:00:00
1110615,8065,7039,13.96,2022-01-08 00:00:00
10426,8718,8085,145.97,2022-01-01 02:00:00
511723,2675,9933,110.19,2022-01-04 05:00:00
336597,9649,9974,192.25,2022-01-03 03:00:00
1156720,8701,4723,132.49,2022-01-08 06:00:00
659223,8269,9956,1123587.75,2022-01-05 04:00:00
1057988,7107,9357,13.14,2022-01-07 16:00:00
880096,6706,9901,114.3,2022-01-06 13:00:00
710546,5491,2274,3.29,2022-01-05 11:00:00
1153034,9187,5389,5.49,2022-01-08 06:00:00
39447,2862,9761,358.64,2022-01-01 06:00:00
713921,442,8594,522.02,2022-01-05 12:00:00
806846,9741,9967,118.93,2022-01-06 02:00:00
990163,6076,8834,12.95,2022-01-07 06:00:00
873015,9337,9876,19.18,2022-01-06 12:00:00
837095,6522,9558,3.22,2022-01-06 06:00:00
331719,2773,4054,179.78,2022-01-03 02:00:00
32651,8160,9406,8.03,2022-01-01 05:00:00
331538,8058,9962,10.09,2022-01-03 02:00:00
360051,8520,6031,598.32,2022-01-03 06:00:00
806784,8934,9967,4.7,2022-01-06 02:00:00
137380,430,9971,494.17,2022-01-01 21:00:00
704580,5306,6170,385874.21,2022-01-05 11:00:00
1215552,3420,9796,452.02,2022-01-08 15:00:00
801401,6109,9497,10.04,2022-01-06 01:00:00
919080,8666,4558,150.11,2022-01-06 19:00:00
1031664,1093,8120,26.94,2022-01-07 12:00:00
547934,8380,6074,482797.09,2022-01-04 11:00:00
585221,9653,8552,111.58,2022-01-04 17:00:00
973636,1718,9652,150.67,2022-01-07 03:00:00
227968,7495,9124,514.57,2022-01-02 11:00:00
714409,6134,584,11.59,2022-01-05 12:00:00
204977,6110,8695,18.14,2022-01-02 07:00:00
195618,9044,7614,5.04,2022-01-02 06:00:00
751497,6577,8474,494.64,2022-01-05 18:00:00
288845,4541,2547,416.01,2022-01-02 20:00:00
934636,4085,9007,22.51,2022-01-06 21:00:00
369706,3605,4246,114.09,2022-01-03 08:00:00
336497,9899,7517,2.67,2022-01-03 03:00:00
779762,1758,1004,141.77,2022-01-05 22:00:00
498641,5774,6942,131.75,2022-01-04 03:00:00
464043,3601,4392,140.1,2022-01-03 22:00:00
1171059,7748,3303,135.0,2022-01-08 09:00:00
1156649,7759,1910,172.38,2022-01-08 06:00:00
39254,6722,1610,124.05,2022-01-01 06:00:00
943885,6424,9672,586.13,2022-01-06 22:00:00
521748,8997,9960,392.64,2022-01-04 07:00:00
639082,9784,9722,168.92,2022-01-05 01:00:00
125163,8704,7138,147.58,2022-01-01 19:00:00
1025566,7604,9232,178.77,2022-01-07 11:00:00
84465,1262,2248,353.57,2022-01-01 13:00:00
755060,8479,4480,590.44,2022-01-05 18:00:00
1280307,580,7484,527.46,2022-01-09 01:00:00
548201,8654,2721,152.27,2022-01-04 11:00:00
817269,9682,9986,102.02,2022-01-06 03:00:00
388857,7223,5933,4.0,2022-01-03 11:00:00
320538,9249,9176,16.09,2022-01-03 01:00:00
343904,6070,9496,16.32,2022-01-03 04:00:00
234563,9607,2184,116.05,2022-01-02 12:00:00
635097,5489,1234,562.59,2022-01-05 00:00:00
782882,7868,9884,234.52,2022-01-05 22:00:00
379515,5540,3638,541.69,2022-01-03 09:00:00
365678,4058,5528,14.13,2022-01-03 07:00:00
57190,1623,2834,176.57,2022-01-01 09:00:00
808932,8759,4543,104.93,2022-01-06 02:00:00
100700,8533,9399,560.78,2022-01-01 15:00:00
320095,8762,4704,137.88,2022-01-03 01:00:00
36929,7462,9708,4.45,2022-01-01 06:00:00
85009,4559,1565,536.82,2022-01-01 13:00:00
623503,2769,2149,110.66,2022-01-04 22:00:00
686823,2279,7320,4.5,2022-01-05 08:00:00
254599,9142,3663,7.38,2022-01-02 15:00:00
540288,5703,9994,127.5,2022-01-04 10:00:00
748914,8548,6220,468.5,2022-01-05 17:00:00
431416,5927,4592,283.44,2022-01-03 17:00:00
554614,3705,7429,162.88,2022-01-04 12:00:00
1117074,9065,4232,5.26,2022-01-08 01:00:00
868382,8130,5050,8.39,2022-01-06 11:00:00
583889,6582,3192,525.05,2022-01-04 16:00:00
1236557,1591,3538,513.0,2022-01-08 19:00:00
1061911,9739,7775,165.66,2022-01-07 16:00:00
906902,5628,9930,156.52,2022-01-06 17:00:00
324050,9095,9909,6.23,2022-01-03 01:00:00
1243390,7477,1217,481.97,2022-01-08 20:00:00
992190,6755,9835,152.77,2022-01-07 06:00:00
1286647,4769,4652,132.55,2022-01-09 02:00:00
681521,5598,9641,463.22,2022-01-05 07:00:00
905559,3525,7583,422.76,2022-01-06 17:00:00
760355,4005,8892,21.19,2022-01-05 19:00:00
134932,1656,2571,122.4,2022-01-01 21:00:00
97167,1329,8798,2219.11,2022-01-01 15:00:00
843857,9754,9859,18.78,2022-01-06 07:00:00
473076,7038,9664,9.17,2022-01-04 00:00:00
434893,3620,9106,156.6,2022-01-03 18:00:00
886849,9100,8657,6.98,2022-01-06 14:00:00
118885,3497,5283,515.28,2022-01-01 18:00:00
567815,731,2815,145.36,2022-01-04 14:00:00
816235,6601,7157,159.11,2022-01-06 03:00:00
341366,1102,4438,26.29,2022-01-03 04:00:00
277558,9140,9884,8.37,2022-01-02 18:00:00
660835,1675,9740,175.41,2022-01-05 04:00:00
75502,7134,6267,13.3,2022-01-01 12:00:00
999086,4665,8527,123.33,2022-01-07 07:00:00
446353,3723,7200,179.08,2022-01-03 20:00:00
997283,599,4460,596.79,2022-01-07 07:00:00
243219,7102,3404,16.57,2022-01-02 13:00:00
76296,7572,9540,455.19,2022-01-01 12:00:00
454707,2456,8123,497.85,2022-01-03 21:00:00
298322,3556,9557,437.6,2022-01-02 21:00:00
262840,140,9971,50.11,2022-01-02 16:00:00
155118,5494,6098,587.95,2022-01-02 00:00:00
1310043,6783,5397,152.88,2022-01-09 06:00:00
993392,6747,8128,138.47,2022-01-07 06:00:00
598341,9733,4444,165.66,2022-01-04 19:00:00
217006,5778,5205,149.35,2022-01-02 09:00:00
89954,2882,9826,4.36,2022-01-01 14:00:00
1301525,9727,7872,130.36,2022-01-09 04:00:00
5928,9068,9979,6.65,2022-01-01 01:00:00
180303,9652,2387,111.47,2022-01-02 04:00:00
763081,6115,9013,16.51,2022-01-05 19:00:00
533631,7057,9277,10.03,2022-01-04 09:00:00
1278527,33,9841,90.25,2022-01-09 01:00:00
223153,1284,9629,17.01,2022-01-02 10:00:00
18295,6179,3699,17.16,2022-01-01 03:00:00
56015,2459,8046,514.52,2022-01-01 09:00:00
688116,7077,3631,14.86,2022-01-05 08:00:00
244186,4540,9763,546.53,2022-01-02 13:00:00
1235011,6020,9400,14.64,2022-01-08 18:00:00
91980,9943,5187,310.08,2022-01-01 14:00:00
1181694,4750,6906,104.63,2022-01-08 10:00:00
1179438,5501,1478,587.47,2022-01-08 10:00:00
557454,7449,6570,427.51,2022-01-04 12:00:00
1104647,1591,3538,513.0,2022-01-07 23:00:00
69222,9418,9465,568.67,2022-01-01 11:00:00
645675,7188,8714,16.46,2022-01-05 02:00:00
160457,1681,7704,189.21,2022-01-02 00:00:00
1046663,9984,8374,200.97,2022-01-07 14:00:00
427455,7627,9389,152.8,2022-01-03 17:00:00
390420,7015,4045,16.92,2022-01-03 11:00:00
265232,9715,5811,101.62,2022-01-02 16:00:00
1193849,9072,8087,7.33,2022-01-08 12:00:00
758408,1432,7673,566.63,2022-01-05 19:00:00
165106,1596,8321,496.1,2022-01-02 01:00:00
1161818,553,6542,416.91,2022-01-08 07:00:00
331462,9976,909,367.32,2022-01-03 02:00:00
30282,1840,2466,12.93,2022-01-01 05:00:00
380840,8159,9775,10.45,2022-01-03 10:00:00
1213204,9702,6927,193.36,2022-01-08 15:00:00
754994,5866,2876,209.14,2022-01-05 18:00:00
765724,7417,1547,459.92,2022-01-05 20:00:00
537630,7774,5625,175.63,2022-01-04 09:00:00
923302,6641,4397,158.5,2022-01-06 19:00:00
71693,6005,4457,15.65,2022-01-01 11:00:00
1318191,333,1472,21474836.47,2022-01-09 07:00:00
312577,826,2625,395.14,2022-01-02 23:00:00
357576,4051,8894,15.03,2022-01-03 06:00:00
556293,7759,4988,172.38,2022-01-04 12:00:00
691864,9684,4724,13.43,2022-01-05 09:00:00
139467,2082,8460,28.38,2022-01-01 21:00:00
378994,7176,5720,8.92,2022-01-03 09:00:00
38717,5868,4194,298.27,2022-01-01 06:00:00
606385,9061,2739,7.87,2022-01-04 20:00:00
485066,4639,7004,121.13,2022-01-04 01:00:00
361068,9728,3255,172.55,2022-01-03 07:00:00
295039,565,5142,590.04,2022-01-02 21:00:00
992835,1079,7215,32.51,2022-01-07 06:00:00
1221908,8873,4051,3.07,2022-01-08 16:00:00
359524,9110,3173,7.35,2022-01-03 06:00:00
317240,4134,9976,19.02,2022-01-03 00:00:00
969339,9607,3416,116.05,2022-01-07 02:00:00
535372,2795,2995,104.3,2022-01-04 09:00:00
780003,7443,6917,472.54,2022-01-05 22:00:00
995097,7947,9452,10.36,2022-01-07 06:00:00
582232,6646,7115,189.71,2022-01-04 16:00:00
1178812,1013,1478,30.07,2022-01-08 10:00:00
629215,8160,5085,8.03,2022-01-04 23:00:00
401864,7196,2800,16.08,2022-01-03 13:00:00
1113560,7980,9752,375.13,2022-01-08 00:00:00
524569,9704,3772,183.69,2022-01-04 07:00:00
678000,9664,7968,117.54,2022-01-05 07:00:00
1147211,9612,9547,178.16,2022-01-08 05:00:00
119145,2502,4606,524.11,2022-01-01 18:00:00
542938,7413,99,462.54,2022-01-04 10:00:00
345007,7093,1223,11.33,2022-01-03 04:00:00
1306033,7116,9784,8.36,2022-01-09 05:00:00
960968,9090,7283,6.0,2022-01-07 01:00:00
1100142,6137,8827,15.02,2022-01-07 22:00:00
86735,8146,9949,10.44,2022-01-01 13:00:00
448340,5824,9876,4.21,2022-01-03 20:00:00
285806,6026,6121,16.48,2022-01-02 19:00:00
525743,9593,6595,573.08,2022-01-04 08:00:00
90895,9401,8157,588.02,2022-01-01 14:00:00
1195295,4752,8776,135.77,2022-01-08 12:00:00
1199373,8767,4429,160.72,2022-01-08 13:00:00
19392,6686,8631,159.58,2022-01-01 03:00:00
188414,5374,4079,17.01,2022-01-02 05:00:00
890566,9085,7478,5.66,2022-01-06 14:00:00
521346,5487,1248,507.86,2022-01-04 07:00:00
1140151,1740,8806,127.19,2022-01-08 04:00:00
1006391,5785,9983,171.22,2022-01-07 08:00:00
713089,4578,5021,545.91,2022-01-05 12:00:00
261192,9962,3198,4.78,2022-01-02 16:00:00
942656,3444,9861,592.59,2022-01-06 22:00:00
885711,8089,6135,9.51,2022-01-06 14:00:00
680814,4501,8682,479.47,2022-01-05 07:00:00
820230,7300,9530,660260.18,2022-01-06 04:00:00
631532,7095,9237,13.87,2022-01-05 00:00:00
63981,1754,9548,133.16,2022-01-01 10:00:00
855775,1591,3538,513.0,2022-01-06 09:00:00
427237,9728,7919,172.55,2022-01-03 17:00:00
61277,4658,5170,165.94,2022-01-01 10:00:00
704945,1525,9971,418.38,2022-01-05 11:00:00
1149812,3610,9895,106.8,2022-01-08 05:00:00
42229,9708,9741,161.83,2022-01-01 07:00:00
529349,4040,9247,24.95,2022-01-04 08:00:00
1015682,1056,401,28.96,2022-01-07 09:00:00
295674,2441,7132,544.94,2022-01-02 21:00:00
24354,5710,9598,186.33,2022-01-01 04:00:00
750166,8001,8957,9.32,2022-01-05 17:00:00
652939,6527,1733,556.33,2022-01-05 03:00:00
795089,4603,5122,160.58,2022-01-06 00:00:00
174489,8636,7140,119.2,2022-01-02 03:00:00
263038,9411,8297,534.29,2022-01-02 16:00:00
678632,5581,9784,518.0,2022-01-05 07:00:00
836334,6530,7683,473.44,2022-01-06 06:00:00
258029,3709,6094,138.16,2022-01-02 15:00:00
750536,8085,9801,8.02,2022-01-05 17:00:00
42684,9116,537,7.53,2022-01-01 07:00:00
526572,9372,8075,179852.93,2022-01-04 08:00:00
886754,9953,5459,4.82,2022-01-06 14:00:00
951734,7037,9928,17.51,2022-01-07 00:00:00
1046023,7947,6650,18.64,2022-01-07 14:00:00
1066288,5479,9189,477.48,2022-01-07 17:00:00
1275131,7750,7838,169.47,2022-01-09 00:00:00
344210,9151,2963,7.86,2022-01-03 04:00:00
762830,9691,5420,140.16,2022-01-05 19:00:00
946526,1695,9743,138.0,2022-01-06 23:00:00
992258,9948,9542,322.6,2022-01-07 06:00:00
1125032,6180,8214,16.0,2022-01-08 02:00:00
159736,4263,9107,17.75,2022-01-02 00:00:00
317371,8198,2062,11.23,2022-01-03 00:00:00
536874,8642,4507,147.82,2022-01-04 09:00:00
985479,5573,8222,455.29,2022-01-07 05:00:00
1091942,8581,7363,480.51,2022-01-07 21:00:00
450520,9108,9975,5.72,2022-01-03 20:00:00
491074,6714,9140,130.58,2022-01-04 02:00:00
131442,6473,9993,578.95,2022-01-01 20:00:00
261181,6691,9908,166.25,2022-01-02 16:00:00
565984,7790,9920,184.17,2022-01-04 14:00:00
1249194,6573,7451,450.64,2022-01-08 20:00:00
847155,2161,7815,26.98,2022-01-06 08:00:00
920313,9722,9970,148.63,2022-01-06 19:00:00
992073,7549,1412,560.08,2022-01-07 06:00:00
283897,5683,7214,107.34,2022-01-02 19:00:00
1102457,9174,8400,6.45,2022-01-07 22:00:00
1158972,6558,2734,577.77,2022-01-08 07:00:00
496346,9402,9201,461.73,2022-01-04 03:00:00
1064881,9688,9803,167.39,2022-01-07 17:00:00
290309,4549,6628,4.01,2022-01-02 20:00:00
287064,4457,7895,507.97,2022-01-02 20:00:00
648383,9049,6522,6.16,2022-01-05 02:00:00
866281,1701,9032,141.92,2022-01-06 11:00:00
241234,3487,1668,440.0,2022-01-02 13:00:00
1310808,8016,7764,9.11,2022-01-09 06:00:00
98528,417,5695,411.1,2022-01-01 15:00:00
1248842,7614,9973,161.41,2022-01-08 20:00:00
1166461,8410,8116,562.51,2022-01-08 08:00:00
902159,7060,9543,13.59,2022-01-06 16:00:00
994577,7546,9982,597.29,2022-01-07 06:00:00
328402,2082,7683,28.38,2022-01-03 02:00:00
943108,2054,8514,29.4,2022-01-06 22:00:00
767972,8081,9713,10.03,2022-01-05 20:00:00
952711,3917,9620,203.75,2022-01-07 00:00:00
1263615,6168,8142,19.37,2022-01-08 23:00:00
406366,679,3246,143.52,2022-01-03 13:00:00
508630,4144,8948,16.76,2022-01-04 05:00:00
1055056,9722,9008,148.63,2022-01-07 15:00:00
19999,6718,5346,161.61,2022-01-01 03:00:00
1196988,8494,9224,550.08,2022-01-08 13:00:00
685069,1436,8112,436.2,2022-01-05 08:00:00
1284766,5500,9850,535.72,2022-01-09 02:00:00
569040,3524,1773,405.63,2022-01-04 14:00:00
861692,4869,2831,14.27,2022-01-06 10:00:00
455335,2464,7110,583.21,2022-01-03 21:00:00
1295355,9125,2296,9.06,2022-01-09 03:00:00
621262,2025,8477,18.96,2022-01-04 22:00:00
722342,1599,3109,544.67,2022-01-05 13:00:00
1230707,5014,6432,21.19,2022-01-08 18:00:00
542487,2670,7401,147.42,2022-01-04 10:00:00
1265180,4148,9977,23.81,2022-01-08 23:00:00
1194637,9279,3761,3.47,2022-01-08 12:00:00
620525,1753,4463,186.3,2022-01-04 22:00:00
680298,7651,2738,149.16,2022-01-05 07:00:00
585042,3061,2436,15.3,2022-01-04 17:00:00
981429,5153,8675,19.12,2022-01-07 04:00:00
1074629,6675,9844,12.02,2022-01-07 18:00:00
71996,4500,7540,446.33,2022-01-01 11:00:00
624220,5437,9993,448.07,2022-01-04 22:00:00
678414,9118,9691,5.1,2022-01-05 07:00:00
1007600,4577,9333,416.22,2022-01-07 08:00:00
193342,8616,4431,161.41,2022-01-02 06:00:00
207312,9182,9237,5.46,2022-01-02 08:00:00
903251,9613,5432,141.46,2022-01-06 16:00:00
775759,2579,1612,528.19,2022-01-05 21:00:00
440029,1575,1686,531.77,2022-01-03 19:00:00
903113,7705,6161,118.93,2022-01-06 16:00:00
296233,6340,2454,16.51,2022-01-02 21:00:00
1121701,8148,849,10.47,2022-01-08 01:00:00
1065837,3629,9809,153.52,2022-01-07 17:00:00
189544,8625,9955,109.44,2022-01-02 05:00:00
1138891,615,8283,130.55,2022-01-08 04:00:00
480093,9798,9887,144.36,2022-01-04 01:00:00
420393,1745,9185,118.94,2022-01-03 16:00:00
250389,6105,2522,13.47,2022-01-02 14:00:00
913508,6052,5613,12.43,2022-01-06 18:00:00
626532,8182,9065,7.32,2022-01-04 23:00:00
119724,4690,9318,179.91,2022-01-01 18:00:00
682075,5778,5205,149.35,2022-01-05 07:00:00
1305809,1582,9125,421.1,2022-01-09 05:00:00
1232353,9786,9554,101.3,2022-01-08 18:00:00
813702,4462,9315,502.69,2022-01-06 03:00:00
439079,5051,1622,20.74,2022-01-03 18:00:00
658939,6652,9696,102.12,2022-01-05 04:00:00
1023754,5740,8287,137.33,2022-01-07 10:00:00
716268,6925,7448,3.82,2022-01-05 12:00:00
299680,2473,2711,420.2,2022-01-02 21:00:00
1271863,2740,1817,116.98,2022-01-09 00:00:00
1316697,2625,2193,188.88,2022-01-09 07:00:00
874679,1458,9854,572.4,2022-01-06 12:00:00
138209,4784,8441,164.77,2022-01-01 21:00:00
911709,4060,4114,23.41,2022-01-06 18:00:00
934967,2766,9722,103.79,2022-01-06 21:00:00
485730,9781,1098,145.58,2022-01-04 01:00:00
119765,4897,1258,14.52,2022-01-01 18:00:00
1108875,4411,7233,528.64,2022-01-07 23:00:00
1231358,9633,586,170.36,2022-01-08 18:00:00
299062,5795,6286,167.78,2022-01-02 21:00:00
864370,1407,4607,571.27,2022-01-06 10:00:00
1066535,9792,1449,15.27,2022-01-07 17:00:00
115191,7524,1602,453.42,2022-01-01 18:00:00
145322,3159,3293,18.51,2022-01-01 22:00:00
23863,9576,4095,409.75,2022-01-01 04:00:00
976176,9634,4302,136.67,2022-01-07 03:00:00
1149825,9175,9871,5.87,2022-01-08 05:00:00
276347,9876,7513,14.13,2022-01-02 18:00:00
315127,3726,1469,198.53,2022-01-03 00:00:00
317691,5408,2238,468.41,2022-01-03 00:00:00
927172,5585,9355,497.73,2022-01-06 20:00:00
512699,9709,2361,176.14,2022-01-04 06:00:00
1101639,6596,5075,540.96,2022-01-07 22:00:00
1316271,2465,707,16.31,2022-01-09 06:00:00
1218841,8701,4723,132.49,2022-01-08 16:00:00
730700,5730,1517,108.8,2022-01-05 15:00:00
566123,1528,6916,445.48,2022-01-04 14:00:00
346285,3171,5858,23.03,2022-01-03 04:00:00
490286,6033,6595,15.67,2022-01-04 02:00:00
603808,8374,2663,406624.78,2022-01-04 19:00:00
882705,6616,4057,132.03,2022-01-06 13:00:00
623013,1737,9085,111.88,2022-01-04 22:00:00
28877,590,6799,12.93,2022-01-01 05:00:00
316447,6734,8350,155.08,2022-01-03 00:00:00
79982,1493,6609,500.04,2022-01-01 12:00:00
243276,2488,9961,545.54,2022-01-02 13:00:00
398343,8159,9849,3.57,2022-01-03 12:00:00
14172,9654,1842,165.25,2022-01-01 02:00:00
280133,8149,6819,13.13,2022-01-02 19:00:00
31786,9779,9718,168.61,2022-01-01 05:00:00
442349,2611,9509,145.22,2022-01-03 19:00:00
1239373,9624,7253,114.15,2022-01-08 19:00:00
712075,3719,8421,166.77,2022-01-05 12:00:00
46280,9618,9109,173.36,2022-01-01 07:00:00
750150,5778,6710,149.35,2022-01-05 17:00:00
1081158,8066,5836,7.15,2022-01-07 19:00:00
1021941,5051,9025,20.74,2022-01-07 10:00:00
711440,562,3847,440.79,2022-01-05 12:00:00
776473,8488,9894,522.57,2022-01-05 21:00:00
766557,8178,9501,7.92,2022-01-05 20:00:00
267595,7634,6455,169.38,2022-01-02 17:00:00
501981,3126,9376,17.3,2022-01-04 04:00:00
422672,7226,9812,14.96,2022-01-03 16:00:00
969078,7046,9986,13.68,2022-01-07 02:00:00
38725,4464,6326,3.47,2022-01-01 06:00:00
44832,8684,9939,102.15,2022-01-01 07:00:00
89470,9063,9163,3.08,2022-01-01 14:00:00
640315,6143,9740,10.53,2022-01-05 01:00:00
937437,9680,5523,128.36,2022-01-06 22:00:00
1141363,8981,6603,3.35,2022-01-08 04:00:00
53627,6007,1846,18.9,2022-01-01 08:00:00
490512,4500,7540,446.33,2022-01-04 02:00:00
1105304,7633,4219,188.64,2022-01-07 23:00:00
429096,181,9985,40.52,2022-01-03 17:00:00
636477,1868,5255,364.13,2022-01-05 00:00:00
711646,7834,9044,3.5,2022-01-05 12:00:00
282345,4817,8050,16.88,2022-01-02 19:00:00
467963,9794,9389,140.58,2022-01-03 23:00:00
817331,2623,4210,111.5,2022-01-06 03:00:00
1033999,3025,8985,27.62,2022-01-07 12:00:00
549392,7598,3079,3.53,2022-01-04 11:00:00
1131658,599,4460,596.79,2022-01-08 03:00:00
1107581,9576,4095,409.75,2022-01-07 23:00:00
1271435,2713,9985,134.61,2022-01-09 00:00:00
65296,9846,6326,3.45,2022-01-01 10:00:00
1062368,9185,8214,7.27,2022-01-07 16:00:00
1123558,5035,7357,18.54,2022-01-08 02:00:00
306371,3473,7171,15.02,2022-01-02 23:00:00
188194,9071,9264,6.93,2022-01-02 05:00:00
1258711,6755,2406,152.77,2022-01-08 22:00:00
1036351,9403,9585,588.45,2022-01-07 12:00:00
47059,8138,9990,14.01,2022-01-01 07:00:00
982046,4602,9959,117.37,2022-01-07 04:00:00
287759,4594,9994,449.73,2022-01-02 20:00:00
1036633,6684,8643,168.92,2022-01-07 12:00:00
247053,9605,8941,158.11,2022-01-02 14:00:00
675476,9695,8887,144.41,2022-01-05 06:00:00
546252,3428,9983,504.2,2022-01-04 11:00:00
1234353,7798,9430,199.83,2022-01-08 18:00:00
558032,2751,8032,149.71,2022-01-04 12:00:00
1125381,9648,555,193.36,2022-01-08 02:00:00
356827,6129,9964,14.95,2022-01-03 06:00:00
584427,8184,8559,12.63,2022-01-04 16:00:00
749431,3433,9697,509.07,2022-01-05 17:00:00
829042,9600,9756,147.99,2022-01-06 05:00:00
1205340,8671,3672,109.5,2022-01-08 14:00:00
586986,9978,7443,354.17,2022-01-04 17:00:00
115721,9714,8144,170.33,2022-01-01 18:00:00
78374,9699,9843,3.99,2022-01-01 12:00:00
1240256,6020,4869,14.64,2022-01-08 19:00:00
1214254,4432,2801,414.82,2022-01-08 15:00:00
85053,9642,9666,159.52,2022-01-01 13:00:00
517420,2696,5604,140.49,2022-01-04 06:00:00
333341,7795,236,189.25,2022-01-03 02:00:00
882551,910,9972,346.48,2022-01-06 13:00:00
1309851,6172,6765,15.92,2022-01-09 05:00:00
189062,9611,9729,112.83,2022-01-02 05:00:00
652468,419,3228,483.57,2022-01-05 03:00:00
200333,8113,4286,13.06,2022-01-02 07:00:00
229363,5315,4037,3.0,2022-01-02 11:00:00
741831,8668,9439,123.31,2022-01-05 16:00:00
138799,8457,7574,561.02,2022-01-01 21:00:00
964852,2542,7395,461.26,2022-01-07 02:00:00
967083,1728,7149,147.94,2022-01-07 02:00:00
904734,9662,9981,115.23,2022-01-06 17:00:00
661455,2174,8170,27.46,2022-01-05 04:00:00
802863,8634,1730,109.3,2022-01-06 01:00:00
229191,6568,4250,571.9,2022-01-02 11:00:00
1117620,1434,9387,529.0,2022-01-08 01:00:00
520106,7190,9760,15.51,2022-01-04 07:00:00
288564,3542,9872,517.86,2022-01-02 20:00:00
981587,9858,724,4.65,2022-01-07 04:00:00
900541,6736,5985,179.33,2022-01-06 16:00:00
930644,4379,8851,8234282.0,2022-01-06 21:00:00
787859,9611,4192,112.83,2022-01-05 23:00:00
67806,9908,9348,383.23,2022-01-01 11:00:00
934133,5603,7197,117.98,2022-01-06 21:00:00
943455,172,9554,34.85,2022-01-06 22:00:00
13043,2628,3849,174.05,2022-01-01 02:00:00
484896,3639,9300,165.83,2022-01-04 01:00:00
79159,8915,9826,3.19,2022-01-01 12:00:00
1126004,1148,9926,24.77,2022-01-08 02:00:00
1246598,531,9980,420.51,2022-01-08 20:00:00
349831,9072,5268,7.33,2022-01-03 05:00:00
220606,6566,9993,470.2,2022-01-02 10:00:00
1099528,6684,8915,168.92,2022-01-07 22:00:00
1170416,6709,5101,130.38,2022-01-08 09:00:00
1000888,8094,8550,8.5,2022-01-07 07:00:00
360285,5051,8065,20.74,2022-01-03 07:00:00
624916,5053,7483,19.34,2022-01-04 23:00:00
884038,2596,3614,530.91,2022-01-06 13:00:00
677676,4682,9746,113.5,2022-01-05 06:00:00
329637,9951,9544,13.22,2022-01-03 02:00:00
727303,7791,5954,168.72,2022-01-05 14:00:00
1067360,4013,9369,23.14,2022-01-07 17:00:00
52962,6673,284,165.58,2022-01-01 08:00:00
494745,9168,3840,5.62,2022-01-04 03:00:00
381507,7536,4084,535.05,2022-01-03 10:00:00
775578,2619,4314,110.33,2022-01-05 21:00:00
142927,9793,5635,177.08,2022-01-01 22:00:00
242248,2417,2876,567.19,2022-01-02 13:00:00
714236,3754,7282,159.47,2022-01-05 12:00:00
205678,9768,5982,161.94,2022-01-02 07:00:00
1297538,5720,9384,100.41,2022-01-09 04:00:00
35618,3521,4708,508.05,2022-01-01 06:00:00
1210152,2777,9994,133.17,2022-01-08 15:00:00
665048,1518,2930,513.17,2022-01-05 05:00:00
709053,8608,6901,147.5,2022-01-05 11:00:00
679567,8686,8060,122.06,2022-01-05 07:00:00
1000161,8446,6791,488.14,2022-01-07 07:00:00
1088250,3437,9311,531.1,2022-01-07 20:00:00
1062824,5085,9984,13.12,2022-01-07 16:00:00
1320583,3483,8683,483.04,2022-01-09 07:00:00
850342,1022,8999,38.92,2022-01-06 08:00:00
977926,9116,3197,7.53,2022-01-07 04:00:00
1207925,5089,9992,18.18,2022-01-08 14:00:00
124318,4719,1316,169.71,2022-01-01 19:00:00
1227540,5160,4146,3.93,2022-01-08 17:00:00
967366,4814,4102,11.27,2022-01-07 02:00:00
1251865,4515,2306,472.75,2022-01-08 21:00:00
148340,6057,4888,17.59,2022-01-01 23:00:00
49816,9701,992,4.69,2022-01-01 08:00:00
380702,4608,7107,197.94,2022-01-03 10:00:00
9423,5651,1611,177.35,2022-01-01 01:00:00
1301310,9635,7215,195.19,2022-01-09 04:00:00
303856,9469,4965,16.88,2022-01-02 22:00:00
559875,4766,9432,4.22,2022-01-04 13:00:00
733850,5651,8503,177.35,2022-01-05 15:00:00
261889,5033,9323,11.45,2022-01-02 16:00:00
1048813,7681,8275,121.2,2022-01-07 14:00:00
357966,445,9877,467.57,2022-01-03 06:00:00
527884,7563,9641,465.23,2022-01-04 08:00:00
482143,6519,9919,506.82,2022-01-04 01:00:00
764736,7566,5274,588.63,2022-01-05 20:00:00
475775,1797,4692,111.47,2022-01-04 00:00:00
140852,2432,2822,448.01,2022-01-01 22:00:00
602164,6323,8387,347616.0,2022-01-04 19:00:00
930573,7634,1408,169.38,2022-01-06 21:00:00
601556,5546,5441,584.23,2022-01-04 19:00:00
157183,2776,5841,181.97,2022-01-02 00:00:00
857824,8729,5372,143.67,2022-01-06 09:00:00
479907,8558,6395,577.83,2022-01-04 01:00:00
1019708,9705,9150,147.16,2022-01-07 10:00:00
1080015,7086,6072,12.89,2022-01-07 19:00:00
988273,8415,8541,587.1,2022-01-07 05:00:00
190004,6675,9722,154.33,2022-01-02 05:00:00
429457,3608,8997,106.62,2022-01-03 17:00:00
1037568,3759,6736,126.38,2022-01-07 13:00:00
1277148,3484,4925,502.57,2022-01-09 01:00:00
1300066,9732,2595,121.75,2022-01-09 04:00:00
96028,9760,9904,101.22,2022-01-01 15:00:00
133752,7516,9543,564.64,2022-01-01 20:00:00
54383,3666,4355,180.33,2022-01-01 09:00:00
191454,8468,9872,576.09,2022-01-02 05:00:00
258220,6053,9722,13.92,2022-01-02 15:00:00
631414,1590,4273,475.45,2022-01-05 00:00:00
629298,9171,5285,7.91,2022-01-04 23:00:00
1067158,3134,5649,21.66,2022-01-07 17:00:00
684500,3642,5174,151.33,2022-01-05 07:00:00
326907,4768,4170,169.61,2022-01-03 02:00:00
463536,6796,9994,181.52,2022-01-03 22:00:00
872742,9690,9469,163.19,2022-01-06 12:00:00
1219196,8521,8033,465.57,2022-01-08 16:00:00
767288,8070,2995,12.03,2022-01-05 20:00:00
579305,5400,9367,589.03,2022-01-04 16:00:00
900485,8186,5825,12.64,2022-01-06 16:00:00
300141,3687,8554,179.38,2022-01-02 22:00:00
454323,6552,9146,576.66,2022-01-03 21:00:00
40720,1428,8387,501.35,2022-01-01 06:00:00
610172,7788,9416,130.88,2022-01-04 20:00:00
750759,4615,6968,144.91,2022-01-05 17:00:00
452858,5448,4162,446.2,2022-01-03 21:00:00
1197950,3054,7711,20.86,2022-01-08 13:00:00
739061,3145,8015,15.7,2022-01-05 16:00:00
692559,7621,6396,130.72,2022-01-05 09:00:00
79778,1516,4383,596.01,2022-01-01 12:00:00
176892,7102,525,16.57,2022-01-02 03:00:00
548252,1629,3100,178.69,2022-01-04 11:00:00
303970,8612,5156,122.63,2022-01-02 22:00:00
379906,1568,6421,519.17,2022-01-03 10:00:00
1271673,1086,177,3.48,2022-01-09 00:00:00
984897,7505,5296,580.78,2022-01-07 05:00:00
1173262,9634,7892,136.67,2022-01-08 09:00:00
615018,9659,8178,191.0,2022-01-04 21:00:00
460277,8352,900,12.64,2022-01-03 22:00:00
278097,9483,5460,540.75,2022-01-02 18:00:00
1174464,9580,5481,400.6,2022-01-08 09:00:00
691892,8488,9894,522.57,2022-01-05 09:00:00
899073,9657,5688,197.13,2022-01-06 16:00:00
134391,9448,8299,426.42,2022-01-01 21:00:00
297315,5174,6525,21.97,2022-01-02 21:00:00
914160,6466,7893,565.11,2022-01-06 18:00:00
1238950,3472,100,478.89,2022-01-08 19:00:00
1316479,7476,1865,487.08,2022-01-09 07:00:00
85282,4717,8812,131.3,2022-01-01 13:00:00
355113,1103,8122,38.1,2022-01-03 06:00:00
131716,7147,9993,10.02,2022-01-01 20:00:00
1182626,9780,9718,164.21,2022-01-08 10:00:00
22851,4204,4237,16.8,2022-01-01 04:00:00
345677,8120,8745,9.07,2022-01-03 04:00:00
1017762,7841,9631,287.42,2022-01-07 10:00:00
657566,9625,8851,199.88,2022-01-05 04:00:00
1175371,8675,9401,178.66,2022-01-08 09:00:00
326384,9835,5877,12.15,2022-01-03 02:00:00
994946,1426,9048,517.64,2022-01-07 06:00:00
954793,6139,9726,15.81,2022-01-07 00:00:00
8629,1591,3538,513.0,2022-01-01 01:00:00
664920,9034,8039,5.88,2022-01-05 05:00:00
638933,9750,7665,140.86,2022-01-05 01:00:00
938873,6113,2531,19.95,2022-01-06 22:00:00
177605,2493,9496,402.63,2022-01-02 03:00:00
156332,2846,7963,10.14,2022-01-02 00:00:00
531830,6567,8673,595.34,2022-01-04 08:00:00
591700,2160,1207,23.92,2022-01-04 18:00:00
896988,7507,8596,507.75,2022-01-06 16:00:00
216974,71,9209,39.55,2022-01-02 09:00:00
726867,9700,8110,167.86,2022-01-05 14:00:00
1247760,9132,8128,8.23,2022-01-08 20:00:00
874665,1441,9355,428.73,2022-01-06 12:00:00
427736,9128,9265,9.49,2022-01-03 17:00:00
1045054,1826,8482,3.56,2022-01-07 14:00:00
1314727,9780,8969,164.21,2022-01-09 06:00:00
885424,3542,9872,517.86,2022-01-06 14:00:00
285042,9683,6185,108.62,2022-01-02 19:00:00
53394,8629,4697,159.5,2022-01-01 08:00:00
946960,6771,6758,165.25,2022-01-06 23:00:00
332228,9095,9884,6.23,2022-01-03 02:00:00
1160760,6128,9974,18.84,2022-01-08 07:00:00
572640,8585,9745,14.78,2022-01-04 15:00:00
20560,8745,8203,127.45,2022-01-01 03:00:00
1117872,2644,7697,138.13,2022-01-08 01:00:00
232996,9871,6299,15.93,2022-01-02 12:00:00
910453,9767,7942,127.0,2022-01-06 18:00:00
387875,9154,9114,9.03,2022-01-03 11:00:00
921402,3063,8349,16.52,2022-01-06 19:00:00
260828,5641,8483,3.5,2022-01-02 16:00:00
897854,9703,5041,125.29,2022-01-06 16:00:00
8635,5614,8751,156.49,2022-01-01 01:00:00
1319583,3433,9697,509.07,2022-01-09 07:00:00
1156659,8755,9923,15.03,2022-01-08 06:00:00
616209,9466,7781,599.57,2022-01-04 21:00:00
399325,3512,9983,524.59,2022-01-03 12:00:00
1261681,4603,9202,160.58,2022-01-08 22:00:00
1143570,9096,9241,7.99,2022-01-08 04:00:00
141078,1686,313,158.55,2022-01-01 22:00:00
101689,7008,5147,13.28,2022-01-01 16:00:00
117033,9602,2278,149.35,2022-01-01 18:00:00
937283,9009,9615,8.35,2022-01-06 21:00:00
794251,9749,8766,127.41,2022-01-06 00:00:00
599580,9769,8273,191.19,2022-01-04 19:00:00
950092,6003,9462,13.12,2022-01-06 23:00:00
1271213,7682,9822,135.21,2022-01-09 00:00:00
577299,4587,7780,401.04,2022-01-04 15:00:00
376797,6411,146,434.66,2022-01-03 09:00:00
986169,5162,7336,10.59,2022-01-07 05:00:00
320748,2131,2992,27.4,2022-01-03 01:00:00
595354,6262,534,539314.43,2022-01-04 18:00:00
1300904,7768,2027,133.19,2022-01-09 04:00:00
1062719,1059,7886,30.17,2022-01-07 16:00:00
410675,1209,8787,28094.49,2022-01-03 14:00:00
831742,8581,7363,480.51,2022-01-06 06:00:00
280556,5526,7354,451.1,2022-01-02 19:00:00
815012,6500,9672,598.02,2022-01-06 03:00:00
1228484,8697,8168,128.46,2022-01-08 17:00:00
182891,164,9764,43.71,2022-01-02 04:00:00
1303339,6510,7376,539.32,2022-01-09 05:00:00
362845,8196,6916,10.52,2022-01-03 07:00:00
427058,6487,2537,414.36,2022-01-03 17:00:00
1235642,9732,4215,121.75,2022-01-08 18:00:00
383146,9160,5295,6.5,2022-01-03 10:00:00
1044468,7487,7198,408.82,2022-01-07 14:00:00
433015,5626,9965,168.61,2022-01-03 17:00:00
760785,9295,9802,4.32,2022-01-05 19:00:00
1238166,8700,9210,199.08,2022-01-08 19:00:00
266751,5184,9824,13.29,2022-01-02 17:00:00
1226281,6687,6359,112.33,2022-01-08 17:00:00
1062735,5257,2797,10915196.0,2022-01-07 16:00:00
418559,3408,808,443.19,2022-01-03 15:00:00
619931,9018,7876,5.2,2022-01-04 22:00:00
1223167,9728,9934,172.55,2022-01-08 17:00:00
776358,605,8266,158.16,2022-01-05 21:00:00
641040,7421,8695,414.73,2022-01-05 01:00:00
690768,6390,985,868443.12,2022-01-05 08:00:00
108177,8700,5943,199.08,2022-01-01 17:00:00
815270,8784,9597,135.19,2022-01-06 03:00:00
532196,7433,9650,517.15,2022-01-04 09:00:00
753594,9434,4382,585.29,2022-01-05 18:00:00
331939,4705,3150,177.47,2022-01-03 02:00:00
446106,8622,8392,112.36,2022-01-03 19:00:00
1027770,9779,6994,168.61,2022-01-07 11:00:00
989444,7769,3598,180.41,2022-01-07 05:00:00
481104,4656,8585,103.09,2022-01-04 01:00:00
998405,8192,9522,10.58,2022-01-07 07:00:00
1070287,6645,3527,146.97,2022-01-07 17:00:00
412002,5043,9062,12.14,2022-01-03 14:00:00
480830,8033,4512,10.43,2022-01-04 01:00:00
1179025,1682,9142,170.41,2022-01-08 10:00:00
796909,8725,9622,185.8,2022-01-06 00:00:00
342875,8671,9479,109.5,2022-01-03 04:00:00
501435,1553,4806,435.42,2022-01-04 04:00:00
711744,8559,4271,400.72,2022-01-05 12:00:00
343175,7602,3258,125.54,2022-01-03 04:00:00
316678,7049,8695,16.55,2022-01-03 00:00:00
1117222,7465,9913,19.03,2022-01-08 01:00:00
1305469,3775,9634,180.94,2022-01-09 05:00:00
272587,484,9630,584.58,2022-01-02 17:00:00
1167604,5069,4910,14.93,2022-01-08 08:00:00
790606,8030,8180,9.0,2022-01-06 00:00:00
607037,9744,5017,162.21,2022-01-04 20:00:00
581655,4191,9995,22.47,2022-01-04 16:00:00
1257019,6764,9963,105.75,2022-01-08 22:00:00
390864,3033,6304,17.36,2022-01-03 11:00:00
382180,6135,9956,17.72,2022-01-03 10:00:00
727140,2415,5262,494.36,2022-01-05 14:00:00
1175380,8675,2970,178.66,2022-01-08 09:00:00
23570,8431,9366,508.89,2022-01-01 04:00:00
972151,9865,522,10.36,2022-01-07 03:00:00
1036396,774,9655,18.65,2022-01-07 12:00:00
353090,9745,8511,184.44,2022-01-03 05:00:00
1263574,9669,9817,140.47,2022-01-08 23:00:00
365210,5591,7342,540.53,2022-01-03 07:00:00
1285056,7460,3549,483.3,2022-01-09 02:00:00
1259981,5147,8769,20.52,2022-01-08 22:00:00
1049743,9107,3457,9.05,2022-01-07 14:00:00
153970,3150,6997,11.72,2022-01-01 23:00:00
517756,5854,3958,362.73,2022-01-04 06:00:00
412156,6644,9266,155.66,2022-01-03 14:00:00
330739,4169,4951,13.22,2022-01-03 02:00:00
1016060,7571,6252,598.1,2022-01-07 09:00:00
647450,4570,9147,577.7,2022-01-05 02:00:00
1305485,7055,1396,2.78,2022-01-09 05:00:00
57811,6609,8015,3.14,2022-01-01 09:00:00
1291333,9738,5388,139.5,2022-01-09 03:00:00
977201,4597,1369,409.32,2022-01-07 04:00:00
893343,5672,4389,129.3,2022-01-06 15:00:00
1278177,2506,3081,493.57,2022-01-09 01:00:00
310457,2676,9993,172.91,2022-01-02 23:00:00
625990,9643,9903,190.14,2022-01-04 23:00:00
981350,2056,7193,29.75,2022-01-07 04:00:00
504787,9734,9999,151.13,2022-01-04 04:00:00
67610,462,8630,551.32,2022-01-01 11:00:00
443802,7166,3814,8.94,2022-01-03 19:00:00
503263,9062,9796,7.36,2022-01-04 04:00:00
218241,7914,9551,245.41,2022-01-02 09:00:00
506904,7594,5470,530.65,2022-01-04 05:00:00
1253436,3473,7862,563.27,2022-01-08 21:00:00
761394,5516,993,477.82,2022-01-05 19:00:00
1194744,7577,9257,507.17,2022-01-08 12:00:00
884376,9609,9450,177.6,2022-01-06 13:00:00
590260,3716,6837,191.07,2022-01-04 17:00:00
586894,6471,9553,406.17,2022-01-04 17:00:00
1297828,4513,7522,16.9,2022-01-09 04:00:00
846877,7786,9503,108.84,2022-01-06 08:00:00
585318,8742,1703,19.02,2022-01-04 17:00:00
913687,4013,9701,23.14,2022-01-06 18:00:00
585775,6284,8560,395226.5,2022-01-04 17:00:00
985026,9128,3473,9.49,2022-01-07 05:00:00
24,6613,9979,162.3,2022-01-01 00:00:00
148784,3088,4441,23.56,2022-01-01 23:00:00
468649,928,8526,2.85,2022-01-03 23:00:00
419368,3463,9940,13.56,2022-01-03 15:00:00
608320,7165,1286,12.42,2022-01-04 20:00:00
976643,6546,9213,406.42,2022-01-07 03:00:00
471846,6057,9444,15.55,2022-01-03 23:00:00
552038,93,4310,55.34,2022-01-04 11:00:00
664955,8775,8441,111.91,2022-01-05 05:00:00
1108505,7803,8589,11.27,2022-01-07 23:00:00
688686,3516,7871,504.95,2022-01-05 08:00:00
65462,6126,8257,10.94,2022-01-01 10:00:00
258616,3176,9999,25.65,2022-01-02 15:00:00
1292167,9510,8099,493.54,2022-01-09 03:00:00
709655,8684,5833,102.15,2022-01-05 11:00:00
1148017,8093,5681,13.39,2022-01-08 05:00:00
1277228,8731,8864,166.69,2022-01-09 01:00:00
566837,9762,8080,103.43,2022-01-04 14:00:00
315789,7771,9975,117.73,2022-01-03 00:00:00
569985,7660,9036,119.33,2022-01-04 14:00:00
841371,5796,2866,100.44,2022-01-06 07:00:00
448729,8041,5553,12.36,2022-01-03 20:00:00
1096162,7782,7368,112.3,2022-01-07 21:00:00
340724,4507,497,531.15,2022-01-03 04:00:00
533814,7136,9776,11.84,2022-01-04 09:00:00
133374,9154,4520,9.03,2022-01-01 20:00:00
207481,6662,9997,165.5,2022-01-02 08:00:00
167854,4734,6259,155.92,2022-01-02 02:00:00
666709,9756,9068,137.42,2022-01-05 05:00:00
1052086,4552,9740,533.61,2022-01-07 15:00:00
305825,2283,8060,18.29,2022-01-02 22:00:00
1064514,9007,9997,5.41,2022-01-07 17:00:00
133996,9674,9142,134.86,2022-01-01 20:00:00
303784,9689,6301,196.52,2022-01-02 22:00:00
283430,8199,9836,8.85,2022-01-02 19:00:00
601425,2735,9739,146.97,2022-01-04 19:00:00
877157,5768,7687,139.24,2022-01-06 12:00:00
734720,4622,9864,122.83,2022-01-05 15:00:00
1239336,1100,4918,36.9,2022-01-08 19:00:00
259203,7178,9786,14.51,2022-01-02 15:00:00
789856,8173,7001,7.25,2022-01-05 23:00:00
1316868,3303,6158,14930847.0,2022-01-09 07:00:00
915959,9709,9440,176.14,2022-01-06 18:00:00
563667,9663,5307,122.91,2022-01-04 13:00:00
1116795,9562,4572,480.57,2022-01-08 01:00:00
90799,8123,2456,7.15,2022-01-01 14:00:00
121063,8135,1353,10.02,2022-01-01 19:00:00
506802,7290,3079,3.81,2022-01-04 05:00:00
1160399,545,2724,415.57,2022-01-08 07:00:00
853670,7732,4869,14.27,2022-01-06 09:00:00
1025993,6799,2512,160.72,2022-01-07 11:00:00
985610,9495,6394,553.77,2022-01-07 05:00:00
941481,9647,9379,172.64,2022-01-06 22:00:00
428910,862,9870,211.83,2022-01-03 17:00:00
41112,6149,3188,16.09,2022-01-01 06:00:00
64729,9650,6480,186.11,2022-01-01 10:00:00
687362,9661,6882,183.52,2022-01-05 08:00:00
557493,9302,7099,4.05,2022-01-04 12:00:00
1297913,9633,9669,170.36,2022-01-09 04:00:00
12293,2264,8541,521.04,2022-01-01 02:00:00
1240323,2640,6428,101.62,2022-01-08 19:00:00
451681,7574,6340,455.19,2022-01-03 20:00:00
774811,1136,2274,19.25,2022-01-05 21:00:00
438933,7234,2198,14.96,2022-01-03 18:00:00
1278870,8522,6088,577.21,2022-01-09 01:00:00
609206,735,8758,179.47,2022-01-04 20:00:00
1142082,7023,9918,10.74,2022-01-08 04:00:00
726941,2730,9444,197.39,2022-01-05 14:00:00
1168151,4157,1676,15.5,2022-01-08 08:00:00
1282446,9745,9754,184.44,2022-01-09 01:00:00
123410,9771,3787,189.02,2022-01-01 19:00:00
265399,7481,3303,596.61,2022-01-02 16:00:00
611948,5120,7271,12.25,2022-01-04 21:00:00
921151,9757,4512,173.78,2022-01-06 19:00:00
224285,4279,7038,16694.33,2022-01-02 10:00:00
544371,9751,7701,128.78,2022-01-04 10:00:00
49403,4079,6740,10.56,2022-01-01 08:00:00
620820,4488,1304,597.84,2022-01-04 22:00:00
897882,9703,7291,125.29,2022-01-06 16:00:00
342306,8394,9588,16.7,2022-01-03 04:00:00
657658,3630,9565,114.54,2022-01-05 04:00:00
753447,3008,8205,16.49,2022-01-05 18:00:00
409432,6082,5742,10.22,2022-01-03 14:00:00
56347,9041,1168,7.24,2022-01-01 09:00:00
845242,3422,7101,498.72,2022-01-06 08:00:00
595889,1077,7661,27.73,2022-01-04 18:00:00
408072,7539,9785,517.44,2022-01-03 14:00:00
982495,8665,6198,153.49,2022-01-07 04:00:00
1076301,422,7153,543.44,2022-01-07 18:00:00
821619,7494,8234,568.53,2022-01-06 04:00:00
805048,9151,9744,7.86,2022-01-06 02:00:00
839245,9725,6596,135.53,2022-01-06 07:00:00
1271977,9654,9889,165.25,2022-01-09 00:00:00
1078901,9664,8544,117.54,2022-01-07 19:00:00
489280,99,5542,49.54,2022-01-04 02:00:00
437638,8282,4843,13.15,2022-01-03 18:00:00
345871,1647,5222,124.3,2022-01-03 04:00:00
1150600,7925,9422,213.52,2022-01-08 05:00:00
67746,2766,6662,103.79,2022-01-01 11:00:00
576179,1173,5422,23.86,2022-01-04 15:00:00
689757,8199,8071,8.85,2022-01-05 08:00:00
314978,533,9391,431.27,2022-01-03 00:00:00
456947,9144,5414,8.77,2022-01-03 21:00:00
1256851,3630,2120,114.54,2022-01-08 22:00:00
1199238,9052,9879,5.85,2022-01-08 13:00:00
6850,9720,6286,114.62,2022-01-01 01:00:00
686724,9100,9997,6.98,2022-01-05 08:00:00
633613,2518,9612,459.29,2022-01-05 00:00:00
699195,5487,1248,507.86,2022-01-05 10:00:00
880220,9785,2129,150.92,2022-01-06 13:00:00
935178,9755,3065,104.26,2022-01-06 21:00:00
937779,7734,8626,145.16,2022-01-06 22:00:00
1241311,5762,8613,108.55,2022-01-08 19:00:00
1001987,4570,9147,577.7,2022-01-07 07:00:00
1098721,5717,1193,192.57,2022-01-07 22:00:00
1093509,1612,2104,196.88,2022-01-07 21:00:00
795541,1667,1248,155.74,2022-01-06 00:00:00
272538,3869,5250,256.98,2022-01-02 17:00:00
26875,9899,9585,363.36,2022-01-01 04:00:00
366849,7660,3505,119.33,2022-01-03 08:00:00
717859,4574,9832,427.08,2022-01-05 13:00:00
772128,8781,9526,4.54,2022-01-05 21:00:00
1148278,7789,7816,123.0,2022-01-08 05:00:00
133471,683,2202,112.91,2022-01-01 20:00:00
1085897,5434,7211,445.29,2022-01-07 20:00:00
461105,8122,8575,11.55,2022-01-03 22:00:00
403267,7667,8263,141.57,2022-01-03 13:00:00
1052596,5139,9565,17.4,2022-01-07 15:00:00
25881,2471,9323,473.32,2022-01-01 04:00:00
1113522,8456,9762,586.22,2022-01-08 00:00:00
594991,8425,6626,3.57,2022-01-04 18:00:00
740381,1647,1100,124.3,2022-01-05 16:00:00
1222635,8004,6112,8.96,2022-01-08 16:00:00
1267431,9154,9672,9.03,2022-01-08 23:00:00
89165,2426,1117,499.26,2022-01-01 14:00:00
311448,2726,2056,167.46,2022-01-02 23:00:00
1262372,5388,8552,21474836.47,2022-01-08 22:00:00
89435,8914,9652,393.89,2022-01-01 14:00:00
1301953,1058,7252,28.99,2022-01-09 04:00:00
185288,4737,2176,166.94,2022-01-02 04:00:00
897087,8087,6656,13.82,2022-01-06 16:00:00
145484,2443,5619,562.22,2022-01-01 22:00:00
667866,8418,9367,474.26,2022-01-05 05:00:00
1012189,1401,8354,497.3,2022-01-07 09:00:00
1282326,8260,8629,10.35,2022-01-09 01:00:00
577204,7550,7709,517.53,2022-01-04 15:00:00
443586,2230,8976,9932.09,2022-01-03 19:00:00
1278602,5416,3208,414.26,2022-01-09 01:00:00
985048,1550,660,579.3,2022-01-07 05:00:00
855969,2934,8652,344.98,2022-01-06 09:00:00
728802,7652,9044,150.21,2022-01-05 14:00:00
214304,4785,2792,179.5,2022-01-02 09:00:00
991370,4172,7986,20.29,2022-01-07 06:00:00
49113,7014,7924,10.67,2022-01-01 08:00:00
449912,9651,8700,134.69,2022-01-03 20:00:00
623679,8179,7983,10.76,2022-01-04 22:00:00
1234507,5004,7644,12.76,2022-01-08 18:00:00
774214,9556,9960,522.47,2022-01-05 21:00:00
514719,6195,4111,10.84,2022-01-04 06:00:00
1279468,1261,9500,11.64,2022-01-09 01:00:00
777220,2640,9952,101.62,2022-01-05 21:00:00
829915,9018,1243,5.2,2022-01-06 05:00:00
1303377,9089,5270,5.32,2022-01-09 05:00:00
404505,3748,8827,196.16,2022-01-03 13:00:00
90710,788,5882,153.61,2022-01-01 14:00:00
695758,5576,9289,432.36,2022-01-05 09:00:00
914933,3402,7583,564.65,2022-01-06 18:00:00
543899,9711,9865,187.85,2022-01-04 10:00:00
785991,517,8589,437.39,2022-01-05 23:00:00
823394,7061,4596,17.75,2022-01-06 04:00:00
1212018,8515,8300,588.64,2022-01-08 15:00:00
795515,6004,9543,16.61,2022-01-06 00:00:00
1038203,5691,8945,165.02,2022-01-07 13:00:00
252926,5475,8564,502.79,2022-01-02 15:00:00
951001,2079,4153,22.84,2022-01-07 00:00:00
63803,7425,9047,563.26,2022-01-01 10:00:00
269907,3049,4104,20.06,2022-01-02 17:00:00
674891,790,9446,123.18,2022-01-05 06:00:00
156721,6775,5709,194.6,2022-01-02 00:00:00
263324,6436,9766,478.3,2022-01-02 16:00:00
1212301,6179,9778,17.16,2022-01-08 15:00:00
739608,9619,7537,166.1,2022-01-05 16:00:00
441995,2608,513,114.44,2022-01-03 19:00:00
1319040,8710,9639,168.58,2022-01-09 07:00:00
292628,2769,8603,110.66,2022-01-02 20:00:00
1323119,4035,7976,14.94,2022-01-09 07:00:00
7999,1089,7352,10.27,2022-01-01 01:00:00
761552,4286,233,823162.81,2022-01-05 19:00:00
563092,9728,5196,172.55,2022-01-04 13:00:00
994223,3012,4277,24.42,2022-01-07 06:00:00
863147,5287,9529,1398114.75,2022-01-06 10:00:00
982516,5728,8192,140.83,2022-01-07 04:00:00
148848,4700,9389,161.85,2022-01-01 23:00:00
1000570,1563,4395,516.55,2022-01-07 07:00:00
926229,983,9485,201.82,2022-01-06 20:00:00
753868,6172,4010,15.92,2022-01-05 18:00:00
659,5162,4474,10.59,2022-01-01 00:00:00
744868,7580,6461,423.95,2022-01-05 17:00:00
787674,5139,4000,17.4,2022-01-05 23:00:00
1095570,7520,5374,595.64,2022-01-07 21:00:00
879751,9035,8065,8.84,2022-01-06 13:00:00
260999,3786,8543,146.25,2022-01-02 16:00:00
377762,4171,6695,15.59,2022-01-03 09:00:00
655256,7011,8752,16.06,2022-01-05 03:00:00
334481,5777,8803,186.67,2022-01-03 03:00:00
1274182,3889,6197,343.07,2022-01-09 00:00:00
658251,9191,9995,5.39,2022-01-05 04:00:00
163205,7607,8483,198.58,2022-01-02 01:00:00
525886,5127,5394,11.82,2022-01-04 08:00:00
305340,4128,9560,24.67,2022-01-02 22:00:00
816126,4724,4756,142.39,2022-01-06 03:00:00
756920,9015,7011,5.93,2022-01-05 18:00:00
762397,6411,146,434.66,2022-01-05 19:00:00
735698,8171,6470,11.0,2022-01-05 15:00:00
179784,5679,9907,179.47,2022-01-02 03:00:00
762073,2791,2986,136.88,2022-01-05 19:00:00
259185,6510,7376,539.32,2022-01-02 15:00:00
236298,4161,9475,17.39,2022-01-02 12:00:00
658100,3692,7951,114.33,2022-01-05 04:00:00
759140,3753,8226,167.27,2022-01-05 19:00:00
209870,3766,9379,151.36,2022-01-02 08:00:00
1238368,7084,9668,10.43,2022-01-08 19:00:00
1065144,4415,5196,430.7,2022-01-07 17:00:00
673166,9035,7913,8.84,2022-01-05 06:00:00
744609,6115,9992,16.51,2022-01-05 17:00:00
281255,7651,3375,149.16,2022-01-02 19:00:00
703204,2582,9048,582.42,2022-01-05 10:00:00
93463,2738,9435,191.35,2022-01-01 14:00:00
182159,9079,9703,9.05,2022-01-02 04:00:00
833140,6038,7964,16.87,2022-01-06 06:00:00
836855,8442,8311,496.14,2022-01-06 06:00:00
1204506,8756,9952,101.31,2022-01-08 14:00:00
488026,825,6929,279.11,2022-01-04 02:00:00
1120177,8729,9437,143.67,2022-01-08 01:00:00
684427,9636,943,197.94,2022-01-05 07:00:00
1260993,9715,9195,101.62,2022-01-08 22:00:00
969806,6684,9131,168.92,2022-01-07 02:00:00
1017698,8080,9997,13.13,2022-01-07 10:00:00
748917,6585,6455,13.1,2022-01-05 17:00:00
1238434,8940,5757,18.51,2022-01-08 19:00:00
510594,1709,6256,186.36,2022-01-04 05:00:00
1240486,5139,4732,17.4,2022-01-08 19:00:00
696295,3294,9159,650017.62,2022-01-05 09:00:00
75544,578,7289,428.51,2022-01-01 12:00:00
463754,7107,9357,13.14,2022-01-03 22:00:00
297792,6327,9973,3.89,2022-01-02 21:00:00
824149,8752,8921,172.69,2022-01-06 04:00:00
226199,2030,8095,22.98,2022-01-02 11:00:00
417128,8075,9987,11.79,2022-01-03 15:00:00
800008,7669,9998,153.08,2022-01-06 01:00:00
252169,3063,9422,4.02,2022-01-02 14:00:00
117467,9778,9886,143.66,2022-01-01 18:00:00
178056,9770,5841,188.38,2022-01-02 03:00:00
669984,2735,1709,146.97,2022-01-05 05:00:00
1048569,4549,9319,13.75,2022-01-07 14:00:00
381317,6681,3959,140.22,2022-01-03 10:00:00
36966,4657,9886,127.19,2022-01-01 06:00:00
665370,509,8311,534.75,2022-01-05 05:00:00
424707,9130,9957,6.08,2022-01-03 16:00:00
1293761,647,7838,165.21,2022-01-09 03:00:00
71856,8730,4435,172.02,2022-01-01 11:00:00
446737,6343,2927,17.2,2022-01-03 20:00:00
23481,3020,9999,27.08,2022-01-01 04:00:00
334556,8641,8859,112.47,2022-01-03 03:00:00
1209138,2794,8312,103.3,2022-01-08 14:00:00
928295,5058,9572,17.14,2022-01-06 20:00:00
508451,9092,3121,7.88,2022-01-04 05:00:00
1223606,8606,9990,156.53,2022-01-08 17:00:00
290758,3182,9812,14.65,2022-01-02 20:00:00
847001,8517,5272,490.95,2022-01-06 08:00:00
1080679,7344,3921,10.81,2022-01-07 19:00:00
896664,5634,9112,138.41,2022-01-06 15:00:00
998663,514,1851,14.55,2022-01-07 07:00:00
462654,1631,7557,196.11,2022-01-03 22:00:00
1162186,4196,5656,16.31,2022-01-08 07:00:00
639105,9784,9016,168.92,2022-01-05 01:00:00
169364,9633,2473,170.36,2022-01-02 02:00:00
995155,8760,5974,124.87,2022-01-07 06:00:00
126384,4484,7708,408.39,2022-01-01 19:00:00
425495,4616,6563,133.19,2022-01-03 16:00:00
207856,3005,7822,18.79,2022-01-02 08:00:00
834420,2179,9990,28.05,2022-01-06 06:00:00
1065772,9438,9485,512.53,2022-01-07 17:00:00
313703,3338,9108,14.13,2022-01-03 00:00:00
373375,2647,6611,146.3,2022-01-03 09:00:00
972972,1966,7990,393.64,2022-01-07 03:00:00
1284760,1040,8672,36.08,2022-01-09 02:00:00
877903,8562,7655,13.02,2022-01-06 13:00:00
864795,9990,3759,209.22,2022-01-06 11:00:00
278531,9654,5448,165.25,2022-01-02 18:00:00
471605,4988,6119,3.66,2022-01-03 23:00:00
208094,6117,2846,10.14,2022-01-02 08:00:00
842953,2030,7990,22.98,2022-01-06 07:00:00
37558,1096,9895,22.21,2022-01-01 06:00:00
944034,9032,933,8.93,2022-01-06 22:00:00
314881,8184,9037,12.63,2022-01-03 00:00:00
515589,2532,5272,15.81,2022-01-04 06:00:00
1224604,2708,2326,141.88,2022-01-08 17:00:00
912142,8403,7011,413.75,2022-01-06 18:00:00
987748,7549,9805,3.65,2022-01-07 05:00:00
1137776,9557,8751,557.95,2022-01-08 04:00:00
1171283,4930,502,3.59,2022-01-08 09:00:00
368971,7559,9367,449.45,2022-01-03 08:00:00
857378,7158,3151,12.53,2022-01-06 09:00:00
395652,3421,9983,507.32,2022-01-03 12:00:00
791727,8221,9967,4.7,2022-01-06 00:00:00
60928,8565,992,4.03,2022-01-01 10:00:00
43371,7181,6575,15.06,2022-01-01 07:00:00
990213,7041,5229,12.63,2022-01-07 06:00:00
939897,7945,9278,18.79,2022-01-06 22:00:00
726778,4148,1466,23.81,2022-01-05 14:00:00
837087,1539,9892,446.75,2022-01-06 06:00:00
354104,9462,9663,473.76,2022-01-03 06:00:00
1001185,9769,9866,191.19,2022-01-07 07:00:00
154457,4465,9488,426.27,2022-01-02 00:00:00
353612,6112,2361,13.18,2022-01-03 05:00:00
1204572,546,2964,414.64,2022-01-08 14:00:00
300665,632,280,129.22,2022-01-02 22:00:00
374904,8783,8657,157.83,2022-01-03 09:00:00
456523,7101,713,10.57,2022-01-03 21:00:00
495810,6572,8684,586.25,2022-01-04 03:00:00
183422,9602,9380,149.35,2022-01-02 04:00:00
44935,7703,9530,2.74,2022-01-01 07:00:00
409678,3019,5515,21.92,2022-01-03 14:00:00
1133631,9769,837,191.19,2022-01-08 03:00:00
888499,8620,9355,139.69,2022-01-06 14:00:00
804261,8432,9246,447.54,2022-01-06 02:00:00
844336,7192,2648,15.97,2022-01-06 07:00:00
430135,4183,6269,20.03,2022-01-03 17:00:00
1138676,4198,3136,24.74,2022-01-08 04:00:00
352128,9785,9014,150.92,2022-01-03 05:00:00
903023,8005,9358,11.91,2022-01-06 16:00:00
76283,7750,8394,169.47,2022-01-01 12:00:00
617839,9718,9813,122.94,2022-01-04 21:00:00
382773,6107,8770,12.76,2022-01-03 10:00:00
1313872,9774,9938,121.25,2022-01-09 06:00:00
590884,3926,5468,17.32,2022-01-04 17:00:00
193391,2080,3247,23.32,2022-01-02 06:00:00
1033439,730,4197,192.13,2022-01-07 12:00:00
773736,5079,3871,11.13,2022-01-05 21:00:00
164320,9151,7975,7.86,2022-01-02 01:00:00
1191823,9775,9806,147.67,2022-01-08 12:00:00
293542,109,6566,36.68,2022-01-02 21:00:00
578028,2675,6229,110.19,2022-01-04 15:00:00
1181404,5071,8529,16.43,2022-01-08 10:00:00
981299,9782,2498,132.44,2022-01-07 04:00:00
954136,6712,9952,152.17,2022-01-07 00:00:00
118625,3678,9725,135.28,2022-01-01 18:00:00
524390,9694,8466,105.93,2022-01-04 07:00:00
1308544,4494,4790,556.89,2022-01-09 05:00:00
829263,4456,9387,427.29,2022-01-06 05:00:00
587624,8048,2476,10.16,2022-01-04 17:00:00
818339,3117,9614,24.32,2022-01-06 04:00:00
381387,1189,9243,31.25,2022-01-03 10:00:00
496682,7400,8046,475.38,2022-01-04 03:00:00
1163762,2209,5753,21474836.47,2022-01-08 08:00:00
186651,9423,709,575.96,2022-01-02 05:00:00
962127,7529,4617,464.89,2022-01-07 01:00:00
1211612,8409,9487,424.2,2022-01-08 15:00:00
461751,7045,2615,13.42,2022-01-03 22:00:00
596762,728,9943,197.07,2022-01-04 18:00:00
1029910,6716,9987,100.88,2022-01-07 11:00:00
634566,9046,5956,8.23,2022-01-05 00:00:00
102422,5699,7649,197.36,2022-01-01 16:00:00
493288,9600,9990,147.99,2022-01-04 03:00:00
145756,8301,9351,19.62,2022-01-01 22:00:00
529047,6511,6818,495.91,2022-01-04 08:00:00
188330,7849,5430,4.47,2022-01-02 05:00:00
223584,3700,8266,156.52,2022-01-02 10:00:00
1186769,7147,2998,10.02,2022-01-08 11:00:00
1191698,2074,9592,33.1,2022-01-08 12:00:00
1226077,8600,9189,123.47,2022-01-08 17:00:00
254028,8587,4184,578.6,2022-01-02 15:00:00
1313046,9599,9821,485.17,2022-01-09 06:00:00
274002,177,9109,42.92,2022-01-02 18:00:00
151640,271,6662,3614.36,2022-01-01 23:00:00
655053,898,5828,306.26,2022-01-05 03:00:00
1265719,1254,4076,21474836.47,2022-01-08 23:00:00
110169,8684,7716,102.15,2022-01-01 17:00:00
612091,8526,7792,414.32,2022-01-04 21:00:00
436947,6065,9469,19.32,2022-01-03 18:00:00
1022367,7674,1480,171.08,2022-01-07 10:00:00
209972,7006,6625,15.4,2022-01-02 08:00:00
682222,1928,7973,4.47,2022-01-05 07:00:00
156915,6538,9971,10.14,2022-01-02 00:00:00
560513,7535,4958,582.27,2022-01-04 13:00:00
28039,8658,9607,163.69,2022-01-01 05:00:00
1243792,1741,4532,138.42,2022-01-08 20:00:00
12538,158,2153,48.07,2022-01-01 02:00:00
87040,5021,9927,14.33,2022-01-01 13:00:00
629710,770,9963,142.69,2022-01-04 23:00:00
415463,6474,9234,400.35,2022-01-03 15:00:00
348034,6616,7572,132.03,2022-01-03 05:00:00
1266790,5213,1314,21474836.47,2022-01-08 23:00:00
1299429,9503,9304,18.06,2022-01-09 04:00:00
372695,3424,7154,409.76,2022-01-03 08:00:00
853468,5456,121,541.27,2022-01-06 09:00:00
1113930,9670,9873,142.78,2022-01-08 00:00:00
441309,2965,9269,4.34,2022-01-03 19:00:00
1143823,2009,8399,32.34,2022-01-08 04:00:00
1058944,8687,5137,195.63,2022-01-07 16:00:00
1249937,9336,5804,2.71,2022-01-08 21:00:00
1217580,9163,3823,6.65,2022-01-08 16:00:00
1209902,9761,4437,111.16,2022-01-08 14:00:00
881490,2890,3837,14.27,2022-01-06 13:00:00
410565,7711,2044,115.8,2022-01-03 14:00:00
402087,7556,4769,3.35,2022-01-03 13:00:00
1167191,6221,4333,21474836.47,2022-01-08 08:00:00
300761,9607,4449,116.05,2022-01-02 22:00:00
1257580,6553,1888,578.11,2022-01-08 22:00:00
229005,7417,1547,459.92,2022-01-02 11:00:00
1086491,5579,4283,572.53,2022-01-07 20:00:00
1103177,7643,9931,119.13,2022-01-07 22:00:00
906619,2437,4384,547.84,2022-01-06 17:00:00
1186457,4138,7160,13.77,2022-01-08 11:00:00
265133,7794,8248,113.2,2022-01-02 16:00:00
489629,9661,9877,183.52,2022-01-04 02:00:00
875351,418,2424,407.19,2022-01-06 12:00:00
301217,5071,9377,11.52,2022-01-02 22:00:00
844513,5096,9472,11.53,2022-01-06 08:00:00
237222,8570,9660,3.78,2022-01-02 12:00:00
938810,7024,1927,17.36,2022-01-06 22:00:00
181632,9548,9562,555.34,2022-01-02 04:00:00
863310,9136,6908,8.9,2022-01-06 10:00:00
429268,8600,9930,123.47,2022-01-03 17:00:00
1121354,8049,3211,7.31,2022-01-08 01:00:00
767860,8110,8858,7.96,2022-01-05 20:00:00
753262,2497,3329,428.85,2022-01-05 18:00:00
670106,8645,9175,186.05,2022-01-05 05:00:00
344650,8022,6177,8.19,2022-01-03 04:00:00
943029,3489,9961,436.8,2022-01-06 22:00:00
764569,9607,373,116.05,2022-01-05 20:00:00
911308,9605,9587,158.11,2022-01-06 18:00:00
1045582,9494,7562,563.65,2022-01-07 14:00:00
1141665,795,4598,124.87,2022-01-08 04:00:00
304034,4519,2765,531.78,2022-01-02 22:00:00
288593,3810,9188,324.95,2022-01-02 20:00:00
414088,9737,2703,181.52,2022-01-03 15:00:00
409380,3461,9795,507.58,2022-01-03 14:00:00
449023,7771,979,117.73,2022-01-03 20:00:00
905206,7193,3450,11.47,2022-01-06 17:00:00
1163206,3109,1307,15.45,2022-01-08 08:00:00
311556,9859,9982,205.17,2022-01-02 23:00:00
25895,6089,1843,15.18,2022-01-01 04:00:00
1144924,2697,9807,127.88,2022-01-08 05:00:00
1059907,9625,9008,199.88,2022-01-07 16:00:00
457890,8729,1541,143.67,2022-01-03 21:00:00
1154708,68,6667,52.52,2022-01-08 06:00:00
1244828,8026,121,10.19,2022-01-08 20:00:00
777462,8629,5725,159.5,2022-01-05 22:00:00
736263,9660,4533,179.33,2022-01-05 15:00:00
668642,1120,9482,31.09,2022-01-05 05:00:00
1060210,9787,6467,190.13,2022-01-07 16:00:00
923490,4647,9190,150.85,2022-01-06 19:00:00
176476,2191,8428,24.72,2022-01-02 03:00:00
563392,8703,9589,125.29,2022-01-04 13:00:00
333994,9837,5956,3.53,2022-01-03 03:00:00
453495,9617,7972,131.91,2022-01-03 21:00:00
799819,9145,7857,8.23,2022-01-06 01:00:00
1217887,5458,4606,439.07,2022-01-08 16:00:00
84759,7029,9669,10.6,2022-01-01 13:00:00
640525,6958,288,268.42,2022-01-05 01:00:00
7246,9684,2627,126.61,2022-01-01 01:00:00
310577,7166,1810,8.94,2022-01-02 23:00:00
700459,9786,6891,101.3,2022-01-05 10:00:00
809717,9640,9996,184.66,2022-01-06 02:00:00
886041,6483,6818,484.54,2022-01-06 14:00:00
277005,9434,4382,585.29,2022-01-02 18:00:00
300586,9081,9366,6.42,2022-01-02 22:00:00
40341,2459,7270,15.86,2022-01-01 06:00:00
124213,4605,3212,125.15,2022-01-01 19:00:00
967651,556,862,589.78,2022-01-07 02:00:00
469119,7706,9948,118.48,2022-01-03 23:00:00
251863,9774,8966,121.25,2022-01-02 14:00:00
1114885,9063,7121,5.42,2022-01-08 00:00:00
527127,9138,2392,5.38,2022-01-04 08:00:00
663712,3573,8246,500.01,2022-01-05 04:00:00
234492,5166,6237,17.35,2022-01-02 12:00:00
1083603,3310,517,11.27,2022-01-07 19:00:00
565520,5066,4289,13.36,2022-01-04 14:00:00
1186241,7739,4522,197.36,2022-01-08 11:00:00
872527,9114,9728,5.03,2022-01-06 12:00:00
1031011,9083,7569,9.78,2022-01-07 12:00:00
859542,7121,5587,12.48,2022-01-06 10:00:00
844326,7192,9750,15.97,2022-01-06 07:00:00
814291,3405,1646,415.36,2022-01-06 03:00:00
639761,9334,1130,2.95,2022-01-05 01:00:00
666667,3194,5378,23.93,2022-01-05 05:00:00
356095,9675,9066,192.17,2022-01-03 06:00:00
29120,7933,9510,11.85,2022-01-01 05:00:00
91629,3388,7451,5409.89,2022-01-01 14:00:00
567133,9570,8794,506.67,2022-01-04 14:00:00
1145464,9781,5995,145.58,2022-01-08 05:00:00
592769,9650,9139,186.11,2022-01-04 18:00:00
1060769,575,4087,449.58,2022-01-07 16:00:00
487775,1056,6852,28.96,2022-01-04 02:00:00
901495,5779,950,112.76,2022-01-06 16:00:00
240506,6190,9600,16.65,2022-01-02 13:00:00
245435,6593,6289,595.54,2022-01-02 13:00:00
485459,5503,9862,423.95,2022-01-04 01:00:00
137840,9016,3594,7.86,2022-01-01 21:00:00
465625,5140,3796,19.79,2022-01-03 22:00:00
748665,9631,9926,137.3,2022-01-05 17:00:00
241610,439,8332,555.28,2022-01-02 13:00:00
199239,4568,1425,428.95,2022-01-02 06:00:00
1114723,4027,3608,23.65,2022-01-08 00:00:00
860557,7631,9626,130.13,2022-01-06 10:00:00
15012,8165,6946,12.92,2022-01-01 02:00:00
790749,6561,1734,565.39,2022-01-06 00:00:00
921805,9758,9442,183.74,2022-01-06 19:00:00
1165470,4476,1943,483.8,2022-01-08 08:00:00
1160433,2791,6207,136.88,2022-01-08 07:00:00
1275526,7194,9967,8.69,2022-01-09 00:00:00
910864,9651,9618,134.69,2022-01-06 18:00:00
946015,5697,7326,145.74,2022-01-06 23:00:00
1248153,56,4247,36.97,2022-01-08 20:00:00
3894,6764,9928,105.75,2022-01-01 00:00:00
738702,3339,9241,146187.64,2022-01-05 16:00:00
1207482,3647,2304,2.7,2022-01-08 14:00:00
1044995,3501,9026,561.52,2022-01-07 14:00:00
1105350,7608,7114,114.04,2022-01-07 23:00:00
1032105,5186,9802,13.32,2022-01-07 12:00:00
167015,7655,9749,143.0,2022-01-02 02:00:00
302685,5625,9146,174.67,2022-01-02 22:00:00
37037,5419,2711,586.76,2022-01-01 06:00:00
1239122,6037,9082,19.03,2022-01-08 19:00:00
237310,9759,6157,197.52,2022-01-02 12:00:00
954568,5763,9094,152.25,2022-01-07 00:00:00
1024633,8798,9596,181.35,2022-01-07 11:00:00
357528,5698,9509,141.66,2022-01-03 06:00:00
1281857,9790,5804,2.71,2022-01-09 01:00:00
280792,6711,7207,194.67,2022-01-02 19:00:00
1082415,9922,1149,3.97,2022-01-07 19:00:00
745549,9904,9663,353.32,2022-01-05 17:00:00
863753,7141,2578,11.12,2022-01-06 10:00:00
407487,8671,1208,109.5,2022-01-03 14:00:00
236607,1672,7741,184.6,2022-01-02 12:00:00
1156443,1789,9512,108.33,2022-01-08 06:00:00
773052,8151,9999,7.0,2022-01-05 21:00:00
1061123,4537,275,482.55,2022-01-07 16:00:00
486543,9999,8767,4.28,2022-01-04 02:00:00
201703,5110,9921,17.7,2022-01-02 07:00:00
528742,1587,2525,490.98,2022-01-04 08:00:00
1282914,3710,7328,116.04,2022-01-09 01:00:00
557852,8169,9038,10.41,2022-01-04 12:00:00
290607,7477,1217,481.97,2022-01-02 20:00:00
555443,9716,9719,101.77,2022-01-04 12:00:00
1257647,1177,2490,27.78,2022-01-08 22:00:00
320800,9653,9968,111.58,2022-01-03 01:00:00
383659,6476,3547,448.07,2022-01-03 10:00:00
442556,8467,9685,557.95,2022-01-03 19:00:00
1131563,9140,9999,8.37,2022-01-08 03:00:00
401267,9755,9948,104.26,2022-01-03 13:00:00
990096,9137,9659,6.9,2022-01-07 06:00:00
535160,8023,7937,11.91,2022-01-04 09:00:00
49767,9651,9000,134.69,2022-01-01 08:00:00
15380,9096,8818,7.99,2022-01-01 02:00:00
1238361,2770,7109,111.66,2022-01-08 19:00:00
1072175,8400,7056,498.92,2022-01-07 18:00:00
1253378,5718,2478,194.25,2022-01-08 21:00:00
521869,7739,2478,197.36,2022-01-04 07:00:00
802344,9000,7870,6.27,2022-01-06 01:00:00
265924,5476,2239,579.78,2022-01-02 16:00:00
1140019,2470,6540,417.05,2022-01-08 04:00:00
650453,2426,1117,499.26,2022-01-05 02:00:00
165692,3032,2645,22.32,2022-01-02 01:00:00
66227,3853,182,18.98,2022-01-01 10:00:00
812309,1305,1027,4.6,2022-01-06 03:00:00
853336,5096,7857,11.53,2022-01-06 09:00:00
327854,7188,9498,16.46,2022-01-03 02:00:00
114512,9670,6170,142.78,2022-01-01 18:00:00
204607,9684,7049,126.61,2022-01-02 07:00:00
1231167,742,2625,120.95,2022-01-08 18:00:00
1064662,7725,8134,100.51,2022-01-07 17:00:00
686816,3464,4173,408.75,2022-01-05 08:00:00
247592,8790,6494,136.02,2022-01-02 14:00:00
685678,1639,9372,159.44,2022-01-05 08:00:00
741484,5034,9793,16.38,2022-01-05 16:00:00
512859,9062,682,7.36,2022-01-04 06:00:00
299124,3010,9338,26.36,2022-01-02 21:00:00
783426,2879,1132,10.44,2022-01-05 22:00:00
1026909,9271,5759,9408165.0,2022-01-07 11:00:00
172428,9792,5999,103.69,2022-01-02 02:00:00
1109411,3739,2283,159.0,2022-01-07 23:00:00
967178,1470,9883,567.71,2022-01-07 02:00:00
639182,3674,2121,144.36,2022-01-05 01:00:00
91332,2685,4507,146.69,2022-01-01 14:00:00
1279250,9099,2929,6.17,2022-01-09 01:00:00
985607,9572,9664,493.67,2022-01-07 05:00:00
587506,2486,9751,535.77,2022-01-04 17:00:00
734898,576,9465,490.69,2022-01-05 15:00:00
347856,531,9980,420.51,2022-01-03 05:00:00
54706,8523,8651,448.8,2022-01-01 09:00:00
137382,5540,4263,17.75,2022-01-01 21:00:00
651803,9027,7839,7.46,2022-01-05 03:00:00
619106,9876,9698,4.82,2022-01-04 22:00:00
673345,5183,8603,16.61,2022-01-05 06:00:00
400109,9812,9697,11.02,2022-01-03 13:00:00
692802,593,9476,494.29,2022-01-05 09:00:00
375177,4024,2013,23.36,2022-01-03 09:00:00
1149109,5842,4011,13.09,2022-01-08 05:00:00
312799,9770,7833,188.38,2022-01-02 23:00:00
281355,2507,6155,556.01,2022-01-02 19:00:00
919256,1124,8084,26.89,2022-01-06 19:00:00
675664,9868,9078,18.54,2022-01-05 06:00:00
774386,9717,9887,183.36,2022-01-05 21:00:00
1105937,1539,9892,446.75,2022-01-07 23:00:00
1244808,2603,6254,130.13,2022-01-08 20:00:00
1187062,9121,3361,6.03,2022-01-08 11:00:00
574880,8303,2520,126579.05,2022-01-04 15:00:00
1149764,6677,9911,10.51,2022-01-08 05:00:00
773036,1161,8853,27.04,2022-01-05 21:00:00
516137,2753,6046,109.95,2022-01-04 06:00:00
618642,4760,4469,113.79,2022-01-04 22:00:00
353801,7093,6289,11.33,2022-01-03 05:00:00
921702,9617,8183,131.91,2022-01-06 19:00:00
481992,8516,9872,471.69,2022-01-04 01:00:00
831556,2428,9964,530.8,2022-01-06 06:00:00
139585,9111,8447,8.87,2022-01-01 21:00:00
733247,8136,9639,13.8,2022-01-05 15:00:00
681158,9745,5897,184.44,2022-01-05 07:00:00
125863,402,331,400.04,2022-01-01 19:00:00
1226610,3917,9620,203.75,2022-01-08 17:00:00
975706,6554,7198,556.01,2022-01-07 03:00:00
311291,8493,6362,442.67,2022-01-02 23:00:00
993876,1589,9652,483.23,2022-01-07 06:00:00
731965,1701,7537,141.92,2022-01-05 15:00:00
601137,195,3463,35.05,2022-01-04 19:00:00
917371,9043,9992,8.65,2022-01-06 19:00:00
19331,5085,6538,13.12,2022-01-01 03:00:00
458343,2703,9787,100.29,2022-01-03 21:00:00
956538,9120,724,4.29,2022-01-07 00:00:00
691856,4522,1327,548.11,2022-01-05 09:00:00
1031493,6733,9587,189.61,2022-01-07 12:00:00
73477,9769,9487,191.19,2022-01-01 11:00:00
207823,3050,747,16.44,2022-01-02 08:00:00
1234059,3605,9372,114.09,2022-01-08 18:00:00
43504,8440,5298,466.26,2022-01-01 07:00:00
99857,9738,9659,139.5,2022-01-01 15:00:00
983475,8530,9135,515.1,2022-01-07 05:00:00
497416,7538,2867,439.02,2022-01-04 03:00:00
728001,6600,8286,140.33,2022-01-05 14:00:00
293306,9986,7164,216.27,2022-01-02 21:00:00
736784,5623,7181,178.53,2022-01-05 15:00:00
830202,9443,9980,494.55,2022-01-06 05:00:00
47705,8012,6292,4.33,2022-01-01 08:00:00
381480,5877,8199,12.15,2022-01-03 10:00:00
841052,7770,7966,185.66,2022-01-06 07:00:00
494869,8094,5594,8.5,2022-01-04 03:00:00
872086,9113,7219,5.61,2022-01-06 12:00:00
319407,4434,9687,491.13,2022-01-03 00:00:00
268637,6583,1931,510.7,2022-01-02 17:00:00
94392,5076,7848,21.97,2022-01-01 14:00:00
754653,2167,3105,32.37,2022-01-05 18:00:00
630877,5100,7346,14.99,2022-01-05 00:00:00
671973,3133,3784,13.63,2022-01-05 06:00:00
1065469,7933,9674,282.89,2022-01-07 17:00:00
1232225,5079,3871,11.13,2022-01-08 18:00:00
1172123,2767,9771,147.88,2022-01-08 09:00:00
564975,6759,9997,117.95,2022-01-04 14:00:00
1224946,3439,9565,558.4,2022-01-08 17:00:00
1248608,4577,9333,416.22,2022-01-08 20:00:00
250737,6134,9976,11.59,2022-01-02 14:00:00
341755,7737,8714,178.86,2022-01-03 04:00:00
73301,5048,8046,15.06,2022-01-01 11:00:00
816562,145,9383,45.28,2022-01-06 03:00:00
98772,5582,9329,11.75,2022-01-01 15:00:00
315479,8403,5100,14.0,2022-01-03 00:00:00
994561,7776,2679,178.13,2022-01-07 06:00:00
908803,3479,3869,584.63,2022-01-06 17:00:00
608197,2744,4152,106.58,2022-01-04 20:00:00
744259,9761,9959,111.16,2022-01-05 16:00:00
543665,4516,9971,523.79,2022-01-04 10:00:00
827944,9906,1027,4.64,2022-01-06 05:00:00
1044986,3166,1498,18.73,2022-01-07 14:00:00
533190,8136,7389,13.8,2022-01-04 09:00:00
183455,1706,7085,123.91,2022-01-02 04:00:00
859299,7057,8299,3.8,2022-01-06 10:00:00
281952,8559,4271,400.72,2022-01-02 19:00:00
680263,9572,9664,493.67,2022-01-05 07:00:00
1151341,6609,6705,109.98,2022-01-08 06:00:00
474030,2202,8504,105190.14,2022-01-04 00:00:00
951920,7133,9468,10.62,2022-01-07 00:00:00
340356,1588,760,467.95,2022-01-03 04:00:00
467352,1582,9125,421.1,2022-01-03 23:00:00
1113851,9644,9726,189.14,2022-01-08 00:00:00
1068060,4464,976,2.61,2022-01-07 17:00:00
264450,9650,8324,186.11,2022-01-02 16:00:00
283224,4112,9998,17.53,2022-01-02 19:00:00
1155135,7273,3816,4.62,2022-01-08 06:00:00
1151935,2412,8881,442.41,2022-01-08 06:00:00
675906,1747,7282,154.19,2022-01-05 06:00:00
604908,9502,8695,477.75,2022-01-04 20:00:00
37440,5179,7972,13.58,2022-01-01 06:00:00
414745,9134,4306,6.18,2022-01-03 15:00:00
26777,9723,6075,134.22,2022-01-01 04:00:00
73858,8004,3075,8.96,2022-01-01 11:00:00
223546,3791,9962,12.48,2022-01-02 10:00:00
851650,7081,7380,14.97,2022-01-06 09:00:00
948238,9798,3543,144.36,2022-01-06 23:00:00
778979,9190,8422,6.38,2022-01-05 22:00:00
175562,6132,8032,4.48,2022-01-02 03:00:00
122483,9704,8368,183.69,2022-01-01 19:00:00
895538,5506,9364,430.98,2022-01-06 15:00:00
1304110,4687,8837,105.4,2022-01-09 05:00:00
1285633,1442,9476,413.76,2022-01-09 02:00:00
189718,9653,9985,111.58,2022-01-02 05:00:00
336406,8079,9496,8.61,2022-01-03 03:00:00
379424,6123,9994,11.52,2022-01-03 09:00:00
524007,575,4087,449.58,2022-01-04 07:00:00
788902,5457,4183,407.23,2022-01-05 23:00:00
148188,3469,2944,530.17,2022-01-01 23:00:00
5439,5770,9777,128.47,2022-01-01 01:00:00
1156826,6192,8868,15.71,2022-01-08 06:00:00
884703,5451,8024,490.79,2022-01-06 14:00:00
1161548,4424,9762,578.23,2022-01-08 07:00:00
613069,7411,8024,442.01,2022-01-04 21:00:00
164509,9779,8036,168.61,2022-01-02 01:00:00
964927,6668,2606,108.76,2022-01-07 02:00:00
723248,8948,8605,16.61,2022-01-05 13:00:00
1040525,7580,6461,423.95,2022-01-07 13:00:00
782652,7764,5710,132.38,2022-01-05 22:00:00
605789,9654,9754,11.25,2022-01-04 20:00:00
655470,4719,9802,169.71,2022-01-05 03:00:00
361744,5189,8755,15.48,2022-01-03 07:00:00
713073,8572,6375,417.41,2022-01-05 12:00:00
641022,9973,2223,3.12,2022-01-05 01:00:00
623256,7019,9769,16.7,2022-01-04 22:00:00
1100676,8716,4758,158.47,2022-01-07 22:00:00
293173,7174,3917,8.71,2022-01-02 20:00:00
48458,5407,9177,488.92,2022-01-01 08:00:00
937845,3241,5657,10.43,2022-01-06 22:00:00
503858,2542,7395,461.26,2022-01-04 04:00:00
680432,9612,8165,178.16,2022-01-05 07:00:00
182969,3633,9979,143.21,2022-01-02 04:00:00
1117167,4007,5431,17.17,2022-01-08 01:00:00
553481,4455,6141,501.41,2022-01-04 12:00:00
130704,4589,7430,580.13,2022-01-01 20:00:00
543695,5552,4628,564.78,2022-01-04 10:00:00
857680,9266,9763,13.5,2022-01-06 09:00:00
286400,9702,4339,193.36,2022-01-02 19:00:00
931110,7092,714,10.62,2022-01-06 21:00:00
128723,8199,6915,8.85,2022-01-01 20:00:00
1126683,797,1974,173.61,2022-01-08 02:00:00
1239960,3442,1789,482.51,2022-01-08 19:00:00
1018097,3640,893,102.18,2022-01-07 10:00:00
504224,7879,2191,308.7,2022-01-04 04:00:00
421658,9776,2272,114.16,2022-01-03 16:00:00
235430,7043,2136,13.6,2022-01-02 12:00:00
771997,1596,8321,496.1,2022-01-05 21:00:00
306452,5513,2540,4.01,2022-01-02 23:00:00
955914,5657,9970,10.43,2022-01-07 00:00:00
106584,7587,5032,415.23,2022-01-01 16:00:00
210908,2840,9100,256.72,2022-01-02 08:00:00
314680,5681,8403,14.0,2022-01-03 00:00:00
495022,7453,9983,524.4,2022-01-04 03:00:00
1029218,6986,2446,210.44,2022-01-07 11:00:00
1073677,1174,1939,28.27,2022-01-07 18:00:00
942511,203,9946,764242.43,2022-01-06 22:00:00
412446,3422,7101,498.72,2022-01-03 14:00:00
538767,3456,9984,3.32,2022-01-04 09:00:00
557853,8169,7171,10.41,2022-01-04 12:00:00
1116884,8057,6635,11.54,2022-01-08 01:00:00
897412,7110,9536,10.5,2022-01-06 16:00:00
84601,8673,1616,125.75,2022-01-01 13:00:00
246837,9628,6415,111.52,2022-01-02 14:00:00
54023,9754,9967,173.49,2022-01-01 08:00:00
89621,9025,7609,5.88,2022-01-01 14:00:00
223612,9445,9883,447.75,2022-01-02 10:00:00
1291783,7440,9982,544.26,2022-01-09 03:00:00
917322,8147,9930,13.31,2022-01-06 19:00:00
252637,9767,7677,127.0,2022-01-02 14:00:00
1149083,6550,286,487.29,2022-01-08 05:00:00
1179878,8721,9495,174.02,2022-01-08 10:00:00
53794,8589,9410,483.95,2022-01-01 08:00:00
132450,8429,7351,453.51,2022-01-01 20:00:00
513815,1162,2949,29.03,2022-01-04 06:00:00
241174,5176,9785,18.41,2022-01-02 13:00:00
1140552,9110,3173,7.35,2022-01-08 04:00:00
213473,8484,6076,413.45,2022-01-02 09:00:00
1047865,909,8238,3.19,2022-01-07 14:00:00
1045425,9523,9289,481.82,2022-01-07 14:00:00
705402,1096,9136,22.21,2022-01-05 11:00:00
523672,8424,4595,558.42,2022-01-04 07:00:00
228944,7617,3121,129.41,2022-01-02 11:00:00
1247610,5488,9177,425.5,2022-01-08 20:00:00
243851,7916,476,15.82,2022-01-02 13:00:00
856662,7095,9688,13.87,2022-01-06 09:00:00
385470,4013,2722,23.14,2022-01-03 10:00:00
589455,431,9576,430.26,2022-01-04 17:00:00
510974,6650,7931,129.13,2022-01-04 05:00:00
57486,5535,9685,450.39,2022-01-01 09:00:00
971703,8118,4403,12.92,2022-01-07 03:00:00
1221672,2524,2298,442.6,2022-01-08 16:00:00
822839,5113,8292,17.09,2022-01-06 04:00:00
827890,4521,8882,462.04,2022-01-06 05:00:00
1222986,7742,5567,148.33,2022-01-08 16:00:00
949099,9299,3527,17.62,2022-01-06 23:00:00
219317,714,9886,192.97,2022-01-02 09:00:00
11780,4573,9103,441.83,2022-01-01 02:00:00
87915,4604,725,18.53,2022-01-01 13:00:00
639379,7138,8537,13.85,2022-01-05 01:00:00
598762,652,4935,162.11,2022-01-04 19:00:00
987708,8053,9801,13.08,2022-01-07 05:00:00
296759,8724,4887,133.14,2022-01-02 21:00:00
1023728,9765,7404,122.3,2022-01-07 10:00:00
267366,1926,9642,300.35,2022-01-02 17:00:00
439491,5016,9911,22.06,2022-01-03 18:00:00
590032,7030,2289,11.51,2022-01-04 17:00:00
359480,5066,8514,13.36,2022-01-03 06:00:00
540552,2409,4708,594.94,2022-01-04 10:00:00
389937,9638,6524,179.27,2022-01-03 11:00:00
1119607,775,1449,149.0,2022-01-08 01:00:00
1068666,3089,9394,23.42,2022-01-07 17:00:00
635557,8439,8552,405.6,2022-01-05 00:00:00
2395,3601,6223,140.1,2022-01-01 00:00:00
291845,9702,3711,3.5,2022-01-02 20:00:00
21270,5405,9048,482.02,2022-01-01 03:00:00
1224111,9986,5261,216.27,2022-01-08 17:00:00
521942,9140,3079,4.59,2022-01-04 07:00:00
172043,8716,9928,158.47,2022-01-02 02:00:00
557441,8589,9410,483.95,2022-01-04 12:00:00
791355,6741,6854,190.61,2022-01-06 00:00:00
881278,9130,8898,6.08,2022-01-06 13:00:00
919555,8947,6383,296.67,2022-01-06 19:00:00
1054614,2488,9961,545.54,2022-01-07 15:00:00
339486,1508,4271,448.7,2022-01-03 03:00:00
296521,5672,9380,129.3,2022-01-02 21:00:00
1128214,3590,9974,15.86,2022-01-08 02:00:00
197784,8552,9344,571.44,2022-01-02 06:00:00
1259293,7502,7120,443.57,2022-01-08 22:00:00
962827,3606,8749,104.55,2022-01-07 01:00:00
637136,1481,5383,476.23,2022-01-05 00:00:00
531062,4762,9728,140.91,2022-01-04 08:00:00
951788,5439,2623,518.54,2022-01-07 00:00:00
1247259,4774,6325,109.37,2022-01-08 20:00:00
568724,5733,6020,151.08,2022-01-04 14:00:00
327248,7791,9573,168.72,2022-01-03 02:00:00
1130358,8439,8552,405.6,2022-01-08 03:00:00
1319162,9758,5062,183.74,2022-01-09 07:00:00
383926,9182,3486,5.46,2022-01-03 10:00:00
853972,2671,9909,178.83,2022-01-06 09:00:00
1641,9700,1162,167.86,2022-01-01 00:00:00
1263065,2489,4608,13.52,2022-01-08 23:00:00
128099,9409,8432,567.46,2022-01-01 20:00:00
247746,6195,830,10.84,2022-01-02 14:00:00
1116203,8902,569,18.68,2022-01-08 00:00:00
328574,5675,7136,194.61,2022-01-03 02:00:00
128695,9608,9868,133.19,2022-01-01 20:00:00
270780,9649,8983,192.25,2022-01-02 17:00:00
537496,6545,2006,530.98,2022-01-04 09:00:00
240271,6417,2537,585.21,2022-01-02 13:00:00
1126513,2636,9999,116.77,2022-01-08 02:00:00
93137,6024,9967,19.84,2022-01-01 14:00:00
999392,8417,5360,578.96,2022-01-07 07:00:00
1105413,4422,2534,547.94,2022-01-07 23:00:00
39761,9936,9843,3.59,2022-01-01 06:00:00
989889,9743,3013,119.45,2022-01-07 05:00:00
451363,1593,1338,564.4,2022-01-03 20:00:00
295992,3409,5185,548.47,2022-01-02 21:00:00
604312,8022,8381,8.19,2022-01-04 19:00:00
350926,2705,9999,183.17,2022-01-03 05:00:00
230736,9127,9243,6.17,2022-01-02 11:00:00
832765,6568,4250,571.9,2022-01-06 06:00:00
645264,7127,6627,9.57,2022-01-05 02:00:00
1314744,9780,3348,164.21,2022-01-09 06:00:00
1027847,1315,1892,4.98,2022-01-07 11:00:00
1309005,8080,9983,13.13,2022-01-09 05:00:00
1075905,8671,2260,109.5,2022-01-07 18:00:00
566633,4667,9096,111.2,2022-01-04 14:00:00
268905,2678,9150,118.22,2022-01-02 17:00:00
692039,1136,2274,2.91,2022-01-05 09:00:00
1047836,4084,9800,20.86,2022-01-07 14:00:00
180459,1526,9641,463.42,2022-01-02 04:00:00
883494,9646,6574,188.13,2022-01-06 13:00:00
594895,7587,5032,415.23,2022-01-04 18:00:00
789747,636,9578,169.69,2022-01-05 23:00:00
32304,9691,9576,140.16,2022-01-01 05:00:00
1289396,5586,5096,474.57,2022-01-09 02:00:00
155727,9730,9888,102.51,2022-01-02 00:00:00
242468,3188,4574,16.26,2022-01-02 13:00:00
195245,2565,1851,590.09,2022-01-02 06:00:00
83590,7239,1043,15.86,2022-01-01 13:00:00
530004,7709,3276,159.27,2022-01-04 08:00:00
1310365,7522,9303,16.9,2022-01-09 06:00:00
1269006,9712,9103,186.19,2022-01-08 23:00:00
395455,7778,9553,177.86,2022-01-03 12:00:00
151496,7789,7011,123.0,2022-01-01 23:00:00
761195,7825,9145,3.46,2022-01-05 19:00:00
901309,581,3526,496.66,2022-01-06 16:00:00
1066521,7774,1670,175.63,2022-01-07 17:00:00
148645,9742,6712,160.02,2022-01-01 23:00:00
1067694,5411,9025,461.97,2022-01-07 17:00:00
571998,1502,7242,598.6,2022-01-04 15:00:00
201619,4040,9931,24.95,2022-01-02 07:00:00
311555,5552,4628,564.78,2022-01-02 23:00:00
826760,6746,9593,139.75,2022-01-06 05:00:00
141669,9542,8750,543.57,2022-01-01 22:00:00
604098,5510,660,468.64,2022-01-04 19:00:00
54594,9610,9032,146.39,2022-01-01 09:00:00
1107646,9916,7453,3.2,2022-01-07 23:00:00
1154259,465,3588,415.07,2022-01-08 06:00:00
49404,4079,6112,10.56,2022-01-01 08:00:00
423620,5184,8612,13.29,2022-01-03 16:00:00
62032,7184,8740,14.66,2022-01-01 10:00:00
1175059,8617,3903,131.17,2022-01-08 09:00:00
493426,7617,9600,129.41,2022-01-04 03:00:00
92098,8001,7663,9.32,2022-01-01 14:00:00
692956,7008,3303,13.28,2022-01-05 09:00:00
92505,5466,9685,500.66,2022-01-01 14:00:00
1254759,7096,7103,10.15,2022-01-08 21:00:00
397765,5038,4704,19.97,2022-01-03 12:00:00
417989,9039,9903,6.85,2022-01-03 15:00:00
296145,8196,5087,10.52,2022-01-02 21:00:00
301783,9677,3894,11.93,2022-01-02 22:00:00
685185,8407,5472,446.05,2022-01-05 08:00:00
260282,8749,9883,113.79,2022-01-02 16:00:00
1130443,7685,9305,149.72,2022-01-08 03:00:00
531528,7775,9437,122.33,2022-01-04 08:00:00
974993,3708,3539,163.27,2022-01-07 03:00:00
38193,4154,9115,13.93,2022-01-01 06:00:00
944079,7040,6351,11.78,2022-01-06 22:00:00
1239769,7314,9616,3.45,2022-01-08 19:00:00
237845,2793,9597,105.8,2022-01-02 12:00:00
1060150,2055,1410,21.03,2022-01-07 16:00:00
599158,9803,6794,4.61,2022-01-04 19:00:00
1245118,3500,1326,476.51,2022-01-08 20:00:00
349276,4636,2220,167.86,2022-01-03 05:00:00
888850,2261,5396,921227.5,2022-01-06 14:00:00
970275,481,1612,422.69,2022-01-07 03:00:00
671643,3416,9953,521.11,2022-01-05 06:00:00
966274,2479,523,493.13,2022-01-07 02:00:00
192893,9610,8899,146.39,2022-01-02 05:00:00
647108,4560,4529,473.32,2022-01-05 02:00:00
704941,9498,7220,494.6,2022-01-05 11:00:00
886985,9024,9792,8.82,2022-01-06 14:00:00
962564,8086,7254,12.76,2022-01-07 01:00:00
451211,4162,4103,17.2,2022-01-03 20:00:00
1169048,8863,2664,16.7,2022-01-08 08:00:00
514918,9754,5448,173.49,2022-01-04 06:00:00
256192,5118,9805,14.43,2022-01-02 15:00:00
1197478,9448,8299,426.42,2022-01-08 13:00:00
787573,2658,9902,147.28,2022-01-05 23:00:00
1226797,9627,8117,140.52,2022-01-08 17:00:00
174835,7712,2646,133.11,2022-01-02 03:00:00
523801,4135,9402,17.73,2022-01-04 07:00:00
1234316,8131,3374,9.07,2022-01-08 18:00:00
733454,9712,9915,186.19,2022-01-05 15:00:00
204072,9500,7860,575.41,2022-01-02 07:00:00
1182831,4693,8301,113.77,2022-01-08 10:00:00
566222,7649,7972,2.8,2022-01-04 14:00:00
825452,768,1869,144.05,2022-01-06 05:00:00
1244236,1637,9828,192.3,2022-01-08 20:00:00
1073421,9127,9968,6.17,2022-01-07 18:00:00
263702,9797,5755,141.02,2022-01-02 16:00:00
89679,8663,2190,128.3,2022-01-01 14:00:00
434628,4695,5926,120.44,2022-01-03 18:00:00
142573,2039,9809,26.8,2022-01-01 22:00:00
336930,7124,3635,13.81,2022-01-03 03:00:00
903740,6667,9966,197.19,2022-01-06 16:00:00
1253723,8320,7357,4.03,2022-01-08 21:00:00
394852,2785,7592,154.82,2022-01-03 12:00:00
1240418,9157,5935,6.27,2022-01-08 19:00:00
409638,1797,6263,111.47,2022-01-03 14:00:00
7140,2766,7949,103.79,2022-01-01 01:00:00
80426,9586,5162,469.23,2022-01-01 12:00:00
842911,1110,9464,26.12,2022-01-06 07:00:00
108265,2065,6921,18.71,2022-01-01 17:00:00
620026,1451,3849,562.36,2022-01-04 22:00:00
252711,9108,4007,5.72,2022-01-02 14:00:00
1073039,3766,6812,151.36,2022-01-07 18:00:00
911129,1682,4688,170.41,2022-01-06 18:00:00
1027657,2047,8957,18.53,2022-01-07 11:00:00
356171,283,1301,5949.03,2022-01-03 06:00:00
264032,9421,6252,479.82,2022-01-02 16:00:00
998220,4519,2765,531.78,2022-01-07 07:00:00
906400,2760,2192,191.82,2022-01-06 17:00:00
1102506,5584,9772,438.98,2022-01-07 22:00:00
239033,5726,3680,133.61,2022-01-02 12:00:00
664564,3406,8695,513.89,2022-01-05 05:00:00
483457,4643,9710,3.19,2022-01-04 01:00:00
663043,6439,550,464.08,2022-01-05 04:00:00
898525,8737,5585,104.93,2022-01-06 16:00:00
308781,7752,9982,141.64,2022-01-02 23:00:00
124457,5453,9421,590.71,2022-01-01 19:00:00
516029,9651,9618,134.69,2022-01-04 06:00:00
156480,9576,4095,409.75,2022-01-02 00:00:00
297617,7729,7940,163.97,2022-01-02 21:00:00
875660,8605,9994,189.78,2022-01-06 12:00:00
424301,5649,9967,188.07,2022-01-03 16:00:00
348260,6735,6976,16.04,2022-01-03 05:00:00
257945,1047,6611,32.55,2022-01-02 15:00:00
1063553,6132,9849,15.59,2022-01-07 16:00:00
1243887,6751,7751,167.88,2022-01-08 20:00:00
79587,4237,9639,16.8,2022-01-01 12:00:00
911643,5083,5230,12.56,2022-01-06 18:00:00
1089037,9287,1224,4.13,2022-01-07 20:00:00
645476,7027,9971,11.92,2022-01-05 02:00:00
187042,1513,9784,476.77,2022-01-02 05:00:00
174608,9773,3011,179.07,2022-01-02 03:00:00
358684,7746,4451,171.88,2022-01-03 06:00:00
331881,8096,8389,8.31,2022-01-03 02:00:00
1183299,7053,9955,10.64,2022-01-08 11:00:00
475697,7703,3033,4.15,2022-01-04 00:00:00
942714,8718,997,145.97,2022-01-06 22:00:00
427630,6503,9785,439.1,2022-01-03 17:00:00
815356,7600,9726,119.54,2022-01-06 03:00:00
864888,8774,9440,165.19,2022-01-06 11:00:00
1131567,1946,8124,10.51,2022-01-08 03:00:00
469759,6334,8180,53566.87,2022-01-03 23:00:00
1236390,1971,9876,251.27,2022-01-08 19:00:00
314141,5791,2517,161.94,2022-01-03 00:00:00
764300,9795,8140,146.25,2022-01-05 20:00:00
784751,9655,9876,107.23,2022-01-05 23:00:00
1244350,5109,8170,17.79,2022-01-08 20:00:00
159975,4154,9115,13.93,2022-01-02 00:00:00
108289,7676,8874,144.71,2022-01-01 17:00:00
404327,86,5933,4.18,2022-01-03 13:00:00
187632,3207,4652,4747.54,2022-01-02 05:00:00
139231,9191,8265,5.39,2022-01-01 21:00:00
328811,2706,9918,186.69,2022-01-03 02:00:00
1268791,699,9629,105.69,2022-01-08 23:00:00
669150,8022,1659,8.19,2022-01-05 05:00:00
836528,9524,9840,507.82,2022-01-06 06:00:00
122516,4429,9970,515.14,2022-01-01 19:00:00
554456,8298,9759,19.22,2022-01-04 12:00:00
1129192,3429,8652,514.97,2022-01-08 02:00:00
1266890,2733,9801,158.61,2022-01-08 23:00:00
270856,9164,4426,8.84,2022-01-02 17:00:00
325817,3039,9914,18.99,2022-01-03 01:00:00
519122,9676,8392,123.52,2022-01-04 07:00:00
979920,7288,9663,7790060.5,2022-01-07 04:00:00
891108,5454,7264,451.89,2022-01-06 15:00:00
272111,1727,2536,199.3,2022-01-02 17:00:00
945746,9177,8818,8.68,2022-01-06 23:00:00
265421,8623,8700,16.51,2022-01-02 16:00:00
976347,8021,3880,7.21,2022-01-07 03:00:00
221275,2724,4019,167.33,2022-01-02 10:00:00
544994,737,8895,145.57,2022-01-04 10:00:00
533539,3098,9631,3.81,2022-01-04 09:00:00
506566,7010,8821,16.2,2022-01-04 05:00:00
406833,3102,8715,24.38,2022-01-03 14:00:00
826149,588,1784,553.72,2022-01-06 05:00:00
382168,4464,8244,456.89,2022-01-03 10:00:00
371594,1072,7922,21.81,2022-01-03 08:00:00
766171,9623,9904,154.91,2022-01-05 20:00:00
1131950,7170,9647,8.35,2022-01-08 03:00:00
1015902,9664,5464,117.54,2022-01-07 09:00:00
1088994,3219,8994,6900675.5,2022-01-07 20:00:00
1127653,8514,5066,497.26,2022-01-08 02:00:00
532708,1511,2458,499.85,2022-01-04 09:00:00
425482,4619,5278,165.89,2022-01-03 16:00:00
612567,2451,1130,2.95,2022-01-04 21:00:00
1225581,7664,1507,197.61,2022-01-08 17:00:00
1146169,1595,3504,449.69,2022-01-08 05:00:00
130657,7006,6625,15.4,2022-01-01 20:00:00
1003407,6108,9111,13.16,2022-01-07 07:00:00
497890,8567,9234,548.95,2022-01-04 03:00:00
1115320,4477,8024,574.88,2022-01-08 00:00:00
354328,8743,8367,156.97,2022-01-03 06:00:00
1095134,4514,4393,533.16,2022-01-07 21:00:00
401165,9768,5982,161.94,2022-01-03 13:00:00
596564,9165,6217,5.01,2022-01-04 18:00:00
556196,9467,2997,4.75,2022-01-04 12:00:00
594707,7544,9881,512.29,2022-01-04 18:00:00
894801,7157,9887,9.51,2022-01-06 15:00:00
731533,9999,9982,317.64,2022-01-05 15:00:00
900222,2503,2713,10.18,2022-01-06 16:00:00
542527,9793,8616,177.08,2022-01-04 10:00:00
829403,7085,7434,11.4,2022-01-06 05:00:00
817004,9693,9952,159.42,2022-01-06 03:00:00
1105420,3612,8906,139.38,2022-01-07 23:00:00
68614,5557,7708,555.59,2022-01-01 11:00:00
960164,8703,9589,125.29,2022-01-07 01:00:00
640543,9160,479,6.5,2022-01-05 01:00:00
1305509,9084,4381,5.2,2022-01-09 05:00:00
286730,8734,7331,106.87,2022-01-02 19:00:00
608562,5690,9926,153.91,2022-01-04 20:00:00
397040,2818,3004,10.1,2022-01-03 12:00:00
942172,6612,3048,182.55,2022-01-06 22:00:00
685748,6606,8640,116.87,2022-01-05 08:00:00
1063147,7406,5186,475.26,2022-01-07 16:00:00
502672,8637,6941,146.33,2022-01-04 04:00:00
551724,1442,9476,413.76,2022-01-04 11:00:00
45667,36,4394,85.98,2022-01-01 07:00:00
995907,7383,6251,2108568.0,2022-01-07 06:00:00
728296,2521,8674,518.51,2022-01-05 14:00:00
237537,7590,8366,435.0,2022-01-02 12:00:00
603783,1564,8039,540.77,2022-01-04 19:00:00
945136,563,1423,458.66,2022-01-06 23:00:00
807108,9847,6673,207.75,2022-01-06 02:00:00
490867,9007,794,5.41,2022-01-04 02:00:00
593936,7638,2930,110.5,2022-01-04 18:00:00
653109,9447,4293,520.83,2022-01-05 03:00:00
803244,766,9971,141.39,2022-01-06 01:00:00
552739,9035,5984,8.84,2022-01-04 12:00:00
770573,989,1899,264.6,2022-01-05 20:00:00
86861,4641,9920,129.88,2022-01-01 13:00:00
1097449,709,5525,145.83,2022-01-07 22:00:00
626495,6151,9981,15.07,2022-01-04 23:00:00
644518,7415,9476,519.75,2022-01-05 02:00:00
1223128,1448,7362,445.92,2022-01-08 17:00:00
238026,7488,9993,592.48,2022-01-02 12:00:00
617799,6009,7103,16.57,2022-01-04 21:00:00
1126793,8744,8569,174.22,2022-01-08 02:00:00
706360,8618,1486,149.16,2022-01-05 11:00:00
960847,2557,8300,421.39,2022-01-07 01:00:00
636062,2191,4144,24.72,2022-01-05 00:00:00
385538,4090,3070,23.4,2022-01-03 10:00:00
1279014,7574,6340,455.19,2022-01-09 01:00:00
943825,9977,3858,13.02,2022-01-06 22:00:00
398658,6875,7154,372.05,2022-01-03 12:00:00
812905,3024,2297,16.36,2022-01-06 03:00:00
1166752,4527,9004,440.11,2022-01-08 08:00:00
1159403,8934,7770,383.14,2022-01-08 07:00:00
461466,3552,9766,438.95,2022-01-03 22:00:00
511402,8180,226,8.78,2022-01-04 05:00:00
855696,1627,8382,119.2,2022-01-06 09:00:00
1057423,3630,9565,114.54,2022-01-07 16:00:00
553716,2769,2149,110.66,2022-01-04 12:00:00
1032426,9984,7564,200.97,2022-01-07 12:00:00
774653,2668,5831,132.36,2022-01-05 21:00:00
833809,7639,9986,144.53,2022-01-06 06:00:00
463630,3495,6142,460.95,2022-01-03 22:00:00
1257919,6225,6199,19699970.0,2022-01-08 22:00:00
458783,7264,9321,3.7,2022-01-03 21:00:00
180853,7158,9450,12.53,2022-01-02 04:00:00
131875,5093,6447,21.43,2022-01-01 20:00:00
1120537,4741,8812,120.75,2022-01-08 01:00:00
769577,6599,8990,524.58,2022-01-05 20:00:00
728621,8690,4404,138.89,2022-01-05 14:00:00
1178755,5638,9985,123.58,2022-01-08 10:00:00
290319,5622,546,158.89,2022-01-02 20:00:00
515930,2095,9431,30.51,2022-01-04 06:00:00
431096,9764,9356,195.19,2022-01-03 17:00:00
484081,6105,5389,17.65,2022-01-04 01:00:00
200704,5603,7197,117.98,2022-01-02 07:00:00
987509,7618,8448,103.98,2022-01-07 05:00:00
576153,2109,6847,25.12,2022-01-04 15:00:00
407621,5755,9320,100.0,2022-01-03 14:00:00
701172,1033,9672,38.47,2022-01-05 10:00:00
379838,2922,662,266.95,2022-01-03 09:00:00
157419,6377,2754,16.45,2022-01-02 00:00:00
907173,7587,5032,415.23,2022-01-06 17:00:00
494378,6791,9853,198.83,2022-01-04 03:00:00
128789,9700,9875,167.86,2022-01-01 20:00:00
1247692,4530,1657,535.4,2022-01-08 20:00:00
771099,7703,9875,192.82,2022-01-05 21:00:00
539310,5005,7250,17.88,2022-01-04 10:00:00
912435,9670,6170,142.78,2022-01-06 18:00:00
921293,6675,2473,154.33,2022-01-06 19:00:00
456123,9603,7516,109.08,2022-01-03 21:00:00
875772,8467,9685,557.95,2022-01-06 12:00:00
1214501,2623,5439,111.5,2022-01-08 15:00:00
5080,3574,7330,484.44,2022-01-01 01:00:00
944477,1663,8447,188.53,2022-01-06 23:00:00
990595,4561,8760,495.97,2022-01-07 06:00:00
1172783,663,2865,100.63,2022-01-08 09:00:00
114425,6006,9938,15.47,2022-01-01 18:00:00
423612,5172,5232,16.19,2022-01-03 16:00:00
73005,5610,6845,134.05,2022-01-01 11:00:00
719311,8150,9901,7.7,2022-01-05 13:00:00
948112,4356,8069,5441831.0,2022-01-06 23:00:00
174662,7710,3580,111.37,2022-01-02 03:00:00
1147134,8615,9517,104.56,2022-01-08 05:00:00
500139,8569,496,11.4,2022-01-04 04:00:00
1021920,4691,9704,127.98,2022-01-07 10:00:00
418574,5499,8330,575.66,2022-01-03 15:00:00
433102,7673,9857,138.14,2022-01-03 17:00:00
708872,8056,3234,14.48,2022-01-05 11:00:00
964371,9766,7921,108.37,2022-01-07 02:00:00
942261,7264,2399,11.68,2022-01-06 22:00:00
455857,3662,1790,134.02,2022-01-03 21:00:00
329136,9028,6717,7.58,2022-01-03 02:00:00
839550,1599,3109,544.67,2022-01-06 07:00:00
190488,3174,7064,19.92,2022-01-02 05:00:00
416786,2709,4526,13.42,2022-01-03 15:00:00
38346,2589,7187,597.28,2022-01-01 06:00:00
1048398,3222,6175,14.81,2022-01-07 14:00:00
1001652,1045,7581,28.0,2022-01-07 07:00:00
119026,3719,8421,166.77,2022-01-01 18:00:00
642801,4408,5320,466.2,2022-01-05 01:00:00
914312,3568,8475,560.9,2022-01-06 18:00:00
1238204,2448,9520,545.13,2022-01-08 19:00:00
725227,7693,7322,143.77,2022-01-05 14:00:00
1315194,6459,8057,400.11,2022-01-09 06:00:00
403648,5170,123,21.51,2022-01-03 13:00:00
400136,9114,9728,5.03,2022-01-03 13:00:00
1037845,8675,1695,178.66,2022-01-07 13:00:00
69549,8122,7085,11.55,2022-01-01 11:00:00
790433,1033,1826,38.47,2022-01-05 23:00:00
430748,4651,9269,4.62,2022-01-03 17:00:00
9557,9669,4311,140.47,2022-01-01 01:00:00
309847,8560,8266,563.25,2022-01-02 23:00:00
730243,6698,8985,131.83,2022-01-05 14:00:00
1016247,8001,9813,9.32,2022-01-07 09:00:00
1138084,6670,9180,127.38,2022-01-08 04:00:00
1284658,3737,9857,3.25,2022-01-09 02:00:00
973553,5016,6900,22.06,2022-01-07 03:00:00
132341,7344,9110,1329.81,2022-01-01 20:00:00
481905,3680,7060,135.83,2022-01-04 01:00:00
1229234,9130,4064,6.08,2022-01-08 17:00:00
543124,9617,7972,2.75,2022-01-04 10:00:00
740503,9711,9222,187.85,2022-01-05 16:00:00
1200609,8501,7880,568.7,2022-01-08 13:00:00
430344,2530,4583,595.83,2022-01-03 17:00:00
907269,6949,6400,4.83,2022-01-06 17:00:00
1162085,7610,6224,156.08,2022-01-08 07:00:00
1066890,6423,9982,465.41,2022-01-07 17:00:00
908666,9770,8198,188.38,2022-01-06 17:00:00
324057,368,1001,19.6,2022-01-03 01:00:00
614316,6449,7660,573.2,2022-01-04 21:00:00
260872,6693,9901,132.36,2022-01-02 16:00:00
1235939,3164,9990,22.11,2022-01-08 18:00:00
212771,9731,7858,150.02,2022-01-02 08:00:00
498392,5034,4237,16.38,2022-01-04 03:00:00
726448,9799,3907,16.61,2022-01-05 14:00:00
780098,6978,7781,397.95,2022-01-05 22:00:00
895859,9577,8773,427.82,2022-01-06 15:00:00
84813,8135,1353,10.02,2022-01-01 13:00:00
1140400,3557,7253,475.69,2022-01-08 04:00:00
643546,4186,6910,4.3,2022-01-05 01:00:00
442333,2281,3485,105672.18,2022-01-03 19:00:00
338521,9011,7018,5.81,2022-01-03 03:00:00
511626,2767,9219,147.88,2022-01-04 05:00:00
649659,5077,4537,12.19,2022-01-05 02:00:00
1041007,6018,514,14.55,2022-01-07 13:00:00
143796,4650,6718,195.72,2022-01-01 22:00:00
147223,8194,9763,10.88,2022-01-01 22:00:00
171642,211,7217,785.22,2022-01-02 02:00:00
877072,8822,5283,234.67,2022-01-06 12:00:00
794428,4405,8960,590.72,2022-01-06 00:00:00
1118037,9788,2750,158.57,2022-01-08 01:00:00
437420,1664,4692,133.8,2022-01-03 18:00:00
652043,7547,6064,548.45,2022-01-05 03:00:00
388767,306,9468,9090.93,2022-01-03 11:00:00
1204180,6066,3313,21.36,2022-01-08 14:00:00
991950,9136,8348,8.9,2022-01-07 06:00:00
684345,509,8311,534.75,2022-01-05 07:00:00
923581,509,8311,534.75,2022-01-06 20:00:00
392902,2699,7371,102.27,2022-01-03 11:00:00
950288,1668,3487,135.64,2022-01-06 23:00:00
865047,7727,2805,178.11,2022-01-06 11:00:00
1166605,4445,2976,509.22,2022-01-08 08:00:00
1257715,9281,9784,13.93,2022-01-08 22:00:00
799065,5082,9616,17.02,2022-01-06 01:00:00
1299953,7747,7269,107.94,2022-01-09 04:00:00
988320,2673,6307,16.42,2022-01-07 05:00:00
1255622,9645,9992,186.17,2022-01-08 21:00:00
884927,8188,9865,13.87,2022-01-06 14:00:00
895393,3364,9347,3186251.0,2022-01-06 15:00:00
1163488,475,8688,563.88,2022-01-08 08:00:00
39745,7632,2562,147.6,2022-01-01 06:00:00
150390,8745,5202,127.45,2022-01-01 23:00:00
984853,2693,9837,171.91,2022-01-07 05:00:00
560815,9056,1127,5.41,2022-01-04 13:00:00
1071938,6003,8051,15.3,2022-01-07 18:00:00
761957,7241,7223,14.1,2022-01-05 19:00:00
1261139,5788,1332,180.36,2022-01-08 22:00:00
865194,4438,8823,11.1,2022-01-06 11:00:00
507459,7564,6001,566.58,2022-01-04 05:00:00
802220,5237,8894,15.31,2022-01-06 01:00:00
859442,9114,9953,5.03,2022-01-06 10:00:00
594894,5028,8607,18.07,2022-01-04 18:00:00
1312194,8854,9750,3.28,2022-01-09 06:00:00
686167,8768,8457,178.69,2022-01-05 08:00:00
695504,5263,6560,1203595.75,2022-01-05 09:00:00
557023,9044,9523,5.04,2022-01-04 12:00:00
294707,8519,9422,550.28,2022-01-02 21:00:00
908514,8783,9602,157.83,2022-01-06 17:00:00
949743,7767,9582,122.87,2022-01-06 23:00:00
754840,5085,9984,13.12,2022-01-05 18:00:00
345824,8425,9695,535.91,2022-01-03 04:00:00
183509,2302,4954,11667.86,2022-01-02 04:00:00
1106930,1499,6450,471.83,2022-01-07 23:00:00
604574,9173,7132,6.04,2022-01-04 19:00:00
1197514,3681,9933,194.78,2022-01-08 13:00:00
499588,9530,7300,487.54,2022-01-04 04:00:00
896093,525,8919,458.52,2022-01-06 15:00:00
1166951,3033,3816,3.79,2022-01-08 08:00:00
434190,1456,9532,511.73,2022-01-03 18:00:00
482812,8093,9855,13.39,2022-01-04 01:00:00
1135681,9712,1784,186.19,2022-01-08 03:00:00
1215004,8940,4698,2.92,2022-01-08 15:00:00
754252,373,9890,513836.4,2022-01-05 18:00:00
750913,9612,8249,178.16,2022-01-05 17:00:00
1242347,3396,4146,4.0,2022-01-08 19:00:00
256253,8965,3142,4.05,2022-01-02 15:00:00
1283439,7606,5020,130.41,2022-01-09 01:00:00
543609,8529,4282,416.02,2022-01-04 10:00:00
747473,9622,6336,147.66,2022-01-05 17:00:00
437059,7726,3655,125.23,2022-01-03 18:00:00
150455,3102,6142,24.38,2022-01-01 23:00:00
356375,8768,7086,178.69,2022-01-03 06:00:00
731170,9919,9983,245.49,2022-01-05 15:00:00
239733,9618,1633,173.36,2022-01-02 13:00:00
594147,4417,8871,443.38,2022-01-04 18:00:00
510723,7044,523,16.43,2022-01-04 05:00:00
532368,7595,9975,455.54,2022-01-04 09:00:00
62815,5025,9954,13.71,2022-01-01 10:00:00
217744,3055,7648,14.39,2022-01-02 09:00:00
1319697,9694,5365,105.93,2022-01-09 07:00:00
997810,3367,8417,2112929.0,2022-01-07 07:00:00
595496,6796,9994,181.52,2022-01-04 18:00:00
509225,6757,7045,110.11,2022-01-04 05:00:00
70698,9082,8720,8.37,2022-01-01 11:00:00
140782,9799,3516,138.71,2022-01-01 22:00:00
283555,1629,3100,178.69,2022-01-02 19:00:00
174625,6192,8891,15.71,2022-01-02 03:00:00
502782,4702,8276,108.87,2022-01-04 04:00:00
344194,6648,9904,198.3,2022-01-03 04:00:00
282129,4592,6917,540.29,2022-01-02 19:00:00
94852,7866,9932,18.98,2022-01-01 15:00:00
1278160,9726,5948,147.44,2022-01-09 01:00:00
1006454,9892,6077,399.57,2022-01-07 08:00:00
501549,5739,4144,116.98,2022-01-04 04:00:00
1302087,536,4993,560.88,2022-01-09 04:00:00
780893,3408,808,443.19,2022-01-05 22:00:00
159308,9439,7981,434.64,2022-01-02 00:00:00
82001,5697,2985,145.74,2022-01-01 13:00:00
46967,6621,2437,183.88,2022-01-01 07:00:00
974488,2750,9981,182.17,2022-01-07 03:00:00
48181,1478,8222,514.72,2022-01-01 08:00:00
811014,6492,7494,13.1,2022-01-06 02:00:00
1026522,9492,6555,514.5,2022-01-07 11:00:00
901580,1130,9845,25.21,2022-01-06 16:00:00
428012,9843,9784,314.48,2022-01-03 17:00:00
1250752,3179,6542,21.34,2022-01-08 21:00:00
173539,8086,5976,12.76,2022-01-02 03:00:00
397736,388,8465,23349.1,2022-01-03 12:00:00
1038633,7193,5886,11.47,2022-01-07 13:00:00
281265,7651,9817,149.16,2022-01-02 19:00:00
164611,5574,3925,425.42,2022-01-02 01:00:00
219848,8085,7417,8.02,2022-01-02 09:00:00
1046712,5519,9177,461.39,2022-01-07 14:00:00
47322,485,9477,587.15,2022-01-01 07:00:00
691695,7610,7716,156.08,2022-01-05 09:00:00
83490,4026,7466,3.94,2022-01-01 13:00:00
811169,7606,4372,130.41,2022-01-06 03:00:00
566869,6060,1789,16.9,2022-01-04 14:00:00
1023452,4046,4862,18.7,2022-01-07 10:00:00
841100,4788,6235,100.73,2022-01-06 07:00:00
784903,6558,2734,577.77,2022-01-05 23:00:00
231137,9738,2101,139.5,2022-01-02 11:00:00
216620,6680,5466,118.01,2022-01-02 09:00:00
1114151,9709,9318,176.14,2022-01-08 00:00:00
588432,666,9776,199.97,2022-01-04 17:00:00
680178,9718,9939,122.94,2022-01-05 07:00:00
804556,6438,9740,475.75,2022-01-06 02:00:00
275844,486,5543,483.13,2022-01-02 18:00:00
748329,5683,4756,13.43,2022-01-05 17:00:00
583763,9597,9201,516.85,2022-01-04 16:00:00
358019,9730,9722,102.51,2022-01-03 06:00:00
181257,6541,8530,572.11,2022-01-02 04:00:00
848879,8574,4592,478.51,2022-01-06 08:00:00
76215,9899,4758,3.09,2022-01-01 12:00:00
1054366,7368,6616,4451531.5,2022-01-07 15:00:00
167508,3556,9557,437.6,2022-01-02 02:00:00
340549,9033,9984,5.88,2022-01-03 04:00:00
1044229,1140,8818,31.71,2022-01-07 14:00:00
1031678,7145,9197,9.3,2022-01-07 12:00:00
189432,8409,2410,19.92,2022-01-02 05:00:00
139339,7033,6057,17.61,2022-01-01 21:00:00
54785,8532,7466,4.02,2022-01-01 09:00:00
845147,9736,6311,141.24,2022-01-06 08:00:00
1201940,4798,8099,169.32,2022-01-08 13:00:00
1157317,3979,9870,322.67,2022-01-08 07:00:00
812651,3740,9683,172.64,2022-01-06 03:00:00
138413,9720,842,114.62,2022-01-01 21:00:00
999218,6081,7480,10.18,2022-01-07 07:00:00
1279474,5153,2881,18.47,2022-01-09 01:00:00
773228,8707,3539,110.19,2022-01-05 21:00:00
331910,6694,3711,3.5,2022-01-03 02:00:00
749505,6718,5958,161.61,2022-01-05 17:00:00
493170,8290,242,116806.5,2022-01-04 03:00:00
593386,9749,5949,127.41,2022-01-04 18:00:00
106917,9732,6804,121.75,2022-01-01 16:00:00
900017,9297,4718,3438587.25,2022-01-06 16:00:00
982013,5522,9443,475.35,2022-01-07 04:00:00
460591,9749,7881,127.41,2022-01-03 22:00:00
712971,4540,9763,546.53,2022-01-05 12:00:00
450036,569,4491,537.64,2022-01-03 20:00:00
303465,2159,3711,3.5,2022-01-02 22:00:00
819027,7645,9524,192.8,2022-01-06 04:00:00
1111933,5501,1478,587.47,2022-01-08 00:00:00
790449,2182,9418,19.34,2022-01-06 00:00:00
1170996,6164,8347,12.9,2022-01-08 09:00:00
596803,6773,7545,129.83,2022-01-04 18:00:00
1215794,9740,3049,115.29,2022-01-08 15:00:00
759106,1165,7429,39.74,2022-01-05 19:00:00
354449,4536,2698,414.79,2022-01-03 06:00:00
165100,5145,1871,17.76,2022-01-02 01:00:00
1016219,9706,9613,195.6,2022-01-07 09:00:00
112206,3561,9961,592.28,2022-01-01 17:00:00
122830,4744,9986,185.27,2022-01-01 19:00:00
722921,2576,4617,466.07,2022-01-05 13:00:00
262615,6695,1812,10.53,2022-01-02 16:00:00
883192,9822,9982,300.76,2022-01-06 13:00:00
595938,2751,2997,4.75,2022-01-04 18:00:00
1126609,7102,8475,16.57,2022-01-08 02:00:00
1229450,1508,4271,448.7,2022-01-08 17:00:00
452645,2848,8526,3.13,2022-01-03 21:00:00
1019076,4859,1809,13.15,2022-01-07 10:00:00
882694,5700,8096,155.66,2022-01-06 13:00:00
753679,9730,5032,102.51,2022-01-05 18:00:00
102517,6529,8432,427.86,2022-01-01 16:00:00
847445,1542,7440,400.89,2022-01-06 08:00:00
634831,6514,9485,552.15,2022-01-05 00:00:00
464164,7616,9982,166.69,2022-01-03 22:00:00
1080905,3863,8205,252.86,2022-01-07 19:00:00
958114,9672,5228,179.36,2022-01-07 01:00:00
6274,2771,9345,181.47,2022-01-01 01:00:00
1311585,7402,9972,474.77,2022-01-09 06:00:00
824686,8485,7022,462.51,2022-01-06 05:00:00
1089688,9730,8575,102.51,2022-01-07 20:00:00
471825,5477,3207,534.8,2022-01-03 23:00:00
81087,5597,9355,546.47,2022-01-01 12:00:00
405003,1551,4260,569.21,2022-01-03 13:00:00
300733,6647,5561,194.11,2022-01-02 22:00:00
1123741,2222,9656,20816422.0,2022-01-08 02:00:00
735558,8765,692,128.82,2022-01-05 15:00:00
18776,5697,4465,145.74,2022-01-01 03:00:00
646367,9651,9989,134.69,2022-01-05 02:00:00
490099,5640,2723,197.61,2022-01-04 02:00:00
262251,1078,9910,35.5,2022-01-02 16:00:00
1265608,4852,9991,306.98,2022-01-08 23:00:00
978765,4596,9895,530.39,2022-01-07 04:00:00
91024,8087,8189,13.82,2022-01-01 14:00:00
1158462,2717,7852,176.14,2022-01-08 07:00:00
1002628,8453,6098,481.14,2022-01-07 07:00:00
267177,3451,9417,3.78,2022-01-02 17:00:00
1045903,111,2576,56.59,2022-01-07 14:00:00
78927,9044,7327,5.04,2022-01-01 12:00:00
10924,9701,9918,163.08,2022-01-01 02:00:00
44428,5008,9736,17.93,2022-01-01 07:00:00
1052959,7553,2416,467.29,2022-01-07 15:00:00
3384,5160,8993,17.59,2022-01-01 00:00:00
488004,6418,1600,469.42,2022-01-04 02:00:00
310586,7166,5381,8.94,2022-01-02 23:00:00
38872,6006,6317,15.47,2022-01-01 06:00:00
432263,7019,8220,16.7,2022-01-03 17:00:00
492055,5632,2199,110.31,2022-01-04 02:00:00
914591,7947,6692,200.72,2022-01-06 18:00:00
50494,3633,7808,143.21,2022-01-01 08:00:00
38344,8483,9026,517.57,2022-01-01 06:00:00
613329,641,8064,135.41,2022-01-04 21:00:00
1218429,7743,9967,127.09,2022-01-08 16:00:00
153021,7505,5296,580.78,2022-01-01 23:00:00
374180,7510,8784,533.34,2022-01-03 09:00:00
219410,6136,4660,18.98,2022-01-02 09:00:00
894884,5562,8872,506.94,2022-01-06 15:00:00
204149,4496,6099,432.14,2022-01-02 07:00:00
199222,2503,6452,413.57,2022-01-02 06:00:00
1271476,8796,1507,115.01,2022-01-09 00:00:00
262463,408,4914,588.59,2022-01-02 16:00:00
1316025,6598,9036,499.54,2022-01-09 06:00:00
923164,3527,1045,17.62,2022-01-06 19:00:00
1129736,8114,5998,2.94,2022-01-08 02:00:00
351664,5641,5267,141.36,2022-01-03 05:00:00
952169,1639,3053,159.44,2022-01-07 00:00:00
949962,8734,7499,106.87,2022-01-06 23:00:00
224453,5731,7892,164.38,2022-01-02 10:00:00
1144775,3653,739,128.64,2022-01-08 05:00:00
1156686,9686,7793,128.75,2022-01-08 06:00:00
1323137,7671,6390,126.34,2022-01-09 07:00:00
1233818,9762,7394,103.43,2022-01-08 18:00:00
491222,9151,6534,7.86,2022-01-04 02:00:00
691619,9993,6473,225.91,2022-01-05 09:00:00
1054028,7754,9567,180.25,2022-01-07 15:00:00
379872,3446,9795,469.19,2022-01-03 09:00:00
1062503,9053,5687,13.63,2022-01-07 16:00:00
156058,8564,6154,427.48,2022-01-02 00:00:00
917576,8590,6153,552.16,2022-01-06 19:00:00
230247,512,9884,401.44,2022-01-02 11:00:00
138538,7172,6797,11.03,2022-01-01 21:00:00
185278,1515,9873,502.7,2022-01-02 04:00:00
965676,9278,2733,18.79,2022-01-07 02:00:00
167996,7763,9369,155.13,2022-01-02 02:00:00
313148,9764,5956,3.4,2022-01-02 23:00:00
415952,4103,9940,17.2,2022-01-03 15:00:00
752416,4631,9358,172.5,2022-01-05 18:00:00
418030,7524,1602,453.42,2022-01-03 15:00:00
108723,8321,3080,6035.58,2022-01-01 17:00:00
1168244,9394,3980,13.76,2022-01-08 08:00:00
625540,8682,7176,153.53,2022-01-04 23:00:00
1135699,3058,9931,25.17,2022-01-08 03:00:00
311464,9508,8134,414.04,2022-01-02 23:00:00
990511,9084,1299,5.2,2022-01-07 06:00:00
964443,451,3424,582.35,2022-01-07 02:00:00
486758,7164,2936,15.0,2022-01-04 02:00:00
821058,9629,2977,135.11,2022-01-06 04:00:00
1253456,1670,8641,143.88,2022-01-08 21:00:00
970844,9569,9982,518.08,2022-01-07 03:00:00
731745,6623,6821,144.19,2022-01-05 15:00:00
1009964,5124,708,19.59,2022-01-07 08:00:00
48900,6846,9982,399.14,2022-01-01 08:00:00
441555,9129,3466,6.46,2022-01-03 19:00:00
424889,9573,5423,15.32,2022-01-03 16:00:00
153025,7582,9179,448.91,2022-01-01 23:00:00
585828,9053,8919,8.68,2022-01-04 17:00:00
1225871,9175,8040,5.87,2022-01-08 17:00:00
1072792,1798,8697,171.19,2022-01-07 18:00:00
1303489,9784,1513,168.92,2022-01-09 05:00:00
1003786,8859,8134,239.21,2022-01-07 08:00:00
983293,9076,8677,7.19,2022-01-07 04:00:00
1203744,6575,9872,512.82,2022-01-08 14:00:00
1303649,1134,6291,38.7,2022-01-09 05:00:00
1228514,8957,4698,3.31,2022-01-08 17:00:00
60228,1983,9850,12.56,2022-01-01 09:00:00
982295,8696,2556,171.83,2022-01-07 04:00:00
1021789,4642,7336,124.79,2022-01-07 10:00:00
65411,6693,8117,132.36,2022-01-01 10:00:00
959196,9943,5187,310.08,2022-01-07 01:00:00
815053,4540,9763,546.53,2022-01-06 03:00:00
537395,7165,4730,12.42,2022-01-04 09:00:00
1233140,9466,177,3.02,2022-01-08 18:00:00
680218,4508,9994,513.46,2022-01-05 07:00:00
1268648,9138,7807,5.38,2022-01-08 23:00:00
1290494,3406,8695,513.89,2022-01-09 03:00:00
127213,1651,8638,119.63,2022-01-01 19:00:00
962403,7686,3948,149.38,2022-01-07 01:00:00
344226,7647,583,188.88,2022-01-03 04:00:00
206640,8892,1694,11.71,2022-01-02 08:00:00
1306728,3669,8239,167.13,2022-01-09 05:00:00
887196,4856,9740,375.58,2022-01-06 14:00:00
263555,1525,9971,418.38,2022-01-02 16:00:00
522318,9360,6227,304597.4,2022-01-04 07:00:00
216982,2623,9786,111.5,2022-01-02 09:00:00
747560,6548,9840,511.97,2022-01-05 17:00:00
210488,1551,4260,569.21,2022-01-02 08:00:00
475921,7647,4585,188.88,2022-01-04 00:00:00
496253,9858,9710,3.19,2022-01-04 03:00:00
386699,9117,1314,7.47,2022-01-03 11:00:00
176428,5176,9785,18.41,2022-01-02 03:00:00
664278,8038,2014,11.58,2022-01-05 04:00:00
923671,4092,5869,19.31,2022-01-06 20:00:00
840680,5007,9836,13.39,2022-01-06 07:00:00
692913,7048,9964,12.38,2022-01-05 09:00:00
1044131,4414,3969,419.48,2022-01-07 14:00:00
1129708,7189,8773,8.84,2022-01-08 02:00:00
18195,667,5896,187.3,2022-01-01 03:00:00
289135,5020,1930,19.47,2022-01-02 20:00:00
418055,2475,5340,408.54,2022-01-03 15:00:00
224846,1511,2458,499.85,2022-01-02 10:00:00
539703,2439,9970,501.57,2022-01-04 10:00:00
901538,7798,6261,199.83,2022-01-06 16:00:00
560776,2099,9878,23.38,2022-01-04 13:00:00
1199037,9656,7580,179.97,2022-01-08 13:00:00
899615,3172,1014,22.09,2022-01-06 16:00:00
908817,1050,9803,24.98,2022-01-06 17:00:00
1307382,4589,7430,580.13,2022-01-09 05:00:00
335203,6063,3141,19.17,2022-01-03 03:00:00
275372,9711,5618,187.85,2022-01-02 18:00:00
341244,73,3492,55.22,2022-01-03 04:00:00
1065780,2795,8391,104.3,2022-01-07 17:00:00
764782,9315,9853,277043.43,2022-01-05 20:00:00
398281,5581,9784,518.0,2022-01-03 12:00:00
690935,6953,4419,326.19,2022-01-05 08:00:00
1225835,1732,7764,143.41,2022-01-08 17:00:00
642914,7649,6449,179.14,2022-01-05 01:00:00
1114702,2781,9677,3.44,2022-01-08 00:00:00
343679,6053,9183,13.92,2022-01-03 04:00:00
1047683,8790,9568,136.02,2022-01-07 14:00:00
994451,6590,8651,598.72,2022-01-07 06:00:00
512450,3562,5917,580.72,2022-01-04 06:00:00
699321,5716,4133,174.02,2022-01-05 10:00:00
1109065,9703,976,3.02,2022-01-07 23:00:00
85146,6289,7866,18.98,2022-01-01 13:00:00
1091406,8125,3381,10.67,2022-01-07 21:00:00
258620,7550,7709,517.53,2022-01-02 15:00:00
195490,3985,8892,11.71,2022-01-02 06:00:00
273834,9640,5969,184.66,2022-01-02 18:00:00
1163329,5720,4501,100.41,2022-01-08 08:00:00
622900,7644,8451,116.15,2022-01-04 22:00:00
1161334,6791,9916,198.83,2022-01-08 07:00:00
410459,4431,2644,491.89,2022-01-03 14:00:00
167147,4302,9305,7612.55,2022-01-02 02:00:00
1172592,9864,1946,10.51,2022-01-08 09:00:00
401737,643,3713,141.5,2022-01-03 13:00:00
60857,7539,9785,517.44,2022-01-01 10:00:00
185923,9755,3746,3.55,2022-01-02 04:00:00
603828,8722,9877,175.32,2022-01-04 19:00:00
938692,1606,2093,147.5,2022-01-06 22:00:00
1186468,6278,9057,6671695.5,2022-01-08 11:00:00
441197,6276,3243,259542.4,2022-01-03 19:00:00
555220,8980,9432,353.91,2022-01-04 12:00:00
1125598,9700,6671,167.86,2022-01-08 02:00:00
834966,1924,7120,273.41,2022-01-06 06:00:00
352249,7147,9879,10.02,2022-01-03 05:00:00
1319339,9071,9885,6.93,2022-01-09 07:00:00
491345,3006,9812,20.57,2022-01-04 02:00:00
718159,9704,9752,183.69,2022-01-05 13:00:00
697244,9440,3181,483.64,2022-01-05 09:00:00
1161349,4195,8815,15.95,2022-01-08 07:00:00
757187,3515,4480,528.66,2022-01-05 18:00:00
916854,8084,8470,11.3,2022-01-06 19:00:00
789508,7578,9488,518.9,2022-01-05 23:00:00
1061160,4478,9542,453.76,2022-01-07 16:00:00
660544,7708,5557,112.37,2022-01-05 04:00:00
185083,7654,8184,127.73,2022-01-02 04:00:00
817745,1668,3333,135.64,2022-01-06 03:00:00
462587,6079,7901,14.73,2022-01-03 22:00:00
983360,7680,9566,149.71,2022-01-07 05:00:00
1110172,6573,7451,450.64,2022-01-08 00:00:00
61893,7075,9923,10.86,2022-01-01 10:00:00
543918,9711,6284,187.85,2022-01-04 10:00:00
50889,4052,8802,16.15,2022-01-01 08:00:00
1159180,8137,502,3.38,2022-01-08 07:00:00
1210238,6080,6431,12.38,2022-01-08 15:00:00
1273820,2633,6128,116.56,2022-01-09 00:00:00
248096,8629,7805,159.5,2022-01-02 14:00:00
1122619,6415,8211,533.35,2022-01-08 01:00:00
1311832,7786,5661,108.84,2022-01-09 06:00:00
782041,7033,9251,17.61,2022-01-05 22:00:00
675866,8605,8297,189.78,2022-01-05 06:00:00
1057557,7708,9178,112.37,2022-01-07 16:00:00
148513,8607,1493,189.22,2022-01-01 23:00:00
704480,9717,2589,183.36,2022-01-05 11:00:00
1257262,9007,9160,5.41,2022-01-08 22:00:00
528857,6632,7516,176.22,2022-01-04 08:00:00
339988,3326,9869,18459.4,2022-01-03 04:00:00
260305,7535,4958,582.27,2022-01-02 16:00:00
528072,6652,4035,102.12,2022-01-04 08:00:00
1051070,9743,65,119.45,2022-01-07 15:00:00
353052,6484,4361,531.71,2022-01-03 05:00:00
444964,5748,4627,141.52,2022-01-03 19:00:00
427011,389,8863,68372.02,2022-01-03 17:00:00
735960,4121,1582,15.09,2022-01-05 15:00:00
353847,9885,7517,2.66,2022-01-03 05:00:00
1188434,782,6787,128.55,2022-01-08 11:00:00
531337,9787,9851,190.13,2022-01-04 08:00:00
53816,2677,9140,181.86,2022-01-01 08:00:00
977349,4476,1943,483.8,2022-01-07 04:00:00
159155,7674,9739,171.08,2022-01-02 00:00:00
1112316,9081,549,6.42,2022-01-08 00:00:00
369850,8669,3306,116.26,2022-01-03 08:00:00
161109,5855,8355,330.26,2022-01-02 01:00:00
1150252,1125,9128,31.71,2022-01-08 05:00:00
698208,9087,8424,8.67,2022-01-05 10:00:00
1194777,6509,1029,540.42,2022-01-08 12:00:00
17595,5104,8582,16.5,2022-01-01 03:00:00
1247531,8131,400,9.07,2022-01-08 20:00:00
414351,4184,8417,22.9,2022-01-03 15:00:00
1227341,8798,8250,181.35,2022-01-08 17:00:00
159895,8449,6175,508.08,2022-01-02 00:00:00
768423,7635,1510,185.28,2022-01-05 20:00:00
550639,9636,8788,197.94,2022-01-04 11:00:00
842551,9107,9270,9.05,2022-01-06 07:00:00
273069,9180,688,5.2,2022-01-02 17:00:00
688901,2469,9971,494.04,2022-01-05 08:00:00
1296881,4775,9239,143.78,2022-01-09 04:00:00
476168,7619,9861,101.52,2022-01-04 00:00:00
837955,7496,8137,593.64,2022-01-06 07:00:00
162091,4823,5706,235.64,2022-01-02 01:00:00
588438,9182,9320,5.46,2022-01-04 17:00:00
1109068,6273,2827,18.68,2022-01-07 23:00:00
371508,6482,5840,2.69,2022-01-03 08:00:00
493595,4302,9321,3.39,2022-01-04 03:00:00
727331,3665,5513,190.22,2022-01-05 14:00:00
598882,7121,899,12.48,2022-01-04 19:00:00
689233,788,3919,153.61,2022-01-05 08:00:00
145018,6175,9395,16.15,2022-01-01 22:00:00
843718,9753,9932,164.69,2022-01-06 07:00:00
287423,776,8443,112.8,2022-01-02 20:00:00
485649,3521,4708,508.05,2022-01-04 01:00:00
938325,9744,8266,162.21,2022-01-06 22:00:00
245244,5116,3142,3.95,2022-01-02 13:00:00
526851,467,6906,586.85,2022-01-04 08:00:00
1311877,8614,4256,10.98,2022-01-09 06:00:00
726556,9060,9717,5.34,2022-01-05 14:00:00
371598,1683,9966,102.12,2022-01-03 08:00:00
599306,7170,7576,8.35,2022-01-04 19:00:00
4013,6632,9517,176.22,2022-01-01 00:00:00
1255669,1013,8116,30.07,2022-01-08 21:00:00
826749,9948,7602,2.97,2022-01-06 05:00:00
710465,8043,1382,11.12,2022-01-05 11:00:00
1001108,7129,9848,14.67,2022-01-07 07:00:00
641865,8444,6870,436.61,2022-01-05 01:00:00
500840,4444,4708,513.33,2022-01-04 04:00:00
77772,633,9981,137.17,2022-01-01 12:00:00
390172,3073,8075,22.66,2022-01-03 11:00:00
1207200,9448,8299,426.42,2022-01-08 14:00:00
124177,5549,9883,520.52,2022-01-01 19:00:00
51730,8792,4962,197.63,2022-01-01 08:00:00
963369,9515,6350,475.08,2022-01-07 01:00:00
622114,3593,6361,577.84,2022-01-04 22:00:00
1180874,2055,3350,21.03,2022-01-08 10:00:00
987258,1490,3439,425.86,2022-01-07 05:00:00
1001824,6187,2475,18.27,2022-01-07 07:00:00
160669,4502,994,526.03,2022-01-02 01:00:00
522728,9653,3506,111.58,2022-01-04 07:00:00
774320,4624,7179,176.78,2022-01-05 21:00:00
711870,1758,3427,141.77,2022-01-05 12:00:00
846993,4657,9886,3.48,2022-01-06 08:00:00
875348,2140,1266,25.4,2022-01-06 12:00:00
583961,3646,9770,189.21,2022-01-04 16:00:00
826586,2420,8540,544.13,2022-01-06 05:00:00
132899,5514,781,502.41,2022-01-01 20:00:00
581481,9778,6848,143.66,2022-01-04 16:00:00
414681,1620,1367,10.92,2022-01-03 15:00:00
438700,5415,6361,406.3,2022-01-03 18:00:00
905698,9510,8099,493.54,2022-01-06 17:00:00
37015,5717,1193,192.57,2022-01-01 06:00:00
453730,5160,9005,17.59,2022-01-03 21:00:00
535344,2959,9980,235.27,2022-01-04 09:00:00
1098919,5716,5820,174.02,2022-01-07 22:00:00
345873,1647,1100,124.3,2022-01-03 04:00:00
862073,4536,2698,414.79,2022-01-06 10:00:00
580151,3164,8389,22.11,2022-01-04 16:00:00
1281829,7135,1743,10.48,2022-01-09 01:00:00
393750,9787,3399,190.13,2022-01-03 12:00:00
1036208,772,4871,182.92,2022-01-07 12:00:00
967475,7639,9258,144.53,2022-01-07 02:00:00
66585,5128,8050,20.25,2022-01-01 10:00:00
220160,7677,7505,101.44,2022-01-02 10:00:00
1057503,5021,9927,14.33,2022-01-07 16:00:00
459468,7496,8137,593.64,2022-01-03 22:00:00
99679,7673,2781,138.14,2022-01-01 15:00:00
290746,5076,3107,21.97,2022-01-02 20:00:00
1097881,8131,595,9.07,2022-01-07 22:00:00
311362,9176,9945,16.09,2022-01-02 23:00:00
636525,6615,8759,160.97,2022-01-05 00:00:00
701942,6610,3220,173.63,2022-01-05 10:00:00
335821,8698,2330,180.6,2022-01-03 03:00:00
1157854,7547,9694,3.86,2022-01-08 07:00:00
832096,8794,8299,2.66,2022-01-06 06:00:00
640880,7670,8528,195.08,2022-01-05 01:00:00
420106,7689,9445,168.64,2022-01-03 15:00:00
626629,8916,2223,2.97,2022-01-04 23:00:00
667302,4446,3670,462.7,2022-01-05 05:00:00
1232247,4539,6263,464.01,2022-01-08 18:00:00
1227825,9663,8319,122.91,2022-01-08 17:00:00
610772,5025,7928,13.71,2022-01-04 20:00:00
1050821,1917,1895,352.27,2022-01-07 15:00:00
663033,4014,9811,20.11,2022-01-05 04:00:00
1010811,8066,2246,7.15,2022-01-07 09:00:00
86691,3654,8642,188.13,2022-01-01 13:00:00
116462,7508,3525,540.84,2022-01-01 18:00:00
515975,6529,8432,427.86,2022-01-04 06:00:00
1257458,7778,9819,177.86,2022-01-08 22:00:00
878761,7477,1217,481.97,2022-01-06 13:00:00
600800,1670,9721,17.17,2022-01-04 19:00:00
1267350,9256,9999,19.45,2022-01-08 23:00:00
616325,4177,8046,15.02,2022-01-04 21:00:00
556727,1026,6003,23.79,2022-01-04 12:00:00
542178,9783,3145,171.58,2022-01-04 10:00:00
82604,8685,8319,3.76,2022-01-01 13:00:00
1067562,3483,8683,483.04,2022-01-07 17:00:00
286634,4336,9006,3.84,2022-01-02 19:00:00
1195476,4446,3670,462.7,2022-01-08 12:00:00
309131,9763,6340,16.51,2022-01-02 23:00:00
75821,7133,9113,10.62,2022-01-01 12:00:00
548646,9514,1219,12.84,2022-01-04 11:00:00
227871,9552,8992,535.76,2022-01-02 11:00:00
1300072,9732,2745,121.75,2022-01-09 04:00:00
113081,3025,9992,27.62,2022-01-01 17:00:00
1057514,6504,9354,438.55,2022-01-07 16:00:00
1024937,4024,3826,23.36,2022-01-07 11:00:00
445933,4561,8760,495.97,2022-01-03 19:00:00
923997,5017,8499,14.53,2022-01-06 20:00:00
573600,5169,9011,11.21,2022-01-04 15:00:00
773506,5109,1572,17.79,2022-01-05 21:00:00
440655,8601,9121,194.55,2022-01-03 19:00:00
1049234,4524,5242,413.6,2022-01-07 14:00:00
296346,9643,9523,190.14,2022-01-02 21:00:00
53957,1401,8354,497.3,2022-01-01 08:00:00
128112,9787,8392,190.13,2022-01-01 20:00:00
380584,3014,7226,14.96,2022-01-03 10:00:00
516517,7248,4474,2.98,2022-01-04 06:00:00
1146726,8771,9717,168.13,2022-01-08 05:00:00
1297095,9132,330,8.23,2022-01-09 04:00:00
71942,9614,2507,114.73,2022-01-01 11:00:00
157122,4056,3704,14.38,2022-01-02 00:00:00
1014877,5723,9183,4.74,2022-01-07 09:00:00
420786,1759,4395,179.07,2022-01-03 16:00:00
152888,2729,7794,171.41,2022-01-01 23:00:00
65421,7709,6384,159.27,2022-01-01 10:00:00
44288,9821,8996,3.74,2022-01-01 07:00:00
271546,5463,7099,497.41,2022-01-02 17:00:00
803974,2795,9496,104.3,2022-01-06 01:00:00
177799,5748,4583,141.52,2022-01-02 03:00:00
232747,9163,9963,6.65,2022-01-02 11:00:00
196466,8419,4010,418.75,2022-01-02 06:00:00
38413,1128,1465,36.26,2022-01-01 06:00:00
1112170,9767,4790,127.0,2022-01-08 00:00:00
1043813,8608,9193,147.5,2022-01-07 13:00:00
477819,4790,4572,185.02,2022-01-04 00:00:00
271114,4033,3904,17.45,2022-01-02 17:00:00
1034523,8420,8238,3.19,2022-01-07 12:00:00
504804,9734,8998,151.13,2022-01-04 04:00:00
1321569,8401,9982,566.92,2022-01-09 07:00:00
444038,9121,9135,6.03,2022-01-03 19:00:00
272981,935,3142,3.9,2022-01-02 17:00:00
53189,8134,9619,12.67,2022-01-01 08:00:00
537403,4135,9402,17.73,2022-01-04 09:00:00
908391,6575,9872,512.82,2022-01-06 17:00:00
344344,9588,258,16.7,2022-01-03 04:00:00
1097222,9762,8487,103.43,2022-01-07 22:00:00
222430,8723,7981,182.17,2022-01-02 10:00:00
606656,7526,5827,512.33,2022-01-04 20:00:00
895466,1388,8691,840066.43,2022-01-06 15:00:00
1035209,9724,9145,160.66,2022-01-07 12:00:00
256373,8697,8944,13.47,2022-01-02 15:00:00
236472,9515,6350,475.08,2022-01-02 12:00:00
94205,3515,4480,528.66,2022-01-01 14:00:00
520193,9758,7794,183.74,2022-01-04 07:00:00
121010,8086,3783,12.76,2022-01-01 19:00:00
1286540,9686,9535,128.75,2022-01-09 02:00:00
417634,9118,1459,5.1,2022-01-03 15:00:00
675152,9654,9431,165.25,2022-01-05 06:00:00
766672,7829,8332,355.88,2022-01-05 20:00:00
256940,7754,9650,180.25,2022-01-02 15:00:00
749600,9832,7099,16.79,2022-01-05 17:00:00
729863,8103,6739,10.97,2022-01-05 14:00:00
1315521,9644,9491,189.14,2022-01-09 06:00:00
397809,5923,4529,211.72,2022-01-03 12:00:00
135605,6677,4454,151.33,2022-01-01 21:00:00
181102,5196,9739,11.48,2022-01-02 04:00:00
744575,599,4460,596.79,2022-01-05 17:00:00
477810,3583,9157,458.89,2022-01-04 00:00:00
577111,1314,2071,282293.56,2022-01-04 15:00:00
960369,7547,4308,16.71,2022-01-07 01:00:00
737323,508,8563,440.95,2022-01-05 15:00:00
1027157,8490,6274,420.38,2022-01-07 11:00:00
254373,5361,9996,20105.04,2022-01-02 15:00:00
1023983,5186,6873,13.32,2022-01-07 11:00:00
40614,1950,9739,4.85,2022-01-01 06:00:00
689236,7425,9047,563.26,2022-01-05 08:00:00
940262,1444,9441,478.64,2022-01-06 22:00:00
1114383,6794,6158,190.42,2022-01-08 00:00:00
207819,6341,2388,31435.29,2022-01-02 08:00:00
401322,7466,8520,581.01,2022-01-03 13:00:00
648728,6451,9909,507.77,2022-01-05 02:00:00
447892,3721,7413,149.63,2022-01-03 20:00:00
1290910,6716,1043,100.88,2022-01-09 03:00:00
563708,4779,9768,123.05,2022-01-04 13:00:00
809639,5692,4086,185.58,2022-01-06 02:00:00
797185,5024,8857,16.76,2022-01-06 00:00:00
129839,9905,8696,208.02,2022-01-01 20:00:00
185330,4482,9454,418.25,2022-01-02 04:00:00
1022774,8739,8238,3.19,2022-01-07 10:00:00
307516,9057,4909,5.11,2022-01-02 23:00:00
790960,9844,9785,234.41,2022-01-06 00:00:00
765336,9657,6418,197.13,2022-01-05 20:00:00
1095590,521,4570,426.02,2022-01-07 21:00:00
103584,6589,1558,585.66,2022-01-01 16:00:00
535575,7167,9616,14.71,2022-01-04 09:00:00
314771,3590,8167,471.66,2022-01-03 00:00:00
130504,1512,2336,421.98,2022-01-01 20:00:00
154375,4706,8215,105.84,2022-01-02 00:00:00
1108014,9753,6803,164.69,2022-01-07 23:00:00
632333,1460,1414,551.07,2022-01-05 00:00:00
740462,9665,4052,151.64,2022-01-05 16:00:00
758243,8181,2540,8.31,2022-01-05 19:00:00
1316173,1706,9875,123.91,2022-01-09 06:00:00
1124929,3119,9989,23.23,2022-01-08 02:00:00
750660,9148,5526,8.24,2022-01-05 17:00:00
140555,2643,9395,163.02,2022-01-01 21:00:00
148432,9781,8438,145.58,2022-01-01 23:00:00
932215,6521,8993,588.85,2022-01-06 21:00:00
311037,9048,8202,6.22,2022-01-02 23:00:00
378086,4537,275,482.55,2022-01-03 09:00:00
413071,8065,9989,13.96,2022-01-03 14:00:00
429166,8703,8897,125.29,2022-01-03 17:00:00
184147,138,9197,4.59,2022-01-02 04:00:00
657026,9159,7205,9.33,2022-01-05 03:00:00
616562,9682,8856,102.02,2022-01-04 21:00:00
31108,3651,4807,169.8,2022-01-01 05:00:00
481495,845,6119,4.52,2022-01-04 01:00:00
926107,4099,3333,12.85,2022-01-06 20:00:00
255831,2695,8257,194.1,2022-01-02 15:00:00
236768,9037,3015,9.21,2022-01-02 12:00:00
1096524,4211,2606,14.59,2022-01-07 22:00:00
1249499,6556,6593,532.25,2022-01-08 20:00:00
852438,4604,9964,106.69,2022-01-06 09:00:00
474,4072,1992,16.67,2022-01-01 00:00:00
1289644,9897,4174,3.92,2022-01-09 02:00:00
1259711,465,3588,415.07,2022-01-08 22:00:00
544606,697,9993,108.47,2022-01-04 10:00:00
699967,503,4908,594.85,2022-01-05 10:00:00
34197,3197,3173,23.68,2022-01-01 06:00:00
1106650,8198,8520,11.23,2022-01-07 23:00:00
419086,6697,7650,134.38,2022-01-03 15:00:00
131964,8690,3046,138.89,2022-01-01 20:00:00
1041588,7166,5381,8.94,2022-01-07 13:00:00
358556,8192,8406,10.58,2022-01-03 06:00:00
147290,795,8973,124.87,2022-01-01 22:00:00
556066,4637,9794,187.74,2022-01-04 12:00:00
30492,1772,9387,169.36,2022-01-01 05:00:00
355396,7768,9817,15.43,2022-01-03 06:00:00
463513,6603,280,115.98,2022-01-03 22:00:00
680762,1456,9954,17.29,2022-01-05 07:00:00
233607,9503,9564,569.97,2022-01-02 12:00:00
44941,7703,3033,192.82,2022-01-01 07:00:00
91154,4401,2779,571.77,2022-01-01 14:00:00
168341,9987,8650,235.83,2022-01-02 02:00:00
684374,9969,2425,347.01,2022-01-05 07:00:00
730103,9156,3876,8.93,2022-01-05 14:00:00
281845,4324,6215,85857.96,2022-01-02 19:00:00
1076815,480,7396,461.05,2022-01-07 18:00:00
380977,8143,4876,9.77,2022-01-03 10:00:00
997422,741,4273,3.39,2022-01-07 07:00:00
154547,8611,3952,120.81,2022-01-02 00:00:00
1220155,9545,9201,518.51,2022-01-08 16:00:00
863849,8023,2136,11.91,2022-01-06 10:00:00
1052149,5072,8578,18.52,2022-01-07 15:00:00
687325,2797,9167,186.78,2022-01-05 08:00:00
1135335,9756,1972,137.42,2022-01-08 03:00:00
1078666,7139,4465,12.29,2022-01-07 19:00:00
1079114,2762,1603,143.14,2022-01-07 19:00:00
1137809,7728,3435,162.22,2022-01-08 04:00:00
481881,3771,5674,168.8,2022-01-04 01:00:00
901854,3079,9835,19.37,2022-01-06 16:00:00
904231,2146,2220,30.24,2022-01-06 17:00:00
1131731,5706,8287,199.49,2022-01-08 03:00:00
116395,6496,7110,572.05,2022-01-01 18:00:00
434880,3360,3033,4.09,2022-01-03 18:00:00
1199624,6136,1542,18.98,2022-01-08 13:00:00
913977,9421,6252,479.82,2022-01-06 18:00:00
536855,5272,9969,15.81,2022-01-04 09:00:00
1057232,7272,8490,3057961.75,2022-01-07 16:00:00
666006,7634,8754,169.38,2022-01-05 05:00:00
566028,1219,8346,12.84,2022-01-04 14:00:00
449726,2654,1959,197.05,2022-01-03 20:00:00
563741,7451,6573,579.09,2022-01-04 13:00:00
956630,8149,5022,13.13,2022-01-07 00:00:00
354158,2685,6548,146.69,2022-01-03 06:00:00
301572,9055,9159,9.6,2022-01-02 22:00:00
254029,5414,5472,583.02,2022-01-02 15:00:00
552335,987,9984,3.52,2022-01-04 11:00:00
244774,7137,9904,12.66,2022-01-02 13:00:00
985933,2716,1039,164.5,2022-01-07 05:00:00
236540,6577,8474,494.64,2022-01-02 12:00:00
157251,5815,6086,392.58,2022-01-02 00:00:00
581917,409,9972,460.55,2022-01-04 16:00:00
1163633,1137,7887,38.0,2022-01-08 08:00:00
520895,9513,5462,440.98,2022-01-04 07:00:00
1278282,9016,7483,7.86,2022-01-09 01:00:00
1251528,6831,7000,233.19,2022-01-08 21:00:00
458209,2414,7451,447.32,2022-01-03 21:00:00
302864,9086,9993,7.66,2022-01-02 22:00:00
560076,6561,7029,2.89,2022-01-04 13:00:00
408529,9480,6674,577.34,2022-01-03 14:00:00
1271908,659,536,186.71,2022-01-09 00:00:00
876567,6888,2328,331.1,2022-01-06 12:00:00
432793,5173,5425,16.94,2022-01-03 17:00:00
404869,9712,9148,186.19,2022-01-03 13:00:00
89289,8402,8783,434.86,2022-01-01 14:00:00
250416,7515,8255,587.26,2022-01-02 14:00:00
1014314,3396,1892,4.98,2022-01-07 09:00:00
1175675,9454,7103,501.17,2022-01-08 09:00:00
1145630,178,9495,33.97,2022-01-08 05:00:00
956765,380,8498,3046373.5,2022-01-07 00:00:00
454046,8049,8598,7.31,2022-01-03 21:00:00
1162946,8009,6060,13.16,2022-01-08 07:00:00
318142,7148,9774,11.61,2022-01-03 00:00:00
125590,9707,6106,166.41,2022-01-01 19:00:00
615371,7160,7827,12.16,2022-01-04 21:00:00
392852,1079,7560,32.51,2022-01-03 11:00:00
58594,2513,9972,411.72,2022-01-01 09:00:00
1184538,7026,4698,3.1,2022-01-08 11:00:00
826143,8812,8992,237.16,2022-01-06 05:00:00
1074831,5092,5338,18.62,2022-01-07 18:00:00
580192,9837,6473,389.14,2022-01-04 16:00:00
1081746,9871,840,12.02,2022-01-07 19:00:00
553743,7957,5266,14.78,2022-01-04 12:00:00
1201831,2152,9702,17.29,2022-01-08 13:00:00
410251,7737,9803,178.86,2022-01-03 14:00:00
947726,4102,5929,11.27,2022-01-06 23:00:00
253579,9026,9290,8.21,2022-01-02 15:00:00
1159170,9600,9900,147.99,2022-01-08 07:00:00
1220006,5033,498,3.1,2022-01-08 16:00:00
796529,3303,7481,346888.06,2022-01-06 00:00:00
297044,5798,9148,174.13,2022-01-02 21:00:00
790342,8628,6553,172.57,2022-01-05 23:00:00
84014,9659,1501,191.0,2022-01-01 13:00:00
547701,7767,9999,122.87,2022-01-04 11:00:00
1173706,7698,9948,153.83,2022-01-08 09:00:00
571307,6781,7504,137.3,2022-01-04 14:00:00
596616,2679,6429,181.63,2022-01-04 18:00:00
988698,6761,2198,182.11,2022-01-07 05:00:00
320193,5781,6999,121.01,2022-01-03 01:00:00
654212,3570,9763,460.11,2022-01-05 03:00:00
776608,7707,4309,103.12,2022-01-05 21:00:00
825149,2496,880,553.38,2022-01-06 05:00:00
366827,5664,6821,181.69,2022-01-03 08:00:00
72921,8019,8733,10.19,2022-01-01 11:00:00
841545,9554,7187,598.6,2022-01-06 07:00:00
590261,5578,9892,500.26,2022-01-04 17:00:00
64923,8679,8785,110.44,2022-01-01 10:00:00
1169422,6072,7273,15.69,2022-01-08 08:00:00
1186893,9752,9798,115.98,2022-01-08 11:00:00
107367,7894,9740,397.32,2022-01-01 16:00:00
1294685,8798,8250,181.35,2022-01-09 03:00:00
558090,4688,9832,140.86,2022-01-04 12:00:00
1035462,9607,9278,116.05,2022-01-07 12:00:00
939445,7173,8657,8.87,2022-01-06 22:00:00
1010456,7499,3825,556.26,2022-01-07 08:00:00
353402,3101,887,23.76,2022-01-03 05:00:00
726392,7758,7951,129.41,2022-01-05 14:00:00
906326,84,2061,56.84,2022-01-06 17:00:00
10122,7486,6707,404.04,2022-01-01 02:00:00
180641,6059,7182,10.37,2022-01-02 04:00:00
746546,6028,4816,16.98,2022-01-05 17:00:00
1314122,754,8987,17.04,2022-01-09 06:00:00
629387,3755,9990,175.74,2022-01-04 23:00:00
23046,5169,9992,11.21,2022-01-01 04:00:00
6546,8765,8870,128.82,2022-01-01 01:00:00
418768,9967,5933,3.98,2022-01-03 15:00:00
709127,545,2724,415.57,2022-01-05 11:00:00
1207963,4400,8154,514.46,2022-01-08 14:00:00
472104,4740,3092,13.56,2022-01-03 23:00:00
1289222,3919,9503,18.06,2022-01-09 02:00:00
1237023,6650,2472,129.13,2022-01-08 19:00:00
541562,3541,1534,550.28,2022-01-04 10:00:00
238208,2351,7516,4078.37,2022-01-02 12:00:00
854105,9184,915,5.87,2022-01-06 09:00:00
1136803,1078,9910,35.5,2022-01-08 03:00:00
1199788,2620,9115,110.7,2022-01-08 13:00:00
210088,6619,9993,144.44,2022-01-02 08:00:00
1007285,1423,3317,583.25,2022-01-07 08:00:00
941549,7656,6899,155.5,2022-01-06 22:00:00
2763,8760,8106,124.87,2022-01-01 00:00:00
836195,9633,8145,170.36,2022-01-06 06:00:00
284025,7124,9957,13.81,2022-01-02 19:00:00
269109,7141,959,11.12,2022-01-02 17:00:00
909255,8149,6379,13.13,2022-01-06 17:00:00
1057364,9650,9612,186.11,2022-01-07 16:00:00
724180,2631,6169,168.39,2022-01-05 14:00:00
262143,9632,9845,110.36,2022-01-02 16:00:00
955320,9772,6035,176.72,2022-01-07 00:00:00
1028024,5789,2595,146.24,2022-01-07 11:00:00
883766,8648,9009,106.29,2022-01-06 13:00:00
239676,3027,9979,14.67,2022-01-02 13:00:00
558905,8074,9770,11.34,2022-01-04 13:00:00
155860,3356,7791,19.29,2022-01-02 00:00:00
895567,9627,9855,140.52,2022-01-06 15:00:00
1068999,8122,4889,11.55,2022-01-07 17:00:00
821616,9080,6309,5.89,2022-01-06 04:00:00
1261551,9625,5159,199.88,2022-01-08 22:00:00
1205132,5350,5104,5637664.0,2022-01-08 14:00:00
12791,8692,7733,108.27,2022-01-01 02:00:00
840205,9859,7075,18.78,2022-01-06 07:00:00
739218,6618,9452,178.97,2022-01-05 16:00:00
103064,6009,6429,16.57,2022-01-01 16:00:00
869005,9538,9982,503.32,2022-01-06 11:00:00
20481,2012,4232,17.56,2022-01-01 03:00:00
1099807,5568,9595,2.68,2022-01-07 22:00:00
1096758,8751,4665,167.05,2022-01-07 22:00:00
482790,9742,5307,160.02,2022-01-04 01:00:00
299831,6957,9345,227.3,2022-01-02 22:00:00
1142674,4150,9332,15.91,2022-01-08 04:00:00
879973,5712,7641,195.75,2022-01-06 13:00:00
817639,4606,5458,114.55,2022-01-06 03:00:00
544155,194,4313,35.36,2022-01-04 10:00:00
1180251,8534,9487,574.92,2022-01-08 10:00:00
574322,9027,9372,7.46,2022-01-04 15:00:00
343874,4544,9221,491.07,2022-01-03 04:00:00
965773,9975,8264,4.02,2022-01-07 02:00:00
544177,1524,1217,536.78,2022-01-04 10:00:00
595538,2480,7594,452.01,2022-01-04 18:00:00
281447,8024,5451,12.25,2022-01-02 19:00:00
818391,5635,8171,183.41,2022-01-06 04:00:00
121127,6617,5095,158.0,2022-01-01 19:00:00
524750,1563,4395,516.55,2022-01-04 07:00:00
149778,2796,9843,187.5,2022-01-01 23:00:00
864880,8774,8473,165.19,2022-01-06 11:00:00
32442,9129,9393,6.46,2022-01-01 05:00:00
971838,9681,1430,128.88,2022-01-07 03:00:00
401023,4095,9759,12.78,2022-01-03 13:00:00
1184460,9521,9883,477.85,2022-01-08 11:00:00
705315,4511,8333,522.64,2022-01-05 11:00:00
938716,6527,1733,556.33,2022-01-06 22:00:00
421445,5702,532,189.25,2022-01-03 16:00:00
1198440,1008,9748,23.47,2022-01-08 13:00:00
1118099,9494,7453,3.16,2022-01-08 01:00:00
858744,6669,8148,118.8,2022-01-06 10:00:00
74196,4213,7466,3.97,2022-01-01 11:00:00
1310415,8599,9476,543.53,2022-01-09 06:00:00
939601,9018,9464,5.2,2022-01-06 22:00:00
757748,6789,4937,141.91,2022-01-05 19:00:00
402550,2005,9958,27.63,2022-01-03 13:00:00
1244081,7654,9756,127.73,2022-01-08 20:00:00
1119747,4175,7569,16.19,2022-01-08 01:00:00
104979,7060,4644,13.59,2022-01-01 16:00:00
540465,6132,4488,15.59,2022-01-04 10:00:00
432472,6114,4710,12.66,2022-01-03 17:00:00
467318,3748,8827,196.16,2022-01-03 23:00:00
97093,3406,8695,513.89,2022-01-01 15:00:00
579417,425,3412,597.34,2022-01-04 16:00:00
297686,3608,5582,106.62,2022-01-02 21:00:00
251089,4763,9975,198.22,2022-01-02 14:00:00
829455,6496,7110,572.05,2022-01-06 05:00:00
607467,4614,4531,106.15,2022-01-04 20:00:00
858462,1977,9337,19.18,2022-01-06 10:00:00
233443,5720,9950,100.41,2022-01-02 12:00:00
837648,8669,7812,116.26,2022-01-06 06:00:00
160466,6609,2440,109.98,2022-01-02 00:00:00
314296,8262,5071,11.52,2022-01-03 00:00:00
430478,7604,9232,178.77,2022-01-03 17:00:00
667827,9660,9261,179.33,2022-01-05 05:00:00
849428,2448,9520,545.13,2022-01-06 08:00:00
468488,6186,9497,17.01,2022-01-03 23:00:00
927251,1488,9411,471.82,2022-01-06 20:00:00
1009802,6826,410,399.72,2022-01-07 08:00:00
1198021,9713,4832,178.52,2022-01-08 13:00:00
641568,9618,4331,173.36,2022-01-05 01:00:00
1046335,9666,3227,130.36,2022-01-07 14:00:00
539564,2064,3722,18.97,2022-01-04 10:00:00
306084,4342,9423,12.25,2022-01-02 22:00:00
173084,8117,9266,11.24,2022-01-02 02:00:00
900614,6611,9979,182.3,2022-01-06 16:00:00
1245371,4608,9401,13.52,2022-01-08 20:00:00
144788,1533,5463,418.7,2022-01-01 22:00:00
298096,1562,2789,453.85,2022-01-02 21:00:00
764575,9607,9914,116.05,2022-01-05 20:00:00
975953,7748,6572,135.0,2022-01-07 03:00:00
1074116,2649,8581,155.97,2022-01-07 18:00:00
628512,1195,6247,27.75,2022-01-04 23:00:00
1205001,6744,9762,154.57,2022-01-08 14:00:00
802107,8754,1541,144.07,2022-01-06 01:00:00
313740,4613,1557,16.29,2022-01-03 00:00:00
732934,9310,9271,14.48,2022-01-05 15:00:00
639582,9753,9752,164.69,2022-01-05 01:00:00
22151,4056,6515,14.38,2022-01-01 04:00:00
68301,3694,9444,105.06,2022-01-01 11:00:00
760038,7673,1432,138.14,2022-01-05 19:00:00
600443,9756,1679,137.42,2022-01-04 19:00:00
781187,1512,2336,421.98,2022-01-05 22:00:00
895669,7084,3982,10.43,2022-01-06 15:00:00
895961,9130,4100,6.08,2022-01-06 15:00:00
264412,4557,5492,494.35,2022-01-02 16:00:00
781837,7049,7005,16.55,2022-01-05 22:00:00
364127,2564,6718,499.48,2022-01-03 07:00:00
779505,5546,5441,584.23,2022-01-05 22:00:00
1300974,835,9750,3.06,2022-01-09 04:00:00
665892,9791,9968,112.93,2022-01-05 05:00:00
657903,7004,5139,16.22,2022-01-05 04:00:00
1110464,8131,8629,18.64,2022-01-08 00:00:00
313745,8639,9863,125.44,2022-01-03 00:00:00
200530,3158,9914,18.14,2022-01-02 07:00:00
600579,7439,5833,19.47,2022-01-04 19:00:00
63609,5562,8872,506.94,2022-01-01 10:00:00
27552,4789,9088,169.47,2022-01-01 04:00:00
783736,6147,9950,14.92,2022-01-05 23:00:00
22103,5546,5441,584.23,2022-01-01 04:00:00
769770,7694,7145,153.47,2022-01-05 20:00:00
562145,9691,9942,140.16,2022-01-04 13:00:00
767810,4060,8925,23.41,2022-01-05 20:00:00
303323,8467,9685,557.95,2022-01-02 22:00:00
758440,2405,5042,469.07,2022-01-05 19:00:00
306153,9994,2083,12.81,2022-01-02 22:00:00
1020433,8918,9949,4.67,2022-01-07 10:00:00
884246,5886,8794,276.75,2022-01-06 13:00:00
1099104,6116,5352,14.27,2022-01-07 22:00:00
89870,2783,9991,193.32,2022-01-01 14:00:00
920795,7110,8129,10.5,2022-01-06 19:00:00
137981,8747,9982,173.53,2022-01-01 21:00:00
862739,8396,4133,15.64,2022-01-06 10:00:00
884192,6473,9993,578.95,2022-01-06 13:00:00
63016,9492,9991,18.53,2022-01-01 10:00:00
908044,8603,5405,175.05,2022-01-06 17:00:00
680280,9080,2531,5.89,2022-01-05 07:00:00
966879,3538,6592,555.9,2022-01-07 02:00:00
251170,5098,9322,15.02,2022-01-02 14:00:00
277525,6774,7289,110.12,2022-01-02 18:00:00
583434,3027,7504,14.67,2022-01-04 16:00:00
236390,8944,6105,13.47,2022-01-02 12:00:00
1197769,1577,3390,514.64,2022-01-08 13:00:00
1246136,2084,7788,31.53,2022-01-08 20:00:00
939368,7575,55,585.63,2022-01-06 22:00:00
830342,584,9950,539.79,2022-01-06 05:00:00
1295882,3755,9230,175.74,2022-01-09 03:00:00
1235588,523,7044,472.45,2022-01-08 18:00:00
1309564,1586,9520,493.95,2022-01-09 05:00:00
1046232,6084,2487,12.98,2022-01-07 14:00:00
151728,9631,8800,137.3,2022-01-01 23:00:00
88842,5349,9686,4263.02,2022-01-01 14:00:00
1222217,8898,7539,4.77,2022-01-08 16:00:00
876013,8529,4537,3.9,2022-01-06 12:00:00
255059,9871,9417,3.65,2022-01-02 15:00:00
1024148,3018,8740,19.91,2022-01-07 11:00:00
573614,1562,2789,453.85,2022-01-04 15:00:00
477298,3007,9316,24.21,2022-01-04 00:00:00
288642,8502,9971,583.45,2022-01-02 20:00:00
448689,4422,2534,547.94,2022-01-03 20:00:00
1098856,5015,2209,12.17,2022-01-07 22:00:00
460938,6168,9816,19.37,2022-01-03 22:00:00
1027722,523,7044,472.45,2022-01-07 11:00:00
590007,2563,6179,426.54,2022-01-04 17:00:00
107241,2897,4604,18.53,2022-01-01 16:00:00
889133,1095,8931,23.81,2022-01-06 14:00:00
744728,2796,5983,187.5,2022-01-05 17:00:00
974291,7649,9333,179.14,2022-01-07 03:00:00
546873,9659,4340,191.0,2022-01-04 11:00:00
874864,5585,9355,497.73,2022-01-06 12:00:00
376404,3128,4513,23.76,2022-01-03 09:00:00
1240725,6011,5929,12.96,2022-01-08 19:00:00
1213857,2537,7880,489.02,2022-01-08 15:00:00
1068229,5101,6936,21.36,2022-01-07 17:00:00
993962,6162,9977,16.16,2022-01-07 06:00:00
1308719,2415,5262,494.36,2022-01-09 05:00:00
255021,1506,3449,489.2,2022-01-02 15:00:00
446129,608,8511,125.26,2022-01-03 19:00:00
59240,475,8688,563.88,2022-01-01 09:00:00
359937,4259,8081,69562.14,2022-01-03 06:00:00
67457,6337,4758,3.09,2022-01-01 10:00:00
555620,559,9557,483.45,2022-01-04 12:00:00
975547,9565,7759,19.12,2022-01-07 03:00:00
483679,3035,9999,19.38,2022-01-04 01:00:00
1175740,6494,7819,440.1,2022-01-08 09:00:00
85012,1441,9355,428.73,2022-01-01 13:00:00
1102585,1552,1456,413.35,2022-01-07 22:00:00
1154432,8768,5815,178.69,2022-01-08 06:00:00
751532,8714,8600,137.05,2022-01-05 18:00:00
128492,8621,9668,141.85,2022-01-01 20:00:00
842487,405,5896,450.89,2022-01-06 07:00:00
1261292,9648,8875,193.36,2022-01-08 22:00:00
1084444,9177,8818,8.68,2022-01-07 20:00:00
442932,4526,4103,13.42,2022-01-03 19:00:00
682606,8188,4406,13.87,2022-01-05 07:00:00
99069,2533,9851,531.15,2022-01-01 15:00:00
641405,9029,4814,6.46,2022-01-05 01:00:00
580027,4072,9636,16.67,2022-01-04 16:00:00
79297,5554,8354,547.38,2022-01-01 12:00:00
936745,2756,9876,164.89,2022-01-06 21:00:00
1031796,9703,9007,125.29,2022-01-07 12:00:00
24775,9675,9599,192.17,2022-01-01 04:00:00
250671,1515,9873,502.7,2022-01-02 14:00:00
56132,9991,2897,18.53,2022-01-01 09:00:00
131516,8725,9999,185.8,2022-01-01 20:00:00
989092,2108,6847,30.54,2022-01-07 05:00:00
121280,9117,5153,7.47,2022-01-01 19:00:00
1065399,4757,2285,142.75,2022-01-07 17:00:00
1276749,603,4223,125.66,2022-01-09 00:00:00
1001278,1169,6945,20.45,2022-01-07 07:00:00
1298749,4720,6804,160.22,2022-01-09 04:00:00
185128,6109,4714,10.04,2022-01-02 04:00:00
1252909,8992,8596,372.27,2022-01-08 21:00:00
855727,6580,6241,557.39,2022-01-06 09:00:00
1310019,2838,5690,355.48,2022-01-09 06:00:00
1185786,1058,9882,28.99,2022-01-08 11:00:00
210818,2722,7701,162.78,2022-01-02 08:00:00
1074812,7720,9902,114.52,2022-01-07 18:00:00
104890,5717,3104,192.57,2022-01-01 16:00:00
364866,6434,6240,448.92,2022-01-03 07:00:00
544909,8888,8322,251.11,2022-01-04 10:00:00
947203,3971,7144,313.51,2022-01-06 23:00:00
740940,6295,7448,4.39,2022-01-05 16:00:00
341435,5973,9298,4.17,2022-01-03 04:00:00
1193412,8147,5971,13.31,2022-01-08 12:00:00
1169665,9147,1598,4.35,2022-01-08 08:00:00
833160,2096,7452,26.27,2022-01-06 06:00:00
1000259,9006,590,7.91,2022-01-07 07:00:00
93533,5418,9179,557.0,2022-01-01 14:00:00
209484,5525,709,523.02,2022-01-02 08:00:00
677503,8796,1832,115.01,2022-01-05 06:00:00
1148070,1944,502,3.41,2022-01-08 05:00:00
755676,9723,9481,134.22,2022-01-05 18:00:00
975260,506,8068,578.69,2022-01-07 03:00:00
103247,8991,8277,351.8,2022-01-01 16:00:00
287608,9135,4875,6.59,2022-01-02 20:00:00
905168,9408,7442,473.48,2022-01-06 17:00:00
920224,1922,4584,229.55,2022-01-06 19:00:00
975481,8117,1337,11.24,2022-01-07 03:00:00
832039,7611,9530,186.36,2022-01-06 06:00:00
490449,3158,7194,18.14,2022-01-04 02:00:00
951194,9615,1683,177.72,2022-01-07 00:00:00
985988,9617,7897,131.91,2022-01-07 05:00:00
985494,8670,5694,123.61,2022-01-07 05:00:00
4160,428,1275,477.33,2022-01-01 00:00:00
1277523,425,3412,597.34,2022-01-09 01:00:00
251445,8968,4096,320.39,2022-01-02 14:00:00
89955,2882,8442,383.95,2022-01-01 14:00:00
360989,3674,2121,16.04,2022-01-03 07:00:00
986680,9676,7945,123.52,2022-01-07 05:00:00
913599,5151,2666,19.34,2022-01-06 18:00:00
756591,6438,9740,475.75,2022-01-05 18:00:00
1221287,4106,845,24.29,2022-01-08 16:00:00
816392,4663,8765,105.52,2022-01-06 03:00:00
330202,2690,6898,106.8,2022-01-03 02:00:00
93344,5236,3717,12.56,2022-01-01 14:00:00
50532,8757,9074,112.16,2022-01-01 08:00:00
1113970,4653,2445,118.63,2022-01-08 00:00:00
448145,9428,9882,466.98,2022-01-03 20:00:00
135492,7151,9814,11.5,2022-01-01 21:00:00
1004798,2686,9827,18.79,2022-01-07 08:00:00
807040,9004,9109,7.32,2022-01-06 02:00:00
1158741,5647,9000,183.19,2022-01-08 07:00:00
1010164,659,5848,186.71,2022-01-07 08:00:00
503360,7611,7407,186.36,2022-01-04 04:00:00
1298918,4796,9905,143.36,2022-01-09 04:00:00
655956,1627,8382,119.2,2022-01-05 03:00:00
220301,9013,9475,9.19,2022-01-02 10:00:00
336236,8754,2362,144.07,2022-01-03 03:00:00
224282,9685,6979,3.28,2022-01-02 10:00:00
609585,5520,9188,535.7,2022-01-04 20:00:00
485440,6293,7537,174669.04,2022-01-04 01:00:00
481411,9646,4888,188.13,2022-01-04 01:00:00
1011363,5430,7712,16.42,2022-01-07 09:00:00
145213,7047,9941,9.33,2022-01-01 22:00:00
467417,417,5695,411.1,2022-01-03 23:00:00
608286,1584,8332,424.91,2022-01-04 20:00:00
409338,8756,2706,101.31,2022-01-03 14:00:00
800435,1209,8787,596660.62,2022-01-06 01:00:00
1312384,9639,2630,190.83,2022-01-09 06:00:00
1098745,5469,9961,507.63,2022-01-07 22:00:00
298089,2321,9002,32599.07,2022-01-02 21:00:00
1307828,4007,4028,17.17,2022-01-09 05:00:00
1273948,7520,5374,595.64,2022-01-09 00:00:00
495510,9412,5680,471.88,2022-01-04 03:00:00
664275,8038,7185,11.58,2022-01-05 04:00:00
852251,6777,7589,170.13,2022-01-06 09:00:00
673003,7762,8230,185.16,2022-01-05 06:00:00
260974,8049,4955,7.31,2022-01-02 16:00:00
298128,7766,5587,140.41,2022-01-02 21:00:00
545121,9647,5394,172.64,2022-01-04 10:00:00
519704,8517,5272,490.95,2022-01-04 07:00:00
533838,9759,9948,19.22,2022-01-04 09:00:00
1271887,9111,6771,8.87,2022-01-09 00:00:00
938686,462,8630,551.32,2022-01-06 22:00:00
1199322,5450,3990,565.96,2022-01-08 13:00:00
1131578,9167,7126,9.46,2022-01-08 03:00:00
883616,6352,8162,16.77,2022-01-06 13:00:00
6599,8587,4184,578.6,2022-01-01 01:00:00
235934,6101,2556,14.54,2022-01-02 12:00:00
94580,9061,6040,7.87,2022-01-01 15:00:00
647380,9652,675,111.47,2022-01-05 02:00:00
11776,1771,9976,199.55,2022-01-01 02:00:00
1299803,3199,2662,19.75,2022-01-09 04:00:00
8024,9688,9810,167.39,2022-01-01 01:00:00
1145946,9702,9956,193.36,2022-01-08 05:00:00
1182120,8181,9997,8.31,2022-01-08 10:00:00
1257197,1754,5687,133.16,2022-01-08 22:00:00
826928,9998,7688,323.79,2022-01-06 05:00:00
93475,5763,8701,152.25,2022-01-01 14:00:00
1168484,9125,6467,9.06,2022-01-08 08:00:00
1079620,7026,4698,14.49,2022-01-07 19:00:00
1008093,7013,6674,15.72,2022-01-07 08:00:00
118230,4703,9681,195.64,2022-01-01 18:00:00
1071692,9677,7491,149.38,2022-01-07 18:00:00
654473,8655,6097,113.47,2022-01-05 03:00:00
105619,3410,9213,597.03,2022-01-01 16:00:00
376751,2189,9893,21.46,2022-01-03 09:00:00
230176,5774,9189,131.75,2022-01-02 11:00:00
1090317,7098,6555,8.48,2022-01-07 21:00:00
504742,1353,9708,36140.92,2022-01-04 04:00:00
166127,9170,8427,8.03,2022-01-02 01:00:00
204971,5696,1598,196.99,2022-01-02 07:00:00
81126,6429,8222,502.54,2022-01-01 12:00:00
527107,7758,9271,129.41,2022-01-04 08:00:00
849964,400,8300,559.6,2022-01-06 08:00:00
1071780,7218,3841,7243694.0,2022-01-07 18:00:00
901950,9961,5115,15.64,2022-01-06 16:00:00
393055,5004,2841,12.76,2022-01-03 11:00:00
135075,3539,2635,572.28,2022-01-01 21:00:00
393005,5512,9873,495.64,2022-01-03 11:00:00
549752,6803,9631,3.97,2022-01-04 11:00:00
1196987,5446,3691,491.39,2022-01-08 13:00:00
303898,6533,3428,499.1,2022-01-02 22:00:00
1076085,7734,1442,145.16,2022-01-07 18:00:00
744341,8657,9988,197.8,2022-01-05 16:00:00
633666,4395,7882,106218.7,2022-01-05 00:00:00
456773,1238,8742,243311.84,2022-01-03 21:00:00
167873,7635,5319,185.28,2022-01-02 02:00:00
487473,9675,9018,192.17,2022-01-04 02:00:00
1156525,5357,9005,10054054.0,2022-01-08 06:00:00
1300447,6450,9278,578.55,2022-01-09 04:00:00
718758,4526,6916,487.02,2022-01-05 13:00:00
408278,7647,1283,188.88,2022-01-03 14:00:00
567871,7625,9987,164.85,2022-01-04 14:00:00
123900,6180,6680,16.0,2022-01-01 19:00:00
944107,1771,8370,199.55,2022-01-06 22:00:00
931059,5738,2935,180.19,2022-01-06 21:00:00
155533,3520,6375,545.77,2022-01-02 00:00:00
301460,6767,1895,179.03,2022-01-02 22:00:00
285103,5415,6361,406.3,2022-01-02 19:00:00
1210668,9622,5575,147.66,2022-01-08 15:00:00
792168,438,8589,476.67,2022-01-06 00:00:00
55894,5781,8613,121.01,2022-01-01 09:00:00
623687,8179,5525,10.76,2022-01-04 22:00:00
1203002,4529,9751,564.29,2022-01-08 13:00:00
267131,7034,5294,12.87,2022-01-02 17:00:00
851515,8656,6580,176.1,2022-01-06 09:00:00
783550,8609,6830,196.44,2022-01-05 22:00:00
1128797,5536,8121,435.19,2022-01-08 02:00:00
867878,8545,9466,559.09,2022-01-06 11:00:00
476998,9071,3164,6.93,2022-01-04 00:00:00
678437,8406,7462,515.78,2022-01-05 07:00:00
119568,9626,9952,115.29,2022-01-01 18:00:00
42148,4161,5956,17.39,2022-01-01 07:00:00
758535,1463,3638,586.25,2022-01-05 19:00:00
877358,9654,2770,165.25,2022-01-06 12:00:00
434533,9402,9201,461.73,2022-01-03 18:00:00
323,5140,9913,19.79,2022-01-01 00:00:00
1273358,1570,8552,589.03,2022-01-09 00:00:00
168364,6506,7066,415.79,2022-01-02 02:00:00
824446,5689,6357,171.55,2022-01-06 05:00:00
1301482,5295,7413,4.1,2022-01-09 04:00:00
376034,2099,9878,23.38,2022-01-03 09:00:00
290072,4789,9088,169.47,2022-01-02 20:00:00
77583,7762,3325,185.16,2022-01-01 12:00:00
363530,6414,4039,19.47,2022-01-03 07:00:00
858983,1605,734,125.31,2022-01-06 10:00:00
128166,7696,9665,19.62,2022-01-01 20:00:00
68068,4035,7583,14.94,2022-01-01 11:00:00
539541,8638,5111,149.53,2022-01-04 10:00:00
1135508,5202,9455,3.04,2022-01-08 03:00:00
1238667,465,3588,415.07,2022-01-08 19:00:00
231977,9131,9966,5.82,2022-01-02 11:00:00
315637,9651,6028,134.69,2022-01-03 00:00:00
546000,2129,3484,17.89,2022-01-04 11:00:00
1201251,1492,3317,480.23,2022-01-08 13:00:00
1058772,9748,2201,175.97,2022-01-07 16:00:00
557369,9500,7860,575.41,2022-01-04 12:00:00
1320609,4439,3957,591.6,2022-01-09 07:00:00
1176087,6206,8983,7877957.0,2022-01-08 09:00:00
747842,5107,9877,11.5,2022-01-05 17:00:00
611683,4663,8765,105.52,2022-01-04 21:00:00
42412,6061,2834,12.98,2022-01-01 07:00:00
1178556,8755,9734,149.63,2022-01-08 10:00:00
853810,8006,7377,13.62,2022-01-06 09:00:00
219970,6040,8048,18.9,2022-01-02 09:00:00
320222,9544,4169,13.22,2022-01-03 01:00:00
576492,5594,8057,545.55,2022-01-04 15:00:00
885848,5111,9786,21.81,2022-01-06 14:00:00
1248690,9279,7202,3.21,2022-01-08 20:00:00
50015,6452,9883,509.14,2022-01-01 08:00:00
482285,7160,8640,12.16,2022-01-04 01:00:00
323873,9743,9775,119.45,2022-01-03 01:00:00
327325,3405,1646,415.36,2022-01-03 02:00:00
136172,6075,1620,13.81,2022-01-01 21:00:00
937769,1591,3538,513.0,2022-01-06 22:00:00
336306,7720,8937,19.14,2022-01-03 03:00:00
551563,492,5592,537.28,2022-01-04 11:00:00
662974,6054,9759,10.96,2022-01-05 04:00:00
563727,4534,8502,10.73,2022-01-04 13:00:00
899038,6605,9915,116.3,2022-01-06 16:00:00
1280439,9785,8833,150.92,2022-01-09 01:00:00
22993,6985,2081,329.02,2022-01-01 04:00:00
862286,6939,9886,3.48,2022-01-06 10:00:00
345711,8148,3141,10.47,2022-01-03 04:00:00
259665,4221,2796,29503.91,2022-01-02 15:00:00
83635,9970,5781,216.75,2022-01-01 13:00:00
1037439,6146,9957,15.68,2022-01-07 13:00:00
411585,5633,446,130.72,2022-01-03 14:00:00
722234,122,1173,45.66,2022-01-05 13:00:00
1085115,517,9019,11.27,2022-01-07 20:00:00
467253,9032,5668,8.93,2022-01-03 23:00:00
1081005,2694,9711,169.35,2022-01-07 19:00:00
1241962,1562,2789,453.85,2022-01-08 19:00:00
85380,9682,6338,102.02,2022-01-01 13:00:00
809467,1454,8462,564.59,2022-01-06 02:00:00
840523,1549,7068,400.29,2022-01-06 07:00:00
346909,737,1304,145.57,2022-01-03 04:00:00
896277,5531,6870,482.51,2022-01-06 15:00:00
628137,4097,9162,17.33,2022-01-04 23:00:00
167413,5407,9177,488.92,2022-01-02 02:00:00
1110317,1505,9499,458.26,2022-01-08 00:00:00
481689,7622,9614,166.21,2022-01-04 01:00:00
884952,5233,9655,3.59,2022-01-06 14:00:00
478996,4492,7274,513.54,2022-01-04 00:00:00
526760,9159,540,9.33,2022-01-04 08:00:00
1007089,3101,9798,23.76,2022-01-07 08:00:00
548428,9434,4382,585.29,2022-01-04 11:00:00
780053,9652,1686,111.47,2022-01-05 22:00:00
718715,1573,8442,538.46,2022-01-05 13:00:00
780071,6673,6054,165.58,2022-01-05 22:00:00
452202,8534,9487,574.92,2022-01-03 20:00:00
195088,7594,5470,530.65,2022-01-02 06:00:00
381558,3447,8068,420.08,2022-01-03 10:00:00
800546,3629,3533,153.52,2022-01-06 01:00:00
1049872,6533,3428,499.1,2022-01-07 14:00:00
272811,4514,4393,533.16,2022-01-02 17:00:00
1117151,4001,8881,3.01,2022-01-08 01:00:00
92160,5440,1888,535.59,2022-01-01 14:00:00
612473,9664,8066,117.54,2022-01-04 21:00:00
1182701,6512,1910,414.14,2022-01-08 10:00:00
20673,1444,9441,478.64,2022-01-01 03:00:00
1134174,1492,3317,480.23,2022-01-08 03:00:00
136994,679,9862,143.52,2022-01-01 21:00:00
1119995,9758,9484,183.74,2022-01-08 01:00:00
1181060,419,3228,483.57,2022-01-08 10:00:00
913601,5151,9601,19.34,2022-01-06 18:00:00
1196465,2074,8386,33.1,2022-01-08 13:00:00
1120957,8111,6940,14.19,2022-01-08 01:00:00
488237,8070,9231,12.03,2022-01-04 02:00:00
147841,9054,6793,7.91,2022-01-01 23:00:00
68441,433,2405,523.47,2022-01-01 11:00:00
993649,9797,4189,141.02,2022-01-07 06:00:00
691980,588,1784,553.72,2022-01-05 09:00:00
1232788,6608,9129,177.53,2022-01-08 18:00:00
634558,9046,3374,8.23,2022-01-05 00:00:00
167607,9762,4610,103.43,2022-01-02 02:00:00
424626,7103,5199,8.58,2022-01-03 16:00:00
1257556,3087,5867,16.98,2022-01-08 22:00:00
1248248,9996,9980,344.98,2022-01-08 20:00:00
500504,8109,1765,9.45,2022-01-04 04:00:00
1119145,9159,4636,9.33,2022-01-08 01:00:00
618939,4410,8486,426.14,2022-01-04 22:00:00
564682,6730,7490,3.44,2022-01-04 13:00:00
865251,9327,9795,3787032.75,2022-01-06 11:00:00
87360,9612,9323,178.16,2022-01-01 13:00:00
602920,4590,806,19.47,2022-01-04 19:00:00
236504,9786,9878,101.3,2022-01-02 12:00:00
1019238,7540,8321,563.96,2022-01-07 10:00:00
1275137,3489,9961,436.8,2022-01-09 00:00:00
708650,7574,6340,455.19,2022-01-05 11:00:00
699848,2000,9814,20.14,2022-01-05 10:00:00
751531,8714,7620,137.05,2022-01-05 18:00:00
423089,2477,5483,536.71,2022-01-03 16:00:00
106767,9037,3015,9.21,2022-01-01 16:00:00
1019851,9172,5968,9.39,2022-01-07 10:00:00
337841,2327,8048,21388.28,2022-01-03 03:00:00
213618,2088,8972,30.61,2022-01-02 09:00:00
833853,6663,7172,147.6,2022-01-06 06:00:00
1271979,9654,4339,165.25,2022-01-09 00:00:00
442480,9155,9525,5.22,2022-01-03 19:00:00
684727,1056,6852,28.96,2022-01-05 08:00:00
321055,9480,6674,577.34,2022-01-03 01:00:00
753653,5550,7145,564.67,2022-01-05 18:00:00
1221588,4529,9751,564.29,2022-01-08 16:00:00
801168,6499,6551,556.46,2022-01-06 01:00:00
1171517,9784,9621,168.92,2022-01-08 09:00:00
738537,9647,767,172.64,2022-01-05 16:00:00
594046,2576,4617,466.07,2022-01-04 18:00:00
400703,8100,5413,7.53,2022-01-03 13:00:00
524188,3136,9688,28.53,2022-01-04 07:00:00
1133094,8607,4856,14.96,2022-01-08 03:00:00
610273,9549,9243,543.54,2022-01-04 20:00:00
298602,5790,8882,172.08,2022-01-02 21:00:00
320241,9611,5013,112.83,2022-01-03 01:00:00
487602,5192,9608,17.87,2022-01-04 02:00:00
432589,117,2134,34.22,2022-01-03 17:00:00
680456,6125,8472,11.95,2022-01-05 07:00:00
681592,6790,9917,180.61,2022-01-05 07:00:00
477395,3533,5264,473.29,2022-01-04 00:00:00
44271,5144,6012,16.44,2022-01-01 07:00:00
1299711,8612,9480,122.63,2022-01-09 04:00:00
1263725,9649,9068,192.25,2022-01-08 23:00:00
170724,6016,9649,16.7,2022-01-02 02:00:00
824823,4475,9496,420.64,2022-01-06 05:00:00
395866,9625,9099,199.88,2022-01-03 12:00:00
353907,4641,6980,129.88,2022-01-03 05:00:00
95508,7932,6269,3.17,2022-01-01 15:00:00
486859,420,6828,498.36,2022-01-04 02:00:00
46646,9906,9785,279.17,2022-01-01 07:00:00
521611,1156,9236,30.34,2022-01-04 07:00:00
978356,7049,8990,16.55,2022-01-07 04:00:00
145944,1647,9904,124.3,2022-01-01 22:00:00
285858,9726,9715,147.44,2022-01-02 19:00:00
411008,4480,3515,470.82,2022-01-03 14:00:00
586055,6292,7396,19.02,2022-01-04 17:00:00
33024,1534,7076,440.05,2022-01-01 05:00:00
852043,7787,9891,100.8,2022-01-06 09:00:00
936967,5525,709,523.02,2022-01-06 21:00:00
314291,7513,3338,14.13,2022-01-03 00:00:00
193068,3077,8944,18.8,2022-01-02 05:00:00
875446,9619,9995,166.1,2022-01-06 12:00:00
974535,8121,9039,11.89,2022-01-07 03:00:00
257925,4930,1545,290.19,2022-01-02 15:00:00
1301620,6154,9540,11.72,2022-01-09 04:00:00
916944,8625,9872,109.44,2022-01-06 19:00:00
880319,5778,9358,149.35,2022-01-06 13:00:00
180752,8794,1547,127.08,2022-01-02 04:00:00
89273,6474,9234,400.35,2022-01-01 14:00:00
569203,8076,4236,13.46,2022-01-04 14:00:00
998800,9827,7945,18.79,2022-01-07 07:00:00
1114241,5959,88,230.71,2022-01-08 00:00:00
359684,9037,9655,9.21,2022-01-03 06:00:00
769146,2167,5518,32.37,2022-01-05 20:00:00
100017,207,9496,796.28,2022-01-01 15:00:00
1023638,9530,7300,487.54,2022-01-07 10:00:00
1073485,5729,4991,136.91,2022-01-07 18:00:00
659442,6449,7660,573.2,2022-01-05 04:00:00
414526,9659,1075,191.0,2022-01-03 15:00:00
887109,1517,8014,595.33,2022-01-06 14:00:00
1147371,4489,9960,500.82,2022-01-08 05:00:00
1089810,8408,5195,478.77,2022-01-07 20:00:00
1094234,7073,9826,16.59,2022-01-07 21:00:00
875915,1465,1128,574.94,2022-01-06 12:00:00
708883,8056,2247,8.54,2022-01-05 11:00:00
698578,4456,9387,427.29,2022-01-05 10:00:00
889714,8443,8530,583.79,2022-01-06 14:00:00
297094,6176,6517,19.09,2022-01-02 21:00:00
20510,9659,9799,191.0,2022-01-01 03:00:00
435161,746,4791,167.27,2022-01-03 18:00:00
546068,6718,8283,161.61,2022-01-04 11:00:00
1050022,4573,9103,441.83,2022-01-07 14:00:00
67662,6623,4796,144.19,2022-01-01 11:00:00
605918,5153,2881,18.47,2022-01-04 20:00:00
1056112,3781,5547,157.08,2022-01-07 15:00:00
147325,4675,8569,142.33,2022-01-01 22:00:00
468496,6186,8043,17.01,2022-01-03 23:00:00
272025,9039,9147,6.85,2022-01-02 17:00:00
972404,5629,8458,180.27,2022-01-07 03:00:00
1050817,8041,3338,12.36,2022-01-07 15:00:00
348208,2841,9631,270.57,2022-01-03 05:00:00
296488,1518,2930,513.17,2022-01-02 21:00:00
1205189,8085,8493,8.02,2022-01-08 14:00:00
815981,9664,2973,117.54,2022-01-06 03:00:00
295164,6874,5956,4.89,2022-01-02 21:00:00
840776,4133,9670,12.64,2022-01-06 07:00:00
652802,2004,9581,19.64,2022-01-05 03:00:00
1068720,7559,9367,449.45,2022-01-07 17:00:00
1118121,9060,5975,5.34,2022-01-08 01:00:00
73830,7070,9904,9.79,2022-01-01 11:00:00
77696,2686,118,195.35,2022-01-01 12:00:00
82,6976,9739,4.85,2022-01-01 00:00:00
458741,1590,4273,475.45,2022-01-03 21:00:00
337730,9140,9820,8.37,2022-01-03 03:00:00
786217,1454,8462,564.59,2022-01-05 23:00:00
817222,9103,4901,6.22,2022-01-06 03:00:00
690379,4031,9378,14.18,2022-01-05 08:00:00
139589,9111,5477,8.87,2022-01-01 21:00:00
1045384,554,9783,488.95,2022-01-07 14:00:00
278386,3750,6353,121.06,2022-01-02 18:00:00
383052,9754,8870,173.49,2022-01-03 10:00:00
1187921,5435,5265,527.2,2022-01-08 11:00:00
1322144,9578,6097,435.35,2022-01-09 07:00:00
738449,9274,1435,1292275.12,2022-01-05 16:00:00
1163794,5526,7354,451.1,2022-01-08 08:00:00
1046153,511,3938,424.64,2022-01-07 14:00:00
672995,4496,6099,432.14,2022-01-05 06:00:00
253201,3503,9695,3.9,2022-01-02 15:00:00
1051473,3089,9001,23.42,2022-01-07 15:00:00
68723,6177,1611,13.24,2022-01-01 11:00:00
14351,8158,693,8.26,2022-01-01 02:00:00
1287490,6754,7301,133.47,2022-01-09 02:00:00
193482,98,2826,53.75,2022-01-02 06:00:00
769943,7039,7028,12.84,2022-01-05 20:00:00
458538,24,5443,73.6,2022-01-03 21:00:00
440263,7440,9982,544.26,2022-01-03 19:00:00
1106250,469,9961,580.21,2022-01-07 23:00:00
559059,5151,7528,19.34,2022-01-04 13:00:00
963323,8789,4760,182.41,2022-01-07 01:00:00
691651,9738,9918,139.5,2022-01-05 09:00:00
1261281,3074,1738,20.63,2022-01-08 22:00:00
1139197,5755,6254,100.0,2022-01-08 04:00:00
633392,9971,9860,356.47,2022-01-05 00:00:00
711878,6521,8993,588.85,2022-01-05 12:00:00
262523,9464,2191,463.45,2022-01-02 16:00:00
209658,58,7685,56.88,2022-01-02 08:00:00
222292,6464,7065,452.89,2022-01-02 10:00:00
981058,4078,7080,19.46,2022-01-07 04:00:00
514540,6877,9997,238.41,2022-01-04 06:00:00
205215,3582,6907,497.2,2022-01-02 07:00:00
355555,7497,6144,441.01,2022-01-03 06:00:00
402085,2975,1336,284.38,2022-01-03 13:00:00
815197,7622,8351,166.21,2022-01-06 03:00:00
1031637,524,6583,494.67,2022-01-07 12:00:00
187404,6256,8032,4.47,2022-01-02 05:00:00
481000,3682,250,137.52,2022-01-04 01:00:00
348280,9186,9833,6.41,2022-01-03 05:00:00
293725,6401,3449,524.67,2022-01-02 21:00:00
921865,8772,9917,190.61,2022-01-06 19:00:00
1028662,2717,1639,176.14,2022-01-07 11:00:00
96519,1633,3035,168.21,2022-01-01 15:00:00
636553,9994,2785,4.04,2022-01-05 00:00:00
1032415,5502,8871,536.16,2022-01-07 12:00:00
46822,6680,9096,10.39,2022-01-01 07:00:00
29844,3728,8996,3.88,2022-01-01 05:00:00
1152664,5501,1478,587.47,2022-01-08 06:00:00
676045,6753,8699,149.02,2022-01-05 06:00:00
1195163,6613,8184,162.3,2022-01-08 12:00:00
1302178,6598,1655,14.85,2022-01-09 04:00:00
1164064,3459,8497,435.1,2022-01-08 08:00:00
452472,7739,4522,197.36,2022-01-03 21:00:00
1262212,1764,7073,158.61,2022-01-08 22:00:00
465560,9132,8066,8.23,2022-01-03 22:00:00
412008,615,2187,130.55,2022-01-03 14:00:00
221608,5686,4030,148.33,2022-01-02 10:00:00
1013402,50,3912,90.16,2022-01-07 09:00:00
990014,7091,9961,9.46,2022-01-07 05:00:00
96019,9760,2089,101.22,2022-01-01 15:00:00
896069,9779,7136,168.61,2022-01-06 15:00:00
332999,5143,9977,13.22,2022-01-03 02:00:00
180333,5540,3638,541.69,2022-01-02 04:00:00
375488,8131,8885,9.07,2022-01-03 09:00:00
111230,5628,9669,156.52,2022-01-01 17:00:00
510878,8473,9950,533.11,2022-01-04 05:00:00
304394,9762,9274,103.43,2022-01-02 22:00:00
622773,9747,6745,101.44,2022-01-04 22:00:00
875572,4432,2801,414.82,2022-01-06 12:00:00
1008055,7575,55,585.63,2022-01-07 08:00:00
420771,3003,5404,16.12,2022-01-03 16:00:00
1238123,8471,8574,503.08,2022-01-08 19:00:00
1120298,9076,9579,7.19,2022-01-08 01:00:00
37933,4695,175,120.44,2022-01-01 06:00:00
764997,3236,6877,1475163.0,2022-01-05 20:00:00
214914,9327,2284,13.56,2022-01-02 09:00:00
19568,3058,9931,25.17,2022-01-01 03:00:00
321383,8618,6354,19.14,2022-01-03 01:00:00
365252,7471,3935,519.45,2022-01-03 07:00:00
495759,7085,1755,11.4,2022-01-04 03:00:00
328693,9608,5849,133.19,2022-01-03 02:00:00
398126,3954,9843,19.47,2022-01-03 12:00:00
354219,9180,6993,5.2,2022-01-03 06:00:00
609114,1674,2312,114.66,2022-01-04 20:00:00
1039837,6858,9953,291.48,2022-01-07 13:00:00
758367,3704,3625,163.33,2022-01-05 19:00:00
342722,9007,7662,5.41,2022-01-03 04:00:00
1190030,9739,8372,165.66,2022-01-08 12:00:00
1063648,5072,4230,18.52,2022-01-07 16:00:00
1211390,1587,2525,490.98,2022-01-08 15:00:00
974759,9046,9974,8.23,2022-01-07 03:00:00
315431,9992,3473,15.02,2022-01-03 00:00:00
762689,5174,6525,21.97,2022-01-05 19:00:00
1042711,9012,2692,5.07,2022-01-07 13:00:00
459924,6548,9840,511.97,2022-01-03 22:00:00
1066459,7761,9370,112.98,2022-01-07 17:00:00
656974,5130,6604,18.28,2022-01-05 03:00:00
1202271,1648,8908,190.5,2022-01-08 13:00:00
429129,9812,7234,14.96,2022-01-03 17:00:00
1321058,2426,1117,499.26,2022-01-09 07:00:00
475116,2686,118,195.35,2022-01-04 00:00:00
506815,9230,9985,4.61,2022-01-04 05:00:00
336203,191,4117,34.46,2022-01-03 03:00:00
989220,9991,9985,365.57,2022-01-07 05:00:00
609276,3016,3658,19.44,2022-01-04 20:00:00
155970,8768,6928,178.69,2022-01-02 00:00:00
1282490,3490,4151,439.44,2022-01-09 01:00:00
955837,7142,7975,14.9,2022-01-07 00:00:00
1307444,7083,4303,19.45,2022-01-09 05:00:00
565897,7223,7441,15.36,2022-01-04 14:00:00
649814,4772,9613,128.94,2022-01-05 02:00:00
415695,7701,9415,127.73,2022-01-03 15:00:00
585441,9602,7029,2.89,2022-01-04 17:00:00
944563,9070,9849,6.47,2022-01-06 23:00:00
563800,5513,9908,577.65,2022-01-04 13:00:00
860581,5471,8762,474.6,2022-01-06 10:00:00
1206664,9502,8695,477.75,2022-01-08 14:00:00
1035079,9062,682,7.36,2022-01-07 12:00:00
658104,6534,8740,441.6,2022-01-05 04:00:00
1138814,8189,6619,9.74,2022-01-08 04:00:00
421896,3117,4375,24.32,2022-01-03 16:00:00
1297668,9734,9908,151.13,2022-01-09 04:00:00
1238975,412,1513,412.45,2022-01-08 19:00:00
1249706,4107,3214,21.41,2022-01-08 21:00:00
285953,156,3322,41.68,2022-01-02 19:00:00
281964,6040,8048,18.9,2022-01-02 19:00:00
757133,3571,8398,417.16,2022-01-05 18:00:00
725404,5256,9257,1640407.5,2022-01-05 14:00:00
273475,9761,4437,111.16,2022-01-02 18:00:00
58991,5136,1023,17.41,2022-01-01 09:00:00
828728,1800,7563,302.54,2022-01-06 05:00:00
905811,7473,9970,447.92,2022-01-06 17:00:00
27364,6792,9539,161.64,2022-01-01 04:00:00
1279050,7889,9529,3.84,2022-01-09 01:00:00
961888,8551,9311,486.92,2022-01-07 01:00:00
384479,3455,7242,446.69,2022-01-03 10:00:00
428522,6587,960,494.64,2022-01-03 17:00:00
139625,6195,4111,10.84,2022-01-01 21:00:00
440226,6656,5155,10.92,2022-01-03 19:00:00
57283,4150,2968,15.91,2022-01-01 09:00:00
498151,8196,6916,10.52,2022-01-04 03:00:00
40382,6768,6579,199.49,2022-01-01 06:00:00
826541,5376,3112,4.71,2022-01-06 05:00:00
764561,2401,9993,560.09,2022-01-05 20:00:00
180660,1456,9532,511.73,2022-01-02 04:00:00
66682,4880,9257,279.82,2022-01-01 10:00:00
99192,9796,6638,168.05,2022-01-01 15:00:00
629159,7434,6938,437.58,2022-01-04 23:00:00
212384,2375,6312,19113.12,2022-01-02 08:00:00
1223700,3472,100,478.89,2022-01-08 17:00:00
683110,4114,6010,23.74,2022-01-05 07:00:00
807381,6418,1600,469.42,2022-01-06 02:00:00
174566,8603,3229,175.05,2022-01-02 03:00:00
784869,5125,5195,19.9,2022-01-05 23:00:00
184774,5602,9988,149.5,2022-01-02 04:00:00
714210,5564,8155,468.19,2022-01-05 12:00:00
291013,8779,3339,156.57,2022-01-02 20:00:00
1780,4134,9976,19.02,2022-01-01 00:00:00
1265821,9012,7611,5.07,2022-01-08 23:00:00
743583,9116,6772,15.15,2022-01-05 16:00:00
277607,9690,9613,163.19,2022-01-02 18:00:00
624506,3618,9990,198.03,2022-01-04 23:00:00
905933,6068,2066,17.12,2022-01-06 17:00:00
1075596,9570,8794,506.67,2022-01-07 18:00:00
652052,8799,8608,17.64,2022-01-05 03:00:00
1002570,4388,756,3382754.25,2022-01-07 07:00:00
559215,577,5691,587.41,2022-01-04 13:00:00
186110,5749,8779,149.78,2022-01-02 04:00:00
670505,8722,9689,175.32,2022-01-05 05:00:00
304673,2489,6670,503.55,2022-01-02 22:00:00
776133,4459,9620,585.46,2022-01-05 21:00:00
356247,9661,8916,183.52,2022-01-03 06:00:00
114867,9652,9996,111.47,2022-01-01 18:00:00
176036,6034,3745,13.09,2022-01-02 03:00:00
1207432,8037,9965,12.47,2022-01-08 14:00:00
619286,4447,8553,560.1,2022-01-04 22:00:00
451621,1180,8522,34.22,2022-01-03 20:00:00
690533,7742,2859,148.33,2022-01-05 08:00:00
208430,6150,3043,19.44,2022-01-02 08:00:00
1130647,8765,5366,128.82,2022-01-08 03:00:00
676181,105,8001,40.68,2022-01-05 06:00:00
1299610,1468,2526,401.02,2022-01-09 04:00:00
405653,5558,1844,490.51,2022-01-03 13:00:00
1232574,9999,6343,19.23,2022-01-08 18:00:00
917274,8018,9357,8.32,2022-01-06 19:00:00
1025603,7488,9993,592.48,2022-01-07 11:00:00
539441,9701,7630,163.08,2022-01-04 10:00:00
937410,9680,9402,128.36,2022-01-06 22:00:00
77018,6704,9011,174.49,2022-01-01 12:00:00
486752,7164,9831,15.0,2022-01-04 02:00:00
430081,7398,7952,144164.75,2022-01-03 17:00:00
34016,2682,9044,155.16,2022-01-01 05:00:00
913826,9619,7621,16.27,2022-01-06 18:00:00
1002623,4738,91,179.19,2022-01-07 07:00:00
526443,8770,2683,140.55,2022-01-04 08:00:00
599050,8619,9538,129.63,2022-01-04 19:00:00
1083103,4759,1668,145.16,2022-01-07 19:00:00
74538,9194,5601,7.41,2022-01-01 12:00:00
1179081,8478,7131,548.79,2022-01-08 10:00:00
571036,4115,7810,23.99,2022-01-04 14:00:00
1133050,9793,7453,3.21,2022-01-08 03:00:00
963101,7396,9998,14.77,2022-01-07 01:00:00
487883,8846,7450,368.35,2022-01-04 02:00:00
589027,9077,9567,7.99,2022-01-04 17:00:00
290008,3785,5060,131.0,2022-01-02 20:00:00
848954,4133,7139,15.64,2022-01-06 08:00:00
264298,502,5839,401.98,2022-01-02 16:00:00
131994,7196,9407,16.08,2022-01-01 20:00:00
803290,8549,5198,578.19,2022-01-06 01:00:00
1018405,7404,9158,569.91,2022-01-07 10:00:00
1269513,5052,816,12.28,2022-01-08 23:00:00
455968,3171,7083,23.03,2022-01-03 21:00:00
229113,4840,5283,208.11,2022-01-02 11:00:00
205681,9768,9880,161.94,2022-01-02 07:00:00
130709,1146,9122,32.96,2022-01-01 20:00:00
530550,567,8067,455.39,2022-01-04 08:00:00
902729,9401,4777,19.0,2022-01-06 16:00:00
175267,6622,8469,129.25,2022-01-02 03:00:00
1176928,717,6731,149.02,2022-01-08 10:00:00
1036946,3036,4188,16.15,2022-01-07 12:00:00
593136,9797,3314,141.02,2022-01-04 18:00:00
570296,6185,8878,18.27,2022-01-04 14:00:00
1267738,7030,8929,11.51,2022-01-08 23:00:00
90523,7087,9834,11.8,2022-01-01 14:00:00
459794,9963,8857,3.82,2022-01-03 22:00:00
28707,3648,7868,110.38,2022-01-01 05:00:00
1055983,3227,9990,10.81,2022-01-07 15:00:00
256130,4041,7615,15.51,2022-01-02 15:00:00
137038,9656,9679,179.97,2022-01-01 21:00:00
287267,3034,8303,15.44,2022-01-02 20:00:00
306497,3783,9913,193.69,2022-01-02 23:00:00
973162,4965,7609,390.14,2022-01-07 03:00:00
1160452,3974,9927,3.88,2022-01-08 07:00:00
437696,5595,45,558.26,2022-01-03 18:00:00
267975,6623,6001,144.19,2022-01-02 17:00:00
813866,9729,9960,103.44,2022-01-06 03:00:00
1086548,9776,7596,114.16,2022-01-07 20:00:00
843020,2640,9952,101.62,2022-01-06 07:00:00
95289,9135,9889,6.59,2022-01-01 15:00:00
189519,1544,484,520.92,2022-01-02 05:00:00
245521,9147,5362,6.49,2022-01-02 13:00:00
605420,9751,6276,128.78,2022-01-04 20:00:00
1004135,2542,7395,461.26,2022-01-07 08:00:00
517332,545,2724,415.57,2022-01-04 06:00:00
1071855,4404,9694,490.95,2022-01-07 18:00:00
484661,8193,1315,7.49,2022-01-04 01:00:00
1066569,4040,9247,24.95,2022-01-07 17:00:00
1221653,3189,7697,23.38,2022-01-08 16:00:00
595223,8717,2495,158.0,2022-01-04 18:00:00
923460,3170,9585,21.83,2022-01-06 19:00:00
1143634,2599,5460,19.54,2022-01-08 04:00:00
537347,7121,9397,12.48,2022-01-04 09:00:00
774887,9725,5285,135.53,2022-01-05 21:00:00
618114,7474,9645,3.79,2022-01-04 22:00:00
1112915,2078,1261,17.12,2022-01-08 00:00:00
252782,5602,6346,149.5,2022-01-02 14:00:00
843924,5423,6284,418.2,2022-01-06 07:00:00
605419,9751,4591,128.78,2022-01-04 20:00:00
619654,9686,8995,128.75,2022-01-04 22:00:00
71591,6728,6631,158.16,2022-01-01 11:00:00
610309,6242,7251,195042.82,2022-01-04 20:00:00
247721,7021,8092,10.15,2022-01-02 14:00:00
435521,8556,6594,456.16,2022-01-03 18:00:00
247464,5826,9133,376.13,2022-01-02 14:00:00
555637,1480,9970,473.5,2022-01-04 12:00:00
1232701,4652,4699,196.52,2022-01-08 18:00:00
452599,9707,9816,166.41,2022-01-03 21:00:00
307655,8600,7517,2.68,2022-01-02 23:00:00
796806,8749,9033,113.79,2022-01-06 00:00:00
727638,8106,9626,11.22,2022-01-05 14:00:00
506535,8715,7951,150.44,2022-01-04 05:00:00
678465,560,126,545.64,2022-01-05 07:00:00
1217919,554,9783,488.95,2022-01-08 16:00:00
1275250,7788,6810,130.88,2022-01-09 00:00:00
464866,1661,1398,164.57,2022-01-03 22:00:00
824916,7133,8746,10.62,2022-01-06 05:00:00
148315,6686,4847,159.58,2022-01-01 23:00:00
236129,9495,6394,553.77,2022-01-02 12:00:00
219446,747,9940,16.44,2022-01-02 09:00:00
876665,6099,7589,17.03,2022-01-06 12:00:00
5659,7745,2136,119.58,2022-01-01 01:00:00
1269508,5052,9528,12.28,2022-01-08 23:00:00
1044266,1741,8907,138.42,2022-01-07 14:00:00
1158192,6403,77,576.52,2022-01-08 07:00:00
806736,9558,2191,461.85,2022-01-06 02:00:00
709881,7416,6939,539.4,2022-01-05 11:00:00
194947,8564,6154,427.48,2022-01-02 06:00:00
257373,4733,4615,138.77,2022-01-02 15:00:00
492716,2572,477,406.23,2022-01-04 03:00:00
507031,8081,563,10.03,2022-01-04 05:00:00
857634,2275,3112,3.5,2022-01-06 09:00:00
1290130,9709,1396,2.74,2022-01-09 03:00:00
667896,8136,9973,13.8,2022-01-05 05:00:00
243812,6650,9997,129.13,2022-01-02 13:00:00
492985,9627,9901,140.52,2022-01-04 03:00:00
1160717,5353,2537,10.48,2022-01-08 07:00:00
721520,9698,8443,126.26,2022-01-05 13:00:00
1095774,3556,9557,437.6,2022-01-07 21:00:00
810043,7128,9916,9.21,2022-01-06 02:00:00
513654,6047,5130,10.06,2022-01-04 06:00:00
546876,9659,9413,191.0,2022-01-04 11:00:00
171032,3774,7167,174.3,2022-01-02 02:00:00
921205,3675,9944,134.33,2022-01-06 19:00:00
1084299,6712,6083,152.17,2022-01-07 20:00:00
367010,9759,7656,197.52,2022-01-03 08:00:00
502713,7635,8594,185.28,2022-01-04 04:00:00
907700,1020,4809,39.81,2022-01-06 17:00:00
491713,3736,725,114.04,2022-01-04 02:00:00
328233,749,8671,186.0,2022-01-03 02:00:00
905952,8109,7068,9.45,2022-01-06 17:00:00
260982,6741,9467,190.61,2022-01-02 16:00:00
946361,5669,9366,172.39,2022-01-06 23:00:00
973952,3463,2458,402.73,2022-01-07 03:00:00
52793,387,5041,2381.15,2022-01-01 08:00:00
136995,679,8443,143.52,2022-01-01 21:00:00
469491,9684,4615,126.61,2022-01-03 23:00:00
72457,9791,3539,112.93,2022-01-01 11:00:00
221345,5698,4216,141.66,2022-01-02 10:00:00
214364,4094,9971,22.58,2022-01-02 09:00:00
73974,5064,9876,21.96,2022-01-01 11:00:00
943924,2630,9631,183.66,2022-01-06 22:00:00
822606,1592,3603,467.11,2022-01-06 04:00:00
174771,9708,9847,161.83,2022-01-02 03:00:00
453781,9183,6168,6.93,2022-01-03 21:00:00
639156,6275,3958,212532.57,2022-01-05 01:00:00
892157,8142,1068,14.24,2022-01-06 15:00:00
1193548,7121,3896,12.48,2022-01-08 12:00:00
10430,8718,6929,145.97,2022-01-01 02:00:00
402279,5771,7886,155.24,2022-01-03 13:00:00
227898,3793,3496,178.42,2022-01-02 11:00:00
357568,9136,6328,8.9,2022-01-03 06:00:00
1141773,9701,9977,163.08,2022-01-08 04:00:00
179808,6671,8816,184.1,2022-01-02 03:00:00
1214404,5662,9721,188.13,2022-01-08 15:00:00
963829,7726,3928,125.23,2022-01-07 02:00:00
734505,9995,9145,3.38,2022-01-05 15:00:00
338417,7732,4274,195.63,2022-01-03 03:00:00
367772,9786,9779,101.3,2022-01-03 08:00:00
1294697,4534,9499,597.84,2022-01-09 03:00:00
592923,7344,9982,115925.07,2022-01-04 18:00:00
1322711,8908,3629,10.98,2022-01-09 07:00:00
77016,6704,6537,174.49,2022-01-01 12:00:00
543747,9680,5860,128.36,2022-01-04 10:00:00
794548,8687,9920,195.63,2022-01-06 00:00:00
56907,8670,9828,123.61,2022-01-01 09:00:00
207087,4609,3285,189.19,2022-01-02 08:00:00
220730,508,8563,440.95,2022-01-02 10:00:00
1261770,6747,9916,138.47,2022-01-08 22:00:00
69649,8111,8816,14.19,2022-01-01 11:00:00
179880,457,9114,503.79,2022-01-02 03:00:00
902539,7430,5459,3.77,2022-01-06 16:00:00
749655,4091,8079,23.38,2022-01-05 17:00:00
186285,7456,9179,537.15,2022-01-02 04:00:00
816447,9809,8375,14.63,2022-01-06 03:00:00
736746,8154,9501,13.09,2022-01-05 15:00:00
480525,8686,8060,122.06,2022-01-04 01:00:00
1285303,4409,6781,474.88,2022-01-09 02:00:00
240064,4708,3521,146.19,2022-01-02 13:00:00
1169484,9732,9174,121.75,2022-01-08 08:00:00
1280183,6616,4057,132.03,2022-01-09 01:00:00
1131863,6429,8222,502.54,2022-01-08 03:00:00
76302,3227,5979,3.51,2022-01-01 12:00:00
446859,8099,9648,12.83,2022-01-03 20:00:00
570484,5079,1011,11.13,2022-01-04 14:00:00
927842,1067,9976,38.8,2022-01-06 20:00:00
1115274,5497,8398,577.21,2022-01-08 00:00:00
239283,4799,7789,166.0,2022-01-02 12:00:00
881103,7773,9869,127.05,2022-01-06 13:00:00
496498,7738,1922,172.72,2022-01-04 03:00:00
92884,5020,1273,19.47,2022-01-01 14:00:00
1306722,2540,2536,529.46,2022-01-09 05:00:00
1264704,4709,9433,156.47,2022-01-08 23:00:00
913139,9626,3680,115.29,2022-01-06 18:00:00
819375,1613,9950,152.24,2022-01-06 04:00:00
1075389,8706,9981,181.8,2022-01-07 18:00:00
643406,8783,9602,157.83,2022-01-05 01:00:00
972509,6757,3742,110.11,2022-01-07 03:00:00
596746,2313,9936,549475.87,2022-01-04 18:00:00
64877,728,9943,197.07,2022-01-01 10:00:00
1232458,8629,9999,10.35,2022-01-08 18:00:00
392948,4497,8154,436.82,2022-01-03 11:00:00
915461,2720,3945,197.16,2022-01-06 18:00:00
938883,1703,9179,131.21,2022-01-06 22:00:00
560331,4024,6608,23.36,2022-01-04 13:00:00
127188,8532,9663,469.27,2022-01-01 19:00:00
968924,8635,1721,169.74,2022-01-07 02:00:00
918124,7016,7029,9.76,2022-01-06 19:00:00
788389,7587,5032,415.23,2022-01-05 23:00:00
1143833,456,9125,562.04,2022-01-08 04:00:00
521755,6504,9354,438.55,2022-01-04 07:00:00
1096910,7130,7220,14.48,2022-01-07 22:00:00
260748,6570,3704,567.96,2022-01-02 16:00:00
812543,2470,6540,417.05,2022-01-06 03:00:00
1128570,5714,4433,195.27,2022-01-08 02:00:00
813728,9036,2373,5.78,2022-01-06 03:00:00
909148,8715,9866,150.44,2022-01-06 17:00:00
1073750,9667,1807,150.8,2022-01-07 18:00:00
873103,9343,9140,2550744.75,2022-01-06 12:00:00
943580,6461,9344,420.42,2022-01-06 22:00:00
800395,2755,6573,103.19,2022-01-06 01:00:00
462685,8473,9950,533.11,2022-01-03 22:00:00
1025811,9796,2644,168.05,2022-01-07 11:00:00
725987,9625,9933,199.88,2022-01-05 14:00:00
918887,9145,8262,8.23,2022-01-06 19:00:00
367707,7694,8611,153.47,2022-01-03 08:00:00
383054,9754,7124,173.49,2022-01-03 10:00:00
785943,6614,7156,153.8,2022-01-05 23:00:00
165657,8149,6258,13.13,2022-01-02 01:00:00
1082268,8727,9786,131.5,2022-01-07 19:00:00
12143,7147,6648,10.02,2022-01-01 02:00:00
1018429,9723,8482,2.75,2022-01-07 10:00:00
383570,1000,8094,38.93,2022-01-03 10:00:00
469787,534,6262,579.53,2022-01-03 23:00:00
426368,9169,6054,7.72,2022-01-03 16:00:00
868281,5332,3215,1677890.5,2022-01-06 11:00:00
904612,8676,8895,128.36,2022-01-06 17:00:00
1243476,9426,9564,473.32,2022-01-08 20:00:00
580114,9673,9810,122.95,2022-01-04 16:00:00
348761,7292,8028,17441.04,2022-01-03 05:00:00
617777,3154,9950,23.39,2022-01-04 21:00:00
307750,6354,9902,19.14,2022-01-02 23:00:00
172849,8693,6328,128.33,2022-01-02 02:00:00
275129,3679,7485,136.19,2022-01-02 18:00:00
529210,9617,2491,3.3,2022-01-04 08:00:00
725193,9892,6553,399.57,2022-01-05 14:00:00
378367,6602,4769,131.77,2022-01-03 09:00:00
107452,9193,7635,4.63,2022-01-01 16:00:00
700458,9786,5066,101.3,2022-01-05 10:00:00
1146558,3642,2951,151.33,2022-01-08 05:00:00
551701,3587,3837,537.95,2022-01-04 11:00:00
337434,5671,9789,167.91,2022-01-03 03:00:00
166023,9760,8156,101.22,2022-01-02 01:00:00
586320,3752,9113,155.38,2022-01-04 17:00:00
356749,7636,8597,189.75,2022-01-03 06:00:00
1162431,2114,9024,22.05,2022-01-08 07:00:00
38661,4024,6608,23.36,2022-01-01 06:00:00
341315,9711,9517,187.85,2022-01-03 04:00:00
987333,8661,7233,119.69,2022-01-07 05:00:00
518805,9752,5854,115.98,2022-01-04 07:00:00
134080,2681,1090,160.16,2022-01-01 21:00:00
1175645,7702,7585,13.76,2022-01-08 09:00:00
109109,4708,8872,146.19,2022-01-01 17:00:00
168505,9623,9220,154.91,2022-01-02 02:00:00
147160,8179,1108,10.76,2022-01-01 22:00:00
1106837,8499,4211,14.59,2022-01-07 23:00:00
889719,1789,9512,108.33,2022-01-06 14:00:00
613691,9745,8541,184.44,2022-01-04 21:00:00
1304232,5691,2870,165.02,2022-01-09 05:00:00
1113671,8576,9586,565.19,2022-01-08 00:00:00
41408,6472,4066,501.51,2022-01-01 07:00:00
1082833,2748,5755,162.49,2022-01-07 19:00:00
645056,9736,8432,141.24,2022-01-05 02:00:00
185485,7379,5791,52629.73,2022-01-02 04:00:00
725087,5137,9533,16.06,2022-01-05 14:00:00
410588,8574,4592,478.51,2022-01-03 14:00:00
1288277,7677,1405,101.44,2022-01-09 02:00:00
1106181,2482,9433,540.53,2022-01-07 23:00:00
199452,6773,9998,129.83,2022-01-02 06:00:00
889237,7179,8546,10.9,2022-01-06 14:00:00
749192,523,7044,472.45,2022-01-05 17:00:00
1152483,5145,1871,2.54,2022-01-08 06:00:00
531698,9055,9882,9.6,2022-01-04 08:00:00
816831,9059,9844,8.98,2022-01-06 03:00:00
573537,977,858,11.3,2022-01-04 15:00:00
1259751,2066,177,3.91,2022-01-08 22:00:00
483862,8761,7234,103.8,2022-01-04 01:00:00
409062,1451,3849,562.36,2022-01-03 14:00:00
337762,8774,9926,14.22,2022-01-03 03:00:00
1099118,493,908,406.02,2022-01-07 22:00:00
1111149,6092,9612,16.06,2022-01-08 00:00:00
276886,7057,8339,10.03,2022-01-02 18:00:00
198725,9114,1183,5.03,2022-01-02 06:00:00
1105835,2767,2902,147.88,2022-01-07 23:00:00
579888,7523,2425,498.02,2022-01-04 16:00:00
915555,7441,8520,589.03,2022-01-06 18:00:00
444471,7124,1854,4.0,2022-01-03 19:00:00
221084,9001,9455,10.33,2022-01-02 10:00:00
813749,9074,8731,8.69,2022-01-06 03:00:00
885028,9133,9620,5.15,2022-01-06 14:00:00
332337,2104,5393,17.83,2022-01-03 02:00:00
1237113,7037,6623,17.51,2022-01-08 19:00:00
835393,3215,9992,264691.31,2022-01-06 06:00:00
1240492,7753,8139,134.33,2022-01-08 19:00:00
1264453,9075,2114,5.67,2022-01-08 23:00:00
1253558,8699,8779,163.24,2022-01-08 21:00:00
963875,3552,9766,438.95,2022-01-07 02:00:00
1245803,1192,1332,20.61,2022-01-08 20:00:00
924308,3552,9766,438.95,2022-01-06 20:00:00
1281127,3810,9188,324.95,2022-01-09 01:00:00
860985,9739,9390,165.66,2022-01-06 10:00:00
474624,8171,4314,11.0,2022-01-04 00:00:00
1119201,8128,6772,6.85,2022-01-08 01:00:00
157263,8595,7121,481.67,2022-01-02 00:00:00
116786,8427,6087,437.8,2022-01-01 18:00:00
894907,6765,9380,160.96,2022-01-06 15:00:00
784717,7469,682,481.2,2022-01-05 23:00:00
172169,8612,1827,122.63,2022-01-02 02:00:00
47008,8675,9794,178.66,2022-01-01 07:00:00
62441,6628,5404,110.62,2022-01-01 10:00:00
104524,6428,5661,450.69,2022-01-01 16:00:00
1271935,7,1067,65.16,2022-01-09 00:00:00
924862,749,9858,186.0,2022-01-06 20:00:00
662934,8176,2440,12.32,2022-01-05 04:00:00
89313,3550,5629,539.41,2022-01-01 14:00:00
1055358,6171,9075,16.85,2022-01-07 15:00:00
38737,4052,7890,16.15,2022-01-01 06:00:00
1292216,6731,4523,105.93,2022-01-09 03:00:00
357167,7470,1689,585.07,2022-01-03 06:00:00
292156,2181,3505,29.74,2022-01-02 20:00:00
200718,1446,8795,511.23,2022-01-02 07:00:00
1249680,8689,8337,159.72,2022-01-08 21:00:00
1224294,1198,5152,27.01,2022-01-08 17:00:00
308578,6502,9883,588.4,2022-01-02 23:00:00
946117,9131,8419,5.82,2022-01-06 23:00:00
621857,806,4102,19.47,2022-01-04 22:00:00
1157201,5566,9455,3.01,2022-01-08 07:00:00
877541,2176,9767,27.57,2022-01-06 12:00:00
885826,1203,5081,534589.5,2022-01-06 14:00:00
766306,4374,9864,312253.09,2022-01-05 20:00:00
98217,4171,6530,15.59,2022-01-01 15:00:00
1270708,4614,5757,106.15,2022-01-09 00:00:00
187684,4497,8154,436.82,2022-01-02 05:00:00
93240,9423,709,575.96,2022-01-01 14:00:00
243745,7676,8761,144.71,2022-01-02 13:00:00
723978,3532,45,553.1,2022-01-05 14:00:00
278778,8671,9959,109.5,2022-01-02 18:00:00
494760,8651,3176,122.02,2022-01-04 03:00:00
372323,5323,9990,16.36,2022-01-03 08:00:00
976277,4103,6343,20.37,2022-01-07 03:00:00
73414,9159,7551,9.33,2022-01-01 11:00:00
222083,9129,9393,6.46,2022-01-02 10:00:00
831013,655,9834,18.78,2022-01-06 06:00:00
1055256,8762,6176,137.88,2022-01-07 15:00:00
1074970,9619,9917,166.1,2022-01-07 18:00:00
995255,9053,9712,8.68,2022-01-07 06:00:00
765495,1164,8008,30.24,2022-01-05 20:00:00
230264,8149,1413,13.13,2022-01-02 11:00:00
401275,2563,6179,426.54,2022-01-03 13:00:00
352761,8467,9685,557.95,2022-01-03 05:00:00
335220,694,954,104.98,2022-01-03 03:00:00
1092880,9600,3784,147.99,2022-01-07 21:00:00
697044,9600,8109,147.99,2022-01-05 09:00:00
574410,1259,7490,3.61,2022-01-04 15:00:00
560541,584,9950,539.79,2022-01-04 13:00:00
1164945,6700,8200,157.58,2022-01-08 08:00:00
948066,8053,9957,13.08,2022-01-06 23:00:00
222539,441,8575,576.26,2022-01-02 10:00:00
953152,5833,9979,11.27,2022-01-07 00:00:00
73033,3407,4012,507.14,2022-01-01 11:00:00
50563,3454,6680,10.39,2022-01-01 08:00:00
510500,673,9814,110.55,2022-01-04 05:00:00
635294,9795,9372,146.25,2022-01-05 00:00:00
773849,6080,1560,12.38,2022-01-05 21:00:00
161512,8685,9754,148.38,2022-01-02 01:00:00
226576,6658,9927,183.36,2022-01-02 11:00:00
880293,7955,6400,4.43,2022-01-06 13:00:00
576232,9030,8464,5.72,2022-01-04 15:00:00
485457,8366,8526,3.22,2022-01-04 01:00:00
1144119,7026,9826,14.49,2022-01-08 05:00:00
354636,1622,7016,180.52,2022-01-03 06:00:00
946863,8975,7264,11.68,2022-01-06 23:00:00
513261,5688,5971,144.52,2022-01-04 06:00:00
341803,7527,8584,557.04,2022-01-03 04:00:00
571683,8595,7121,481.67,2022-01-04 15:00:00
420694,7244,2709,13.42,2022-01-03 16:00:00
752237,7452,6939,443.19,2022-01-05 18:00:00
502755,4024,6608,23.36,2022-01-04 04:00:00
613083,8894,8163,3.52,2022-01-04 21:00:00
959132,4465,9488,426.27,2022-01-07 01:00:00
1267348,1865,5804,2.71,2022-01-08 23:00:00
402261,3454,5184,401.69,2022-01-03 13:00:00
117404,4034,9133,22.84,2022-01-01 18:00:00
1113770,2438,8442,429.11,2022-01-08 00:00:00
1045534,9465,6551,545.61,2022-01-07 14:00:00
623244,2029,9260,32.95,2022-01-04 22:00:00
1166194,8025,9660,9.01,2022-01-08 08:00:00
181424,3745,9665,161.63,2022-01-02 04:00:00
904382,9070,6352,16.77,2022-01-06 17:00:00
298762,4522,1327,548.11,2022-01-02 21:00:00
1164532,9502,8695,477.75,2022-01-08 08:00:00
566525,9265,2491,3.3,2022-01-04 14:00:00
88942,1102,4438,26.29,2022-01-01 14:00:00
996793,9034,9813,5.88,2022-01-07 06:00:00
198567,9080,2456,5.89,2022-01-02 06:00:00
131932,468,6395,497.23,2022-01-01 20:00:00
626732,3150,9394,19.34,2022-01-04 23:00:00
1228683,9672,9356,179.36,2022-01-08 17:00:00
1222577,7161,8507,11.83,2022-01-08 16:00:00
251476,4415,5196,430.7,2022-01-02 14:00:00
1111898,1796,9727,129.24,2022-01-08 00:00:00
382988,7418,8783,483.11,2022-01-03 10:00:00
375079,6159,7991,14.11,2022-01-03 09:00:00
416835,4620,6479,104.79,2022-01-03 15:00:00
236713,8846,7450,368.35,2022-01-02 12:00:00
549720,3610,9577,106.8,2022-01-04 11:00:00
831868,7730,7473,120.69,2022-01-06 06:00:00
26733,4190,7227,18.62,2022-01-01 04:00:00
601746,2295,965,158790.62,2022-01-04 19:00:00
745614,4785,1787,179.5,2022-01-05 17:00:00
408815,6774,9233,110.12,2022-01-03 14:00:00
41846,5666,9815,126.4,2022-01-01 07:00:00
761249,7163,8637,9.42,2022-01-05 19:00:00
697104,1860,7973,4.47,2022-01-05 09:00:00
320629,2533,9851,531.15,2022-01-03 01:00:00
188976,2432,2822,448.01,2022-01-02 05:00:00
585292,1456,9532,511.73,2022-01-04 17:00:00
1059316,8900,795,3.34,2022-01-07 16:00:00
1123077,2566,6627,2.71,2022-01-08 01:00:00
434519,9607,9971,116.05,2022-01-03 18:00:00
8762,9791,9580,112.93,2022-01-01 01:00:00
445579,7509,2180,469.7,2022-01-03 19:00:00
229712,1434,9387,529.0,2022-01-02 11:00:00
247479,6590,8651,598.72,2022-01-02 14:00:00
624217,1742,4978,134.38,2022-01-04 22:00:00
905378,3144,9153,20.57,2022-01-06 17:00:00
752175,7531,9893,482.95,2022-01-05 18:00:00
65501,9988,1988,4.78,2022-01-01 10:00:00
1137361,8671,9998,109.5,2022-01-08 04:00:00
906712,9789,6301,118.95,2022-01-06 17:00:00
61673,3073,9813,22.66,2022-01-01 10:00:00
961063,3704,9927,163.33,2022-01-07 01:00:00
502000,6735,5146,187.61,2022-01-04 04:00:00
132600,8413,8255,593.28,2022-01-01 20:00:00
231308,7067,9017,14.7,2022-01-02 11:00:00
350483,9729,5827,103.44,2022-01-03 05:00:00
1220962,9858,8025,3.03,2022-01-08 16:00:00
191824,9641,1635,127.3,2022-01-02 05:00:00
649136,8108,7320,4.34,2022-01-05 02:00:00
1225893,6282,9991,13.14,2022-01-08 17:00:00
1168588,9724,3059,160.66,2022-01-08 08:00:00
1167462,6002,1871,2.54,2022-01-08 08:00:00
66404,5722,9930,196.03,2022-01-01 10:00:00
602460,9412,5680,471.88,2022-01-04 19:00:00
239846,6511,6818,495.91,2022-01-02 13:00:00
1308515,8617,7937,131.17,2022-01-09 05:00:00
974559,8154,6676,13.09,2022-01-07 03:00:00
905015,8414,4096,525.7,2022-01-06 17:00:00
925115,7624,8085,141.91,2022-01-06 20:00:00
517218,6794,9906,190.42,2022-01-04 06:00:00
844503,1616,5157,151.77,2022-01-06 08:00:00
481741,5055,8851,17.61,2022-01-04 01:00:00
822963,9776,9639,114.16,2022-01-06 04:00:00
1106551,6724,9894,187.36,2022-01-07 23:00:00
738129,2680,7816,195.13,2022-01-05 16:00:00
872217,8465,9565,578.89,2022-01-06 12:00:00
595673,6694,9105,185.0,2022-01-04 18:00:00
811147,6078,9573,12.25,2022-01-06 03:00:00
225242,7443,6917,472.54,2022-01-02 10:00:00
1302428,9922,9983,231.36,2022-01-09 04:00:00
697237,8703,998,125.29,2022-01-05 09:00:00
418982,7569,9784,525.88,2022-01-03 15:00:00
1242467,8540,8189,429.95,2022-01-08 19:00:00
285236,583,4282,400.36,2022-01-02 19:00:00
428396,1541,8754,476.52,2022-01-03 17:00:00
1278457,1404,9311,512.33,2022-01-09 01:00:00
324338,460,8045,556.41,2022-01-03 01:00:00
1227955,6661,9026,153.02,2022-01-08 17:00:00
532407,8753,9885,128.69,2022-01-04 09:00:00
73529,7725,8134,100.51,2022-01-01 11:00:00
44688,9945,8810,338.1,2022-01-01 07:00:00
397291,6694,9767,185.0,2022-01-03 12:00:00
1096947,7660,3436,119.33,2022-01-07 22:00:00
1175816,4528,5827,440.88,2022-01-08 09:00:00
1304462,5532,9872,519.47,2022-01-09 05:00:00
101069,7780,8305,140.5,2022-01-01 16:00:00
293314,6461,9344,420.42,2022-01-02 21:00:00
1219183,9533,6571,427.75,2022-01-08 16:00:00
950041,1966,2305,16.27,2022-01-06 23:00:00
47206,9639,9776,16.8,2022-01-01 07:00:00
107001,9189,7058,7.94,2022-01-01 16:00:00
758870,9271,8056,14.48,2022-01-05 19:00:00
343149,3641,6606,114.98,2022-01-03 04:00:00
1041373,8676,6188,128.36,2022-01-07 13:00:00
1228893,4035,7301,18.61,2022-01-08 17:00:00
388115,8563,9113,534.76,2022-01-03 11:00:00
1280686,2710,9995,170.14,2022-01-09 01:00:00
147401,1669,8154,143.8,2022-01-01 22:00:00
896143,4974,421,307.66,2022-01-06 15:00:00
176467,3674,9998,144.36,2022-01-02 03:00:00
940209,7031,7102,15.03,2022-01-06 22:00:00
674206,8259,9936,325334.62,2022-01-05 06:00:00
748310,1455,8695,427.35,2022-01-05 17:00:00
924301,3047,9772,23.67,2022-01-06 20:00:00
702656,3172,2632,22.09,2022-01-05 10:00:00
921203,3675,7445,134.33,2022-01-06 19:00:00
453880,3675,8382,134.33,2022-01-03 21:00:00
1000193,7023,9009,10.74,2022-01-07 07:00:00
258695,7603,4050,101.27,2022-01-02 15:00:00
540936,1559,6906,476.25,2022-01-04 10:00:00
53948,5421,7363,588.16,2022-01-01 08:00:00
510202,2750,9981,182.17,2022-01-04 05:00:00
289362,9772,3489,176.72,2022-01-02 20:00:00
1310761,2093,3272,20.12,2022-01-09 06:00:00
171153,9668,6293,103.16,2022-01-02 02:00:00
267640,7123,9637,11.38,2022-01-02 17:00:00
613057,4745,9519,137.77,2022-01-04 21:00:00
984378,4477,8024,574.88,2022-01-07 05:00:00
406402,572,4859,479.76,2022-01-03 13:00:00
829552,8029,9306,11.21,2022-01-06 05:00:00
1258506,9000,6825,6.27,2022-01-08 22:00:00
36579,8711,5164,149.61,2022-01-01 06:00:00
40680,9100,992,3.55,2022-01-01 06:00:00
428140,8165,9975,4.17,2022-01-03 17:00:00
1212805,9490,9762,579.54,2022-01-08 15:00:00
1143618,4635,9701,184.69,2022-01-08 04:00:00
531302,2920,7972,3.08,2022-01-04 08:00:00
758195,91,5036,39.49,2022-01-05 19:00:00
808124,4054,8899,13.79,2022-01-06 02:00:00
553873,8175,5052,12.12,2022-01-04 12:00:00
459434,8725,9560,185.8,2022-01-03 22:00:00
799805,6570,3704,567.96,2022-01-06 01:00:00
1024504,3084,6240,18.71,2022-01-07 11:00:00
895806,2434,6861,456.57,2022-01-06 15:00:00
1069847,5142,8716,15.87,2022-01-07 17:00:00
650940,6589,9751,2.92,2022-01-05 03:00:00
422599,6344,5361,18.56,2022-01-03 16:00:00
359347,5650,1427,130.22,2022-01-03 06:00:00
1157256,2543,9323,473.57,2022-01-08 07:00:00
445512,9784,5107,168.92,2022-01-03 19:00:00
430394,503,4908,594.85,2022-01-03 17:00:00
513356,8720,9279,127.76,2022-01-04 06:00:00
228079,9188,7977,5.85,2022-01-02 11:00:00
372906,600,6516,112.08,2022-01-03 08:00:00
399163,6558,2734,577.77,2022-01-03 12:00:00
786046,4418,9337,450.23,2022-01-05 23:00:00
200907,6299,7381,15.93,2022-01-02 07:00:00
435749,139,9982,39.34,2022-01-03 18:00:00
958051,8464,8154,505.08,2022-01-07 01:00:00
653862,1609,9961,165.33,2022-01-05 03:00:00
1236852,9537,6282,13.14,2022-01-08 19:00:00
1281009,7000,7370,16.18,2022-01-09 01:00:00
233705,9657,6918,197.13,2022-01-02 12:00:00
743540,1526,9641,463.42,2022-01-05 16:00:00
940407,5415,7547,16.71,2022-01-06 22:00:00
1132537,5040,6657,18.68,2022-01-08 03:00:00
1249826,2540,2536,529.46,2022-01-08 21:00:00
294531,7673,8940,138.14,2022-01-02 21:00:00
165448,6496,7110,572.05,2022-01-02 01:00:00
485473,6441,5519,480.91,2022-01-04 01:00:00
1318627,3400,7510,590.47,2022-01-09 07:00:00
198507,4603,9985,160.58,2022-01-02 06:00:00
898848,6026,6121,16.48,2022-01-06 16:00:00
490364,9765,3089,122.3,2022-01-04 02:00:00
1245038,6500,9672,598.02,2022-01-08 20:00:00
1072052,6247,626,2877292.5,2022-01-07 18:00:00
234489,5166,9885,17.35,2022-01-02 12:00:00
955010,525,8919,458.52,2022-01-07 00:00:00
554508,9776,314,114.16,2022-01-04 12:00:00
163088,5113,2133,17.09,2022-01-02 01:00:00
888587,9716,4554,101.77,2022-01-06 14:00:00
829202,9796,7872,168.05,2022-01-06 05:00:00
81562,9111,5832,8.87,2022-01-01 13:00:00
1282178,3180,8698,21.7,2022-01-09 01:00:00
1278639,9659,9994,191.0,2022-01-09 01:00:00
726641,6180,9714,16.0,2022-01-05 14:00:00
933148,3681,9581,194.78,2022-01-06 21:00:00
35169,6004,9543,16.61,2022-01-01 06:00:00
582277,1525,9971,418.38,2022-01-04 16:00:00
690547,4724,5683,13.43,2022-01-05 08:00:00
776714,5118,9891,14.43,2022-01-05 21:00:00
14315,7657,4154,158.69,2022-01-01 02:00:00
710970,4013,9369,23.14,2022-01-05 12:00:00
850349,4539,6263,464.01,2022-01-06 08:00:00
67893,5771,7886,155.24,2022-01-01 11:00:00
20579,3769,5055,158.72,2022-01-01 03:00:00
815786,1542,7440,400.89,2022-01-06 03:00:00
555522,9353,8392,295592.62,2022-01-04 12:00:00
121334,9192,6052,5.67,2022-01-01 19:00:00
30804,2486,9751,535.77,2022-01-01 05:00:00
644763,9780,5976,164.21,2022-01-05 02:00:00
394529,5423,6284,418.2,2022-01-03 12:00:00
238856,1767,9570,3.63,2022-01-02 12:00:00
1293705,5747,7905,109.34,2022-01-09 03:00:00
239200,9616,4314,197.78,2022-01-02 12:00:00
301424,8737,2514,104.93,2022-01-02 22:00:00
1120746,8670,6708,123.61,2022-01-08 01:00:00
901655,9759,8952,197.52,2022-01-06 16:00:00
1020162,6049,9273,4.1,2022-01-07 10:00:00
690214,5443,24,593.17,2022-01-05 08:00:00
1072066,388,9828,1582494.87,2022-01-07 18:00:00
1200043,8050,1562,13.07,2022-01-08 13:00:00
950545,8144,2303,8.3,2022-01-06 23:00:00
1139650,7185,6180,16.04,2022-01-08 04:00:00
411639,9920,2172,17.54,2022-01-03 14:00:00
976535,5615,8975,132.3,2022-01-07 03:00:00
611592,9726,8924,147.44,2022-01-04 21:00:00
379135,9773,7597,179.07,2022-01-03 09:00:00
956217,5649,9988,188.07,2022-01-07 00:00:00
892931,1530,6110,596.83,2022-01-06 15:00:00
1056915,5624,5707,109.41,2022-01-07 15:00:00
1100316,6018,2715,13.38,2022-01-07 22:00:00
304913,7442,9631,402.97,2022-01-02 22:00:00
688303,9127,8311,6.17,2022-01-05 08:00:00
1126198,6603,9999,115.98,2022-01-08 02:00:00
11250,9052,2143,5.85,2022-01-01 02:00:00
841661,3866,7286,284.61,2022-01-06 07:00:00
515426,2578,9950,425.5,2022-01-04 06:00:00
1141977,3221,6211,15280588.0,2022-01-08 04:00:00
158087,8644,3449,175.38,2022-01-02 00:00:00
1164141,7541,9950,421.79,2022-01-08 08:00:00
844435,9714,6852,170.33,2022-01-06 08:00:00
954627,196,5914,42.54,2022-01-07 00:00:00
705421,610,9969,175.52,2022-01-05 11:00:00
879824,7554,8992,518.17,2022-01-06 13:00:00
1087392,624,6632,157.39,2022-01-07 20:00:00
644758,9780,8470,164.21,2022-01-05 02:00:00
890090,9730,9739,102.51,2022-01-06 14:00:00
39651,709,7392,145.83,2022-01-01 06:00:00
362522,9779,9305,168.61,2022-01-03 07:00:00
629095,2641,2611,112.26,2022-01-04 23:00:00
444466,5762,8613,108.55,2022-01-03 19:00:00
305692,3056,9718,19.09,2022-01-02 22:00:00
1064597,9177,9741,8.68,2022-01-07 17:00:00
563934,3064,2898,16.14,2022-01-04 13:00:00
425096,9629,9082,135.11,2022-01-03 16:00:00
126828,2444,7582,438.32,2022-01-01 19:00:00
730250,6698,9184,131.83,2022-01-05 14:00:00
1248581,4219,177,4.32,2022-01-08 20:00:00
670093,418,2424,407.19,2022-01-05 05:00:00
277975,8434,4293,524.28,2022-01-02 18:00:00
600914,4781,9892,106.55,2022-01-04 19:00:00
1199368,8767,720,160.72,2022-01-08 13:00:00
324894,7082,6249,14.28,2022-01-03 01:00:00
597015,1534,7076,440.05,2022-01-04 18:00:00
896055,9779,8922,168.61,2022-01-06 15:00:00
1222099,3028,4781,21.01,2022-01-08 16:00:00
351951,641,8064,135.41,2022-01-03 05:00:00
700971,2684,2420,141.38,2022-01-05 10:00:00
304377,9762,8412,103.43,2022-01-02 22:00:00
770292,6663,2291,147.6,2022-01-05 20:00:00
48276,6513,2667,469.16,2022-01-01 08:00:00
204196,9971,5430,4.39,2022-01-02 07:00:00
1314605,3416,9953,521.11,2022-01-09 06:00:00
82488,2347,3011,11.75,2022-01-01 13:00:00
1287593,2401,9993,560.09,2022-01-09 02:00:00
349341,1410,9221,565.5,2022-01-03 05:00:00
1095825,9735,9977,113.13,2022-01-07 21:00:00
53359,500,8204,405.88,2022-01-01 08:00:00
1095775,2567,9366,403.1,2022-01-07 21:00:00
468983,9141,6011,6.21,2022-01-03 23:00:00
362281,3777,3704,199.58,2022-01-03 07:00:00
251284,9780,9809,164.21,2022-01-02 14:00:00
990139,8122,9981,11.55,2022-01-07 06:00:00
589641,1775,9065,160.88,2022-01-04 17:00:00
825118,8155,9766,7.94,2022-01-06 05:00:00
467987,9794,4768,140.58,2022-01-03 23:00:00
1144660,7025,8819,14.39,2022-01-08 05:00:00
355213,9188,2539,5.85,2022-01-03 06:00:00
140302,2144,9978,28.78,2022-01-01 21:00:00
870383,7702,4036,157.85,2022-01-06 11:00:00
641238,8462,9008,528.09,2022-01-05 01:00:00
1068084,4499,2379,415.67,2022-01-07 17:00:00
26845,9776,7380,114.16,2022-01-01 04:00:00
366115,7690,7596,115.54,2022-01-03 07:00:00
55416,8674,4784,156.08,2022-01-01 09:00:00
951728,7037,1420,17.51,2022-01-07 00:00:00
1070371,9660,8081,179.33,2022-01-07 17:00:00
37874,3544,5979,3.18,2022-01-01 06:00:00
825846,1175,8573,21.23,2022-01-06 05:00:00
878075,3101,9953,23.76,2022-01-06 13:00:00
479956,5021,8796,14.33,2022-01-04 01:00:00
970171,2085,3850,32.59,2022-01-07 03:00:00
1154620,9629,9186,135.11,2022-01-08 06:00:00
869546,9755,5832,104.26,2022-01-06 11:00:00
1230851,1724,4514,162.69,2022-01-08 18:00:00
929004,9650,6885,186.11,2022-01-06 20:00:00
994402,9801,2245,3.85,2022-01-07 06:00:00
1241875,8662,7793,134.97,2022-01-08 19:00:00
52662,3028,5789,21.01,2022-01-01 08:00:00
528577,4874,8022,297.97,2022-01-04 08:00:00
895131,6025,5798,14.46,2022-01-06 15:00:00
82644,9826,6269,3.11,2022-01-01 13:00:00
855796,2080,6105,23.32,2022-01-06 09:00:00
10171,1045,6580,28.0,2022-01-01 02:00:00
984735,9523,9289,481.82,2022-01-07 05:00:00
458241,1836,9898,224.58,2022-01-03 21:00:00
718653,6624,3701,165.83,2022-01-05 13:00:00
17061,9702,9661,193.36,2022-01-01 03:00:00
549235,6038,2154,16.87,2022-01-04 11:00:00
1032246,8711,9417,149.61,2022-01-07 12:00:00
458366,5624,8963,109.41,2022-01-03 21:00:00
1203327,5515,7462,552.55,2022-01-08 14:00:00
231090,479,7033,484.01,2022-01-02 11:00:00
659890,4004,2655,12.85,2022-01-05 04:00:00
336955,6623,4796,144.19,2022-01-03 03:00:00
1027000,9692,8936,143.27,2022-01-07 11:00:00
638950,9750,9334,140.86,2022-01-05 01:00:00
264567,3602,9938,148.21,2022-01-02 16:00:00
694127,9760,6719,101.22,2022-01-05 09:00:00
993282,4755,6763,176.75,2022-01-07 06:00:00
892018,1576,6707,475.77,2022-01-06 15:00:00
114321,9544,8970,509.32,2022-01-01 18:00:00
42304,7144,7593,10.0,2022-01-01 07:00:00
750171,7833,9526,3.22,2022-01-05 17:00:00
909014,2086,9805,33.08,2022-01-06 17:00:00
946810,9693,9006,159.42,2022-01-06 23:00:00
597564,9787,9778,190.13,2022-01-04 18:00:00
1152450,3586,3208,507.79,2022-01-08 06:00:00
257205,5166,6420,17.35,2022-01-02 15:00:00
1286022,502,5839,401.98,2022-01-09 02:00:00
1055046,6289,1519,4395188.5,2022-01-07 15:00:00
920610,3563,9453,405.36,2022-01-06 19:00:00
1275749,9665,7443,151.64,2022-01-09 00:00:00
11222,9783,1935,171.58,2022-01-01 02:00:00
45711,2632,6614,144.46,2022-01-01 07:00:00
1187251,8614,3232,177.89,2022-01-08 11:00:00
23793,792,6326,3.28,2022-01-01 04:00:00
3132,2082,9991,28.38,2022-01-01 00:00:00
1043648,5708,9946,190.42,2022-01-07 13:00:00
1114538,3805,6603,2.63,2022-01-08 00:00:00
120896,7473,9970,447.92,2022-01-01 19:00:00
930840,5340,7772,4409551.0,2022-01-06 21:00:00
4598,8781,3817,181.19,2022-01-01 00:00:00
34591,9727,8368,130.36,2022-01-01 06:00:00
27192,9747,7346,101.44,2022-01-01 04:00:00
752742,9765,833,122.3,2022-01-05 18:00:00
970755,7759,2456,19.12,2022-01-07 03:00:00
1226397,6240,6434,21474836.47,2022-01-08 17:00:00
350539,3040,7112,26.88,2022-01-03 05:00:00
589022,9077,9243,7.99,2022-01-04 17:00:00
468670,6092,9612,16.06,2022-01-03 23:00:00
925841,6691,4822,166.25,2022-01-06 20:00:00
256739,2522,9950,13.47,2022-01-02 15:00:00
1058416,8918,5709,17.04,2022-01-07 16:00:00
634311,3493,9564,551.46,2022-01-05 00:00:00
948529,9729,4020,103.44,2022-01-06 23:00:00
692312,9977,1923,16.85,2022-01-05 09:00:00
1214620,5736,8448,129.39,2022-01-08 15:00:00
326983,8749,3794,113.79,2022-01-03 02:00:00
366608,9711,7768,15.43,2022-01-03 08:00:00
999622,5646,2162,185.99,2022-01-07 07:00:00
496589,7733,3209,102.44,2022-01-04 03:00:00
826994,681,8299,170.88,2022-01-06 05:00:00
1234231,1547,2328,548.21,2022-01-08 18:00:00
337665,1543,9883,423.29,2022-01-03 03:00:00
1017492,2509,7411,598.39,2022-01-07 10:00:00
973419,5572,9777,532.9,2022-01-07 03:00:00
893340,5672,9975,129.3,2022-01-06 15:00:00
856362,2494,5495,428.7,2022-01-06 09:00:00
595127,1585,9983,578.65,2022-01-04 18:00:00
954111,522,7947,10.36,2022-01-07 00:00:00
186664,5425,5173,499.1,2022-01-02 05:00:00
1112114,9996,3590,15.86,2022-01-08 00:00:00
335573,1194,4211,23.81,2022-01-03 03:00:00
211406,476,3464,15.82,2022-01-02 08:00:00
1127853,7662,9825,124.02,2022-01-08 02:00:00
898885,9178,2457,8.29,2022-01-06 16:00:00
235081,8050,9469,16.88,2022-01-02 12:00:00
593519,8749,9033,113.79,2022-01-04 18:00:00
62483,9159,9999,9.33,2022-01-01 10:00:00
208405,5507,7286,503.17,2022-01-02 08:00:00
269851,1008,2303,23.47,2022-01-02 17:00:00
324774,9610,7813,146.39,2022-01-03 01:00:00
414623,7692,9823,107.62,2022-01-03 15:00:00
201033,485,9477,587.15,2022-01-02 07:00:00
448582,6751,9746,167.88,2022-01-03 20:00:00
153516,9790,9848,138.44,2022-01-01 23:00:00
985312,1880,8697,10.94,2022-01-07 05:00:00
5444,5770,7414,128.47,2022-01-01 01:00:00
1201091,7114,7701,10.75,2022-01-08 13:00:00
364497,9119,1759,6.23,2022-01-03 07:00:00
878951,7219,9085,19.0,2022-01-06 13:00:00
1073798,9793,9317,177.08,2022-01-07 18:00:00
860272,9818,9223,342.36,2022-01-06 10:00:00
220209,3963,9603,16.64,2022-01-02 10:00:00
1169073,8716,8942,158.47,2022-01-08 08:00:00
375809,7623,8120,142.61,2022-01-03 09:00:00
974974,9025,6851,5.88,2022-01-07 03:00:00
11763,2580,7362,449.98,2022-01-01 02:00:00
404311,4776,2571,163.57,2022-01-03 13:00:00
166447,9600,9985,147.99,2022-01-02 01:00:00
898256,2701,2436,174.36,2022-01-06 16:00:00
450298,2721,3412,155.38,2022-01-03 20:00:00
1087521,4856,7929,14.96,2022-01-07 20:00:00
579782,8174,5403,13.76,2022-01-04 16:00:00
532809,9149,7824,8.25,2022-01-04 09:00:00
1071304,6745,9473,142.77,2022-01-07 18:00:00
541841,7968,6144,384.17,2022-01-04 10:00:00
628003,9728,3171,172.55,2022-01-04 23:00:00
198655,3626,6520,116.3,2022-01-02 06:00:00
636484,6733,9511,189.61,2022-01-05 00:00:00
902910,6682,6223,106.01,2022-01-06 16:00:00
457972,9742,6935,12.39,2022-01-03 21:00:00
481909,9979,9985,2.93,2022-01-04 01:00:00
1009462,6704,9833,174.49,2022-01-07 08:00:00
525309,3181,9286,24.82,2022-01-04 08:00:00
997413,6390,7862,8902841.0,2022-01-07 07:00:00
1125180,7778,9820,177.86,2022-01-08 02:00:00
673566,2522,9950,428.79,2022-01-05 06:00:00
819822,6568,4250,571.9,2022-01-06 04:00:00
480453,9790,9863,138.44,2022-01-04 01:00:00
380579,8792,9779,197.63,2022-01-03 10:00:00
1073374,531,9980,420.51,2022-01-07 18:00:00
808350,2627,7250,161.64,2022-01-06 02:00:00
501376,9103,3772,6.22,2022-01-04 04:00:00
143245,8702,527,123.54,2022-01-01 22:00:00
1067194,6476,3547,448.07,2022-01-07 17:00:00
1168723,8445,8783,406.3,2022-01-08 08:00:00
180562,8582,5580,594.0,2022-01-02 04:00:00
810167,9515,6350,475.08,2022-01-06 02:00:00
64798,9674,4769,134.86,2022-01-01 10:00:00
974582,8738,9682,154.41,2022-01-07 03:00:00
835700,9148,6280,8.24,2022-01-06 06:00:00
611392,9964,6231,308.51,2022-01-04 20:00:00
536136,9614,496,114.73,2022-01-04 09:00:00
1163392,1999,2304,2.54,2022-01-08 08:00:00
383078,9754,8744,173.49,2022-01-03 10:00:00
1115888,7661,7643,169.41,2022-01-08 00:00:00
793499,2532,5272,543.15,2022-01-06 00:00:00
872598,186,9475,25.03,2022-01-06 12:00:00
677630,4674,5111,176.19,2022-01-05 06:00:00
111067,9020,9866,9.54,2022-01-01 17:00:00
416058,8678,8164,132.44,2022-01-03 15:00:00
85548,619,6331,192.0,2022-01-01 13:00:00
548688,9952,2913,4.05,2022-01-04 11:00:00
430804,6676,9962,122.8,2022-01-03 17:00:00
174911,6709,9158,130.38,2022-01-02 03:00:00
1194871,8194,9616,10.88,2022-01-08 12:00:00
313886,3406,8695,513.89,2022-01-03 00:00:00
498656,9122,9886,5.51,2022-01-04 03:00:00
389753,1553,4806,435.42,2022-01-03 11:00:00
932666,7029,8903,11.77,2022-01-06 21:00:00
53843,2154,8817,32.95,2022-01-01 08:00:00
106059,9116,4474,7.53,2022-01-01 16:00:00
464526,2109,9306,25.12,2022-01-03 22:00:00
1179096,7014,9244,10.67,2022-01-08 10:00:00
646568,9183,5704,6.93,2022-01-05 02:00:00
137277,9461,9520,598.15,2022-01-01 21:00:00
219787,646,4380,131.82,2022-01-02 09:00:00
1197145,9712,1443,186.19,2022-01-08 13:00:00
1049697,7661,1168,169.41,2022-01-07 14:00:00
269133,7088,2682,10.37,2022-01-02 17:00:00
910199,1201,4935,4.37,2022-01-06 17:00:00
1288962,9747,6295,101.44,2022-01-09 02:00:00
38727,1755,6292,4.49,2022-01-01 06:00:00
461484,2636,8471,116.77,2022-01-03 22:00:00
1173759,1100,9997,36.9,2022-01-08 09:00:00
1052377,3451,7824,3.34,2022-01-07 15:00:00
678872,4030,8285,21.47,2022-01-05 07:00:00
326289,9101,5049,7.94,2022-01-03 01:00:00
219334,2432,2822,448.01,2022-01-02 09:00:00
491744,5773,5242,141.55,2022-01-04 02:00:00
1247339,9990,2886,4.96,2022-01-08 20:00:00
724264,8648,9361,15.15,2022-01-05 14:00:00
1305701,1179,8675,35.35,2022-01-09 05:00:00
195980,6747,8128,138.47,2022-01-02 06:00:00
930195,1598,9147,404.77,2022-01-06 20:00:00
1208277,6130,661,13.06,2022-01-08 14:00:00
598142,2718,9073,177.13,2022-01-04 19:00:00
556458,4229,7972,2.91,2022-01-04 12:00:00
362257,6470,2416,463.95,2022-01-03 07:00:00
1062215,5714,9924,195.27,2022-01-07 16:00:00
214326,5415,6361,406.3,2022-01-02 09:00:00
418934,9646,5106,188.13,2022-01-03 15:00:00
301804,9635,9561,195.19,2022-01-02 22:00:00
1288352,3192,6582,23.82,2022-01-09 02:00:00
1189545,556,862,589.78,2022-01-08 11:00:00
583142,9089,3647,5.32,2022-01-04 16:00:00
852001,6479,9653,496.86,2022-01-06 09:00:00
974981,9025,6808,5.88,2022-01-07 03:00:00
411226,4770,4760,120.34,2022-01-03 14:00:00
134304,1489,7609,476.86,2022-01-01 21:00:00
1048698,7466,795,2.91,2022-01-07 14:00:00
1037852,8618,4531,149.16,2022-01-07 13:00:00
739469,7485,8648,15.15,2022-01-05 16:00:00
924023,533,9391,431.27,2022-01-06 20:00:00
391976,2301,8089,66146.69,2022-01-03 11:00:00
1321495,6785,9289,198.28,2022-01-09 07:00:00
1282122,7107,8157,13.52,2022-01-09 01:00:00
954226,8502,9971,583.45,2022-01-07 00:00:00
1063940,9733,9217,165.66,2022-01-07 17:00:00
196698,7080,8028,17.35,2022-01-02 06:00:00
484111,3693,9321,3.91,2022-01-04 01:00:00
670229,9197,1003,6.8,2022-01-05 05:00:00
22777,1613,5619,152.24,2022-01-01 04:00:00
363998,6654,9628,103.94,2022-01-03 07:00:00
735316,7732,6943,195.63,2022-01-05 15:00:00
71926,9614,4296,114.73,2022-01-01 11:00:00
827060,6150,3043,19.44,2022-01-06 05:00:00
415799,8731,8177,166.69,2022-01-03 15:00:00
1198924,9487,9540,486.92,2022-01-08 13:00:00
482892,6177,55,13.24,2022-01-04 01:00:00
294889,2746,9834,133.13,2022-01-02 21:00:00
337323,1697,5926,107.83,2022-01-03 03:00:00
565840,7542,3170,554.0,2022-01-04 14:00:00
748612,8505,9851,554.34,2022-01-05 17:00:00
116933,1151,9456,26.67,2022-01-01 18:00:00
1106240,4011,7566,13.09,2022-01-07 23:00:00
902861,9633,4613,170.36,2022-01-06 16:00:00
378571,4701,7882,184.0,2022-01-03 09:00:00
150407,3561,9961,592.28,2022-01-01 23:00:00
1090202,8682,9464,153.53,2022-01-07 21:00:00
1252697,9065,236,5.26,2022-01-08 21:00:00
897151,1140,9254,31.71,2022-01-06 16:00:00
381808,5108,9359,21.86,2022-01-03 10:00:00
545250,8058,9061,10.09,2022-01-04 10:00:00
398487,141,4442,34.64,2022-01-03 12:00:00
1280231,9256,6911,21474836.47,2022-01-09 01:00:00
1004513,4576,6322,457.2,2022-01-07 08:00:00
985805,467,6906,586.85,2022-01-07 05:00:00
1251207,8674,6874,156.08,2022-01-08 21:00:00
419927,9798,6493,144.36,2022-01-03 15:00:00
64287,725,9492,18.53,2022-01-01 10:00:00
210887,6625,9759,180.36,2022-01-02 08:00:00
1198555,9114,4079,5.03,2022-01-08 13:00:00
1286707,2588,8689,516.82,2022-01-09 02:00:00
399066,2009,1450,32.34,2022-01-03 12:00:00
882268,3707,7506,146.08,2022-01-06 13:00:00
184625,2687,8817,144.08,2022-01-02 04:00:00
684561,8033,6364,10.43,2022-01-05 07:00:00
1243410,2420,8540,544.13,2022-01-08 20:00:00
175528,8624,9131,134.44,2022-01-02 03:00:00
74319,4842,8015,4.46,2022-01-01 11:00:00
478118,7796,2055,117.16,2022-01-04 00:00:00
746796,1540,2734,408.73,2022-01-05 17:00:00
290248,8777,8751,158.17,2022-01-02 20:00:00
1291138,352,3452,4171675.0,2022-01-09 03:00:00
159339,9705,8340,147.16,2022-01-02 00:00:00
193050,9620,9330,150.11,2022-01-02 05:00:00
876204,1855,2798,387.35,2022-01-06 12:00:00
93910,1517,8014,595.33,2022-01-01 14:00:00
851967,7479,1027,4.68,2022-01-06 09:00:00
493186,8133,7098,11.1,2022-01-04 03:00:00
120623,8699,6143,163.24,2022-01-01 19:00:00
436730,8386,7344,82636.17,2022-01-03 18:00:00
367002,9759,8072,197.52,2022-01-03 08:00:00
1008835,4142,740,23.29,2022-01-07 08:00:00
735442,3087,2997,16.98,2022-01-05 15:00:00
205386,5180,7223,14.2,2022-01-02 07:00:00
110998,9746,9958,153.61,2022-01-01 17:00:00
325121,9698,432,126.26,2022-01-03 01:00:00
1055097,5083,2345,11.68,2022-01-07 15:00:00
1046408,9544,8970,509.32,2022-01-07 14:00:00
312472,8783,9149,157.83,2022-01-02 23:00:00
1186907,5483,3218,517.14,2022-01-08 11:00:00
41799,5176,5278,18.41,2022-01-01 07:00:00
63930,3923,2269,273.51,2022-01-01 10:00:00
1119931,4230,9927,3.88,2022-01-08 01:00:00
985775,8884,2565,14.55,2022-01-07 05:00:00
32016,8626,8240,181.66,2022-01-01 05:00:00
770642,7145,9052,9.3,2022-01-05 20:00:00
337127,5759,8762,115.37,2022-01-03 03:00:00
115514,9071,9540,6.93,2022-01-01 18:00:00
290857,8123,2456,7.15,2022-01-02 20:00:00
481348,7767,1437,122.87,2022-01-04 01:00:00
647391,9652,4263,111.47,2022-01-05 02:00:00
1072938,8605,8242,189.78,2022-01-07 18:00:00
326314,6375,9006,4.44,2022-01-03 01:00:00
239860,1720,9779,182.41,2022-01-02 13:00:00
1299561,9168,9093,5.62,2022-01-09 04:00:00
587471,6422,8167,541.4,2022-01-04 17:00:00
1108822,7155,781,11.05,2022-01-07 23:00:00
1322827,7155,3645,11.05,2022-01-09 07:00:00
359109,482,6223,485.19,2022-01-03 06:00:00
552026,1841,9960,276.73,2022-01-04 11:00:00
767492,8508,7574,545.48,2022-01-05 20:00:00
907746,4208,8107,4.31,2022-01-06 17:00:00
334086,8767,720,160.72,2022-01-03 03:00:00
86172,2447,2019,484.76,2022-01-01 13:00:00
935735,6102,6103,11.34,2022-01-06 21:00:00
1076594,4609,7261,189.19,2022-01-07 18:00:00
851557,6624,3701,165.83,2022-01-06 09:00:00
1258231,9033,8749,5.88,2022-01-08 22:00:00
112757,6185,2641,18.27,2022-01-01 17:00:00
412144,8718,6929,145.97,2022-01-03 14:00:00
301547,9623,5752,154.91,2022-01-02 22:00:00
714435,7114,2271,10.75,2022-01-05 12:00:00
89003,5773,7873,141.55,2022-01-01 14:00:00
835669,2238,9504,1091858.12,2022-01-06 06:00:00
181821,5599,7033,419.51,2022-01-02 04:00:00
918837,8643,4873,160.52,2022-01-06 19:00:00
112653,5112,89,11.44,2022-01-01 17:00:00
262097,5412,9364,517.53,2022-01-02 16:00:00
814709,4595,7441,554.09,2022-01-06 03:00:00
2745,9621,6201,168.11,2022-01-01 00:00:00
1237440,7552,8146,584.26,2022-01-08 19:00:00
1248486,5844,7167,15.43,2022-01-08 20:00:00
1011546,6480,8035,575.34,2022-01-07 09:00:00
519924,9641,2880,127.3,2022-01-04 07:00:00
1232981,5461,6164,491.75,2022-01-08 18:00:00
918768,9132,7287,8.23,2022-01-06 19:00:00
759603,2165,1483,17.33,2022-01-05 19:00:00
993314,2629,1995,124.58,2022-01-07 06:00:00
1057715,2151,9362,29.62,2022-01-07 16:00:00
184377,9098,6074,6.04,2022-01-02 04:00:00
618460,8779,9907,156.57,2022-01-04 22:00:00
412227,4969,8299,336.89,2022-01-03 14:00:00
350655,7074,9428,15.67,2022-01-03 05:00:00
456500,3615,8912,194.19,2022-01-03 21:00:00
1165344,664,3736,104.12,2022-01-08 08:00:00
381026,7044,7804,16.43,2022-01-03 10:00:00
258880,2076,9857,23.54,2022-01-02 15:00:00
431120,5775,9992,170.47,2022-01-03 17:00:00
1320310,3781,2719,157.08,2022-01-09 07:00:00
1225604,9193,7817,4.63,2022-01-08 17:00:00
664072,7,7246,65.16,2022-01-05 04:00:00
126281,8670,8473,123.61,2022-01-01 19:00:00
1044746,5676,8147,164.75,2022-01-07 14:00:00
976817,1555,9568,585.65,2022-01-07 03:00:00
456510,6035,3226,11.14,2022-01-03 21:00:00
290713,5531,6870,482.51,2022-01-02 20:00:00
1191678,2121,9968,21.21,2022-01-08 12:00:00
86883,9575,9983,555.5,2022-01-01 13:00:00
264120,9431,9587,486.66,2022-01-02 16:00:00
128746,9118,8920,5.1,2022-01-01 20:00:00
1241453,3155,9711,21.15,2022-01-08 19:00:00
824441,5146,9041,11.58,2022-01-06 05:00:00
1063999,4710,9947,196.27,2022-01-07 17:00:00
582763,8527,7099,3.01,2022-01-04 16:00:00
857835,8729,1541,143.67,2022-01-06 09:00:00
804297,8493,6362,442.67,2022-01-06 02:00:00
345176,7064,3174,12.26,2022-01-03 04:00:00
713434,9774,7326,121.25,2022-01-05 12:00:00
426781,7185,3915,16.04,2022-01-03 16:00:00
450481,2189,9335,21.46,2022-01-03 20:00:00
181153,9709,1653,176.14,2022-01-02 04:00:00
622799,4730,4164,185.08,2022-01-04 22:00:00
152536,495,2515,592.45,2022-01-01 23:00:00
712271,7654,8184,127.73,2022-01-05 12:00:00
399175,9161,3288,8.72,2022-01-03 12:00:00
171828,9635,2062,195.19,2022-01-02 02:00:00
78959,8638,9864,149.53,2022-01-01 12:00:00
1292661,235,603,21474836.47,2022-01-09 03:00:00
105286,6549,8530,496.58,2022-01-01 16:00:00
274169,7554,8483,3.26,2022-01-02 18:00:00
534957,1773,9284,196.19,2022-01-04 09:00:00
773991,9523,9289,481.82,2022-01-05 21:00:00
1176568,6856,253,376.02,2022-01-08 10:00:00
46699,9992,8015,4.38,2022-01-01 07:00:00
589422,4490,9469,15.36,2022-01-04 17:00:00
113686,8707,9736,110.19,2022-01-01 17:00:00
645917,8696,7397,171.83,2022-01-05 02:00:00
762357,9403,9526,3.58,2022-01-05 19:00:00
1312034,3721,7413,149.63,2022-01-09 06:00:00
1146124,9622,2822,147.66,2022-01-08 05:00:00
1312733,2095,8899,30.51,2022-01-09 06:00:00
599750,8642,9334,147.82,2022-01-04 19:00:00
580403,1630,3231,180.19,2022-01-04 16:00:00
1267192,7465,7165,553.0,2022-01-08 23:00:00
349648,5074,8313,16.9,2022-01-03 05:00:00
596283,2001,3869,32.01,2022-01-04 18:00:00
461000,5722,5786,196.03,2022-01-03 22:00:00
1012953,8024,9256,12.25,2022-01-07 09:00:00
398447,3626,6780,116.3,2022-01-03 12:00:00
252956,3546,4271,453.61,2022-01-02 15:00:00
703033,9967,9799,16.61,2022-01-05 10:00:00
1275976,8091,5634,7.81,2022-01-09 00:00:00
1249382,9999,810,19.45,2022-01-08 20:00:00
752931,3,9556,125.88,2022-01-05 18:00:00
1044264,6794,9906,190.42,2022-01-07 14:00:00
864018,5577,3515,468.23,2022-01-06 10:00:00
1024403,6856,253,376.02,2022-01-07 11:00:00
271758,9262,8235,13591.55,2022-01-02 17:00:00
91829,3573,8246,500.01,2022-01-01 14:00:00
172673,9703,9690,125.29,2022-01-02 02:00:00
1081223,8083,9741,11.44,2022-01-07 19:00:00
559924,2707,7052,176.96,2022-01-04 13:00:00
681923,3407,4012,507.14,2022-01-05 07:00:00
423335,1486,1822,496.22,2022-01-03 16:00:00
1196096,7561,8310,440.0,2022-01-08 12:00:00
275368,9711,8678,187.85,2022-01-02 18:00:00
578038,9469,2926,15.36,2022-01-04 15:00:00
826083,8724,9937,133.14,2022-01-06 05:00:00
907102,7770,9988,185.66,2022-01-06 17:00:00
614387,8124,9771,10.86,2022-01-04 21:00:00
952777,4787,4511,135.61,2022-01-07 00:00:00
486565,1402,1510,555.15,2022-01-04 02:00:00
950380,8127,7384,12.59,2022-01-06 23:00:00
365885,9037,2023,9.21,2022-01-03 07:00:00
687138,8566,9881,577.19,2022-01-05 08:00:00
42748,1718,8691,150.67,2022-01-01 07:00:00
208069,5005,9576,17.88,2022-01-02 08:00:00
1165469,536,4993,560.88,2022-01-08 08:00:00
94051,7636,610,189.75,2022-01-01 14:00:00
191903,8111,1339,14.19,2022-01-02 05:00:00
361937,1594,3937,446.7,2022-01-03 07:00:00
826167,5387,6232,1803872.75,2022-01-06 05:00:00
531361,4106,9994,24.29,2022-01-04 08:00:00
43727,8676,3574,128.36,2022-01-01 07:00:00
243074,5666,4583,126.4,2022-01-02 13:00:00
1010703,4725,7077,188.58,2022-01-07 09:00:00
1189298,1449,9685,422.17,2022-01-08 11:00:00
944211,9790,4936,138.44,2022-01-06 23:00:00
304177,5757,9771,193.13,2022-01-02 22:00:00
1246011,6599,8990,524.58,2022-01-08 20:00:00
866270,7521,8443,426.05,2022-01-06 11:00:00
541971,9193,4499,4.63,2022-01-04 10:00:00
367326,9607,9914,116.05,2022-01-03 08:00:00
809498,3510,5570,512.02,2022-01-06 02:00:00
891251,9728,8812,172.55,2022-01-06 15:00:00
1299656,8632,8575,197.03,2022-01-09 04:00:00
736601,8555,4272,445.98,2022-01-05 15:00:00
317033,9736,9520,141.24,2022-01-03 00:00:00
267756,6571,1459,501.08,2022-01-02 17:00:00
390219,4640,8844,151.47,2022-01-03 11:00:00
549303,9507,4470,440.45,2022-01-04 11:00:00
867063,9769,9593,191.19,2022-01-06 11:00:00
709670,9784,9621,168.92,2022-01-05 11:00:00
867958,2643,2130,163.02,2022-01-06 11:00:00
255040,9182,9079,5.46,2022-01-02 15:00:00
215282,4042,1716,23.02,2022-01-02 09:00:00
804487,7596,6011,540.0,2022-01-06 02:00:00
541565,4746,4486,106.3,2022-01-04 10:00:00
1131795,3658,9996,125.88,2022-01-08 03:00:00
347100,4725,9626,188.58,2022-01-03 05:00:00
1296802,7582,9179,448.91,2022-01-09 04:00:00
137715,8414,4096,525.7,2022-01-01 21:00:00
831138,1512,2336,421.98,2022-01-06 06:00:00
74626,468,6395,497.23,2022-01-01 12:00:00
674342,3195,4130,25.11,2022-01-05 06:00:00
695761,708,5670,135.3,2022-01-05 09:00:00
573750,1171,5928,20.38,2022-01-04 15:00:00
920453,9573,9840,573.66,2022-01-06 19:00:00
722883,7688,1821,132.66,2022-01-05 13:00:00
883423,1319,3859,3677994.75,2022-01-06 13:00:00
475066,7494,8234,568.53,2022-01-04 00:00:00
1257821,1881,9971,359.0,2022-01-08 22:00:00
85277,4717,9751,131.3,2022-01-01 13:00:00
428408,3416,9953,521.11,2022-01-03 17:00:00
1102080,9689,6229,196.52,2022-01-07 22:00:00
669723,1089,8542,24.56,2022-01-05 05:00:00
320701,8655,9992,15.02,2022-01-03 01:00:00
634510,4939,9630,378.54,2022-01-05 00:00:00
1136771,6793,7059,117.8,2022-01-08 03:00:00
917308,9560,9520,449.0,2022-01-06 19:00:00
995018,9217,7613,6827737.0,2022-01-07 06:00:00
1263553,665,2272,162.08,2022-01-08 23:00:00
593941,7638,9945,110.5,2022-01-04 18:00:00
648473,8720,6808,127.76,2022-01-05 02:00:00
979881,6932,2494,3.31,2022-01-07 04:00:00
900031,8612,311,122.63,2022-01-06 16:00:00
516630,7654,9425,127.73,2022-01-04 06:00:00
812005,1546,7917,439.86,2022-01-06 03:00:00
37205,3600,5500,176.57,2022-01-01 06:00:00
391404,3408,808,443.19,2022-01-03 11:00:00
518956,6748,1237,167.6,2022-01-04 07:00:00
56844,8643,9687,160.52,2022-01-01 09:00:00
114166,2687,6112,144.08,2022-01-01 18:00:00
954415,6056,4089,10.96,2022-01-07 00:00:00
967387,2412,8881,442.41,2022-01-07 02:00:00
341677,5729,9963,136.91,2022-01-03 04:00:00
147835,6074,3901,15.39,2022-01-01 23:00:00
220785,6000,9795,11.36,2022-01-02 10:00:00
1147513,6014,8051,18.56,2022-01-08 05:00:00
510322,9717,770,183.36,2022-01-04 05:00:00
1092384,1481,5383,476.23,2022-01-07 21:00:00
658959,8770,9943,140.55,2022-01-05 04:00:00
1182448,8653,9039,143.74,2022-01-08 10:00:00
295102,7548,9677,11.93,2022-01-02 21:00:00
547684,2748,8878,162.49,2022-01-04 11:00:00
746108,9950,8497,292.85,2022-01-05 17:00:00
115682,6412,6592,569.65,2022-01-01 18:00:00
308563,5566,7330,586.27,2022-01-02 23:00:00
1011113,1230,8841,13708173.0,2022-01-07 09:00:00
1075746,9230,9317,17.04,2022-01-07 18:00:00
519356,1509,1127,437.39,2022-01-04 07:00:00
318433,4737,8919,166.94,2022-01-03 00:00:00
356706,5836,9793,3.61,2022-01-03 06:00:00
1150321,8731,879,166.69,2022-01-08 05:00:00
765001,8580,8365,511.44,2022-01-05 20:00:00
578384,8642,4651,12.56,2022-01-04 16:00:00
456833,1569,9510,418.41,2022-01-03 21:00:00
303816,6386,6553,36360.18,2022-01-02 22:00:00
416788,54,9868,50.26,2022-01-03 15:00:00
8518,5000,3988,12.7,2022-01-01 01:00:00
317032,7220,3584,89439.35,2022-01-03 00:00:00
201710,1442,9476,413.76,2022-01-02 07:00:00
614482,8553,4480,465.3,2022-01-04 21:00:00
1105005,7202,7804,12009195.0,2022-01-07 23:00:00
1253834,2018,9354,20.27,2022-01-08 21:00:00
1234920,6197,7642,10.32,2022-01-08 18:00:00
66344,6747,9828,138.47,2022-01-01 10:00:00
662618,5659,3860,121.48,2022-01-05 04:00:00
146490,7032,4919,16.58,2022-01-01 22:00:00
101010,7705,7466,118.93,2022-01-01 16:00:00
1316473,3634,5585,114.91,2022-01-09 07:00:00
736384,4761,6058,146.39,2022-01-05 15:00:00
354832,5479,9189,477.48,2022-01-03 06:00:00
298992,540,9668,458.2,2022-01-02 21:00:00
581266,5728,9780,140.83,2022-01-04 16:00:00
1166362,8669,6487,116.26,2022-01-08 08:00:00
94428,5421,7363,588.16,2022-01-01 14:00:00
1277754,7290,9986,17376216.0,2022-01-09 01:00:00
183890,5003,9791,19.07,2022-01-02 04:00:00
1137898,9677,5561,149.38,2022-01-08 04:00:00
554747,9971,5782,10.73,2022-01-04 12:00:00
414157,2762,9516,143.14,2022-01-03 15:00:00
88861,2111,5592,18.57,2022-01-01 14:00:00
204850,751,5765,134.38,2022-01-02 07:00:00
624741,3418,9960,574.8,2022-01-04 23:00:00
1155579,9661,6026,183.52,2022-01-08 06:00:00
579605,3054,9606,20.86,2022-01-04 16:00:00
1119907,4090,9782,23.4,2022-01-08 01:00:00
1182925,8462,9008,528.09,2022-01-08 11:00:00
829800,7664,9606,197.61,2022-01-06 05:00:00
1144087,4474,5162,433.29,2022-01-08 05:00:00
801175,2657,9947,151.3,2022-01-06 01:00:00
137630,9697,9652,124.95,2022-01-01 21:00:00
643288,844,2741,305.29,2022-01-05 01:00:00
457455,7248,9931,98053.16,2022-01-03 21:00:00
158464,7135,9485,10.48,2022-01-02 00:00:00
153937,1545,9751,586.98,2022-01-01 23:00:00
748117,5062,5395,17.25,2022-01-05 17:00:00
156860,9001,7168,10.33,2022-01-02 00:00:00
754642,7547,6064,548.45,2022-01-05 18:00:00
772510,7797,5880,142.41,2022-01-05 21:00:00
152282,7675,2301,187.97,2022-01-01 23:00:00
1072546,9799,655,138.71,2022-01-07 18:00:00
939859,3401,4808,564.77,2022-01-06 22:00:00
13054,1797,6263,111.47,2022-01-01 02:00:00
275734,9701,6398,163.08,2022-01-02 18:00:00
268170,9141,9994,6.21,2022-01-02 17:00:00
1283323,7882,9178,272.6,2022-01-09 01:00:00
867494,8162,6656,9.59,2022-01-06 11:00:00
113246,3418,9960,574.8,2022-01-01 17:00:00
278301,7762,812,185.16,2022-01-02 18:00:00
398604,8493,6362,442.67,2022-01-03 12:00:00
128048,8579,9366,440.75,2022-01-01 20:00:00
175389,9093,4792,9.35,2022-01-02 03:00:00
35000,2901,2921,2.71,2022-01-01 06:00:00
891128,9472,6251,436.98,2022-01-06 15:00:00
407211,4675,8569,142.33,2022-01-03 14:00:00
410375,9665,9393,151.64,2022-01-03 14:00:00
1174655,4664,2518,103.3,2022-01-08 09:00:00
793509,8652,3750,141.28,2022-01-06 00:00:00
1036323,1327,3502,3.84,2022-01-07 12:00:00
1303520,9784,5107,168.92,2022-01-09 05:00:00
154187,5745,9528,165.03,2022-01-01 23:00:00
90174,6103,9237,15.63,2022-01-01 14:00:00
583163,8346,5367,12.84,2022-01-04 16:00:00
241108,2632,6614,144.46,2022-01-02 13:00:00
507947,4116,8078,20.45,2022-01-04 05:00:00
495703,9474,6670,464.98,2022-01-04 03:00:00
565503,6175,3948,16.15,2022-01-04 14:00:00
490213,2492,9782,525.6,2022-01-04 02:00:00
412217,6057,9962,15.55,2022-01-03 14:00:00
516853,1462,9376,538.08,2022-01-04 06:00:00
274793,7093,7907,11.33,2022-01-02 18:00:00
363973,7673,7271,138.14,2022-01-03 07:00:00
1101265,3196,7387,24.74,2022-01-07 22:00:00
707124,3720,9046,186.46,2022-01-05 11:00:00
212891,8152,1379,10.44,2022-01-02 08:00:00
12325,1873,2877,311.98,2022-01-01 02:00:00
801589,5538,9135,454.54,2022-01-06 01:00:00
835034,8570,8442,514.95,2022-01-06 06:00:00
1028909,5753,8861,152.5,2022-01-07 11:00:00
1096500,5474,9677,4.3,2022-01-07 22:00:00
930877,2765,241,195.78,2022-01-06 21:00:00
58121,8046,1389,11.8,2022-01-01 09:00:00
103390,8801,6890,393.64,2022-01-01 16:00:00
43274,3055,8523,23.58,2022-01-01 07:00:00
734710,4554,496,518.01,2022-01-05 15:00:00
19871,9693,1512,159.42,2022-01-01 03:00:00
931827,7821,9322,296.85,2022-01-06 21:00:00
837679,7066,6506,15.43,2022-01-06 07:00:00
670531,5730,9959,108.8,2022-01-05 05:00:00
949383,4059,9824,16.83,2022-01-06 23:00:00
967271,6610,9991,173.63,2022-01-07 02:00:00
750035,6591,2515,521.94,2022-01-05 17:00:00
1203562,3603,9927,182.14,2022-01-08 14:00:00
280892,7011,9995,16.06,2022-01-02 19:00:00
610387,9082,4507,8.37,2022-01-04 20:00:00
1280134,5504,4706,442.02,2022-01-09 01:00:00
1180306,9639,1448,190.83,2022-01-08 10:00:00
1176089,8207,9810,4603038.5,2022-01-08 09:00:00
1080030,6179,5509,17.16,2022-01-07 19:00:00
905816,3489,9961,436.8,2022-01-06 17:00:00
225606,8026,8741,10.19,2022-01-02 10:00:00
1062973,9988,8653,340.27,2022-01-07 16:00:00
603663,539,5273,550.96,2022-01-04 19:00:00
530905,5911,7001,16.62,2022-01-04 08:00:00
546680,9415,9960,521.0,2022-01-04 11:00:00
872938,525,8919,458.52,2022-01-06 12:00:00
504148,8531,3180,451.94,2022-01-04 04:00:00
581625,8159,7179,10.45,2022-01-04 16:00:00
42303,7144,9883,10.0,2022-01-01 07:00:00
681379,9642,9094,159.52,2022-01-05 07:00:00
1317756,9707,9709,166.41,2022-01-09 07:00:00
369219,4799,4364,166.0,2022-01-03 08:00:00
735472,9012,8988,5.07,2022-01-05 15:00:00
740752,9731,9488,150.02,2022-01-05 16:00:00
17607,1530,6110,596.83,2022-01-01 03:00:00
187645,9196,9861,7.32,2022-01-02 05:00:00
1234515,7424,9652,435.85,2022-01-08 18:00:00
796983,8481,6791,456.17,2022-01-06 00:00:00
777146,6154,7820,11.72,2022-01-05 21:00:00
877609,7718,9163,162.6,2022-01-06 12:00:00
138110,2441,7132,544.94,2022-01-01 21:00:00
507110,4739,3180,106.83,2022-01-04 05:00:00
209852,7284,5989,12.6,2022-01-02 08:00:00
1234254,3434,2713,558.13,2022-01-08 18:00:00
10152,2543,9323,473.57,2022-01-01 02:00:00
692914,7048,4993,12.38,2022-01-05 09:00:00
1161551,1115,5822,32.83,2022-01-08 07:00:00
722738,5898,9895,316.26,2022-01-05 13:00:00
1029118,5113,8562,17.09,2022-01-07 11:00:00
607205,7113,1702,11.15,2022-01-04 20:00:00
132165,489,9354,546.85,2022-01-01 20:00:00
1270825,735,5427,179.47,2022-01-09 00:00:00
896089,8463,9994,563.13,2022-01-06 15:00:00
790922,6553,1888,578.11,2022-01-06 00:00:00
256798,7196,1921,16.08,2022-01-02 15:00:00
1170873,9066,9965,8.07,2022-01-08 09:00:00
521310,9603,8534,109.08,2022-01-04 07:00:00
937173,6115,1804,16.51,2022-01-06 21:00:00
60983,6439,550,464.08,2022-01-01 10:00:00
258697,7603,9549,101.27,2022-01-02 15:00:00
735011,9755,3467,104.26,2022-01-05 15:00:00
846768,8631,9001,194.63,2022-01-06 08:00:00
1312035,3721,8570,149.63,2022-01-09 06:00:00
1065841,3629,4256,153.52,2022-01-07 17:00:00
385376,8721,8142,174.02,2022-01-03 10:00:00
61891,7075,9834,10.86,2022-01-01 10:00:00
1305872,9376,5770,20476906.0,2022-01-09 05:00:00
64866,7167,4516,14.71,2022-01-01 10:00:00
599127,3749,9711,170.33,2022-01-04 19:00:00
353,7662,9982,124.02,2022-01-01 00:00:00
9596,4776,9821,163.57,2022-01-01 01:00:00
983739,7068,9696,15.33,2022-01-07 05:00:00
53654,7384,9163,2.94,2022-01-01 08:00:00
895012,7017,5588,13.31,2022-01-06 15:00:00
175111,9038,9433,6.83,2022-01-02 03:00:00
743077,4185,8796,17.54,2022-01-05 16:00:00
8418,4415,5196,430.7,2022-01-01 01:00:00
873678,3750,6513,121.06,2022-01-06 12:00:00
528172,1049,9023,34.61,2022-01-04 08:00:00
468861,8030,7562,9.0,2022-01-03 23:00:00
1068385,702,203,161.08,2022-01-07 17:00:00
1137423,2120,6817,22.19,2022-01-08 04:00:00
1172434,7145,9553,9.3,2022-01-08 09:00:00
893600,6661,9026,153.02,2022-01-06 15:00:00
560259,7610,8626,156.08,2022-01-04 13:00:00
862247,5064,7686,21.96,2022-01-06 10:00:00
333478,5585,9355,497.73,2022-01-03 03:00:00
135151,8166,1005,7.57,2022-01-01 21:00:00
1245549,3678,9986,135.28,2022-01-08 20:00:00
1035227,9724,9674,160.66,2022-01-07 12:00:00
452106,6079,5662,14.73,2022-01-03 20:00:00
161009,3175,9573,18.82,2022-01-02 01:00:00
954688,9716,8944,101.77,2022-01-07 00:00:00
421709,6185,7289,18.27,2022-01-03 16:00:00
1022540,9772,9969,176.72,2022-01-07 10:00:00
972028,1525,9971,418.38,2022-01-07 03:00:00
141382,6753,9999,149.02,2022-01-01 22:00:00
724655,2539,3902,447.38,2022-01-05 14:00:00
999225,3560,5296,433.77,2022-01-07 07:00:00
415250,5434,7211,445.29,2022-01-03 15:00:00
388980,9888,9975,4.17,2022-01-03 11:00:00
109164,9777,9188,133.52,2022-01-01 17:00:00
127386,6694,3711,185.0,2022-01-01 20:00:00
913116,9666,9899,130.36,2022-01-06 18:00:00
766172,9623,9905,154.91,2022-01-05 20:00:00
592634,3119,6208,23.23,2022-01-04 18:00:00
787141,1017,4185,25.31,2022-01-05 23:00:00
103735,8089,4537,9.51,2022-01-01 16:00:00
194656,9603,9486,16.64,2022-01-02 06:00:00
170615,7050,3307,11.88,2022-01-02 02:00:00
60681,531,9980,420.51,2022-01-01 09:00:00
1019144,3428,9983,504.2,2022-01-07 10:00:00
590381,9101,4407,7.94,2022-01-04 17:00:00
1302551,4412,8740,507.33,2022-01-09 04:00:00
111156,3501,9026,561.52,2022-01-01 17:00:00
923236,9630,9987,122.22,2022-01-06 19:00:00
676246,6744,9684,154.57,2022-01-05 06:00:00
1307500,4892,9529,3.91,2022-01-09 05:00:00
1013528,5193,3010,11.32,2022-01-07 09:00:00
856540,513,2264,473.82,2022-01-06 09:00:00
1161637,3197,3058,23.68,2022-01-08 07:00:00
384814,8004,5840,3.36,2022-01-03 10:00:00
914247,9488,7022,490.26,2022-01-06 18:00:00
443442,4332,9819,119361.72,2022-01-03 19:00:00
515484,4462,9315,502.69,2022-01-04 06:00:00
1243966,9736,7343,141.24,2022-01-08 20:00:00
1001951,4709,9998,156.47,2022-01-07 07:00:00
278796,1512,2336,421.98,2022-01-02 18:00:00
518298,6543,9304,597.34,2022-01-04 06:00:00
1209298,5729,9974,136.91,2022-01-08 14:00:00
3554,9719,8714,161.86,2022-01-01 00:00:00
965297,9066,7142,8.07,2022-01-07 02:00:00
1208178,7070,6074,9.79,2022-01-08 14:00:00
750616,4725,3402,188.58,2022-01-05 17:00:00
725339,1807,8783,395.89,2022-01-05 14:00:00
349097,9817,8115,15.43,2022-01-03 05:00:00
597162,421,9498,572.66,2022-01-04 18:00:00
1261640,7987,9972,215.22,2022-01-08 22:00:00
134213,9032,3947,8.93,2022-01-01 21:00:00
177221,6621,1049,183.88,2022-01-02 03:00:00
683321,8731,9992,166.69,2022-01-05 07:00:00
330346,7722,1757,177.22,2022-01-03 02:00:00
603519,8767,6227,160.72,2022-01-04 19:00:00
471537,1652,3034,104.34,2022-01-03 23:00:00
1095845,9735,2263,113.13,2022-01-07 21:00:00
809575,7031,7133,15.03,2022-01-06 02:00:00
1323060,6500,9672,598.02,2022-01-09 07:00:00
1236344,6343,9208,18.61,2022-01-08 19:00:00
467095,8765,8168,128.82,2022-01-03 23:00:00
392833,541,1484,483.95,2022-01-03 11:00:00
86136,5169,8804,11.21,2022-01-01 13:00:00
1063716,8744,7395,16.07,2022-01-07 16:00:00
1272215,248,6259,21474836.47,2022-01-09 00:00:00
294598,7782,6077,112.3,2022-01-02 21:00:00
772473,9777,9979,133.52,2022-01-05 21:00:00
707158,2043,9874,29.43,2022-01-05 11:00:00
488947,9094,9770,6.08,2022-01-04 02:00:00
87270,6176,7434,19.09,2022-01-01 13:00:00
310246,2556,4492,401.5,2022-01-02 23:00:00
812130,6571,1459,501.08,2022-01-06 03:00:00
180295,9652,9921,111.47,2022-01-02 04:00:00
964092,5838,9793,243.44,2022-01-07 02:00:00
595406,7612,9705,110.73,2022-01-04 18:00:00
88083,9723,3956,134.22,2022-01-01 14:00:00
783591,8018,9357,8.32,2022-01-05 22:00:00
399689,5464,9982,464.19,2022-01-03 12:00:00
1261687,4603,2380,160.58,2022-01-08 22:00:00
1272284,4674,9205,176.19,2022-01-09 00:00:00
63746,7480,8058,478.33,2022-01-01 10:00:00
544013,4445,2976,509.22,2022-01-04 10:00:00
438144,9125,2296,9.06,2022-01-03 18:00:00
1123515,9998,6603,2.96,2022-01-08 02:00:00
320528,784,3724,120.12,2022-01-03 01:00:00
804296,9706,6032,3.67,2022-01-06 02:00:00
522466,9362,9710,3.19,2022-01-04 07:00:00
44732,8715,2531,150.44,2022-01-01 07:00:00
95411,7617,9978,129.41,2022-01-01 15:00:00
1168266,6008,4884,13.28,2022-01-08 08:00:00
720703,8081,563,10.03,2022-01-05 13:00:00
867922,5656,7434,165.5,2022-01-06 11:00:00
677230,9500,7860,575.41,2022-01-05 06:00:00
881759,7073,9826,16.59,2022-01-06 13:00:00
925773,5164,6790,16.94,2022-01-06 20:00:00
563955,9151,5816,7.86,2022-01-04 13:00:00
512484,4588,9623,528.36,2022-01-04 06:00:00
1030449,6682,9951,106.01,2022-01-07 12:00:00
868466,8058,7953,10.09,2022-01-06 11:00:00
114356,8721,5384,174.02,2022-01-01 18:00:00
146650,9654,1842,165.25,2022-01-01 22:00:00
1109578,9440,9987,3.43,2022-01-07 23:00:00
868897,8823,4649,11.1,2022-01-06 11:00:00
1127527,4418,9337,450.23,2022-01-08 02:00:00
1209095,9937,4371,389.1,2022-01-08 14:00:00
161143,9510,8099,493.54,2022-01-02 01:00:00
22179,5012,7273,18.77,2022-01-01 04:00:00
1204945,9997,3761,3.18,2022-01-08 14:00:00
107994,9662,9860,115.23,2022-01-01 17:00:00
331728,4468,572,441.39,2022-01-03 02:00:00
407504,5690,9926,153.91,2022-01-03 14:00:00
918338,440,5085,498.05,2022-01-06 19:00:00
82833,8654,115,152.27,2022-01-01 13:00:00
865073,6106,155,19.22,2022-01-06 11:00:00
39988,6180,3454,10.39,2022-01-01 06:00:00
335676,9720,9153,114.62,2022-01-03 03:00:00
1288651,327,8940,21474836.47,2022-01-09 02:00:00
1094348,9193,3626,4.63,2022-01-07 21:00:00
1292955,2509,7411,598.39,2022-01-09 03:00:00
306360,4052,4347,16.15,2022-01-02 22:00:00
1063012,8423,6285,488.33,2022-01-07 16:00:00
361863,6556,6593,532.25,2022-01-03 07:00:00
1268783,5793,9143,189.22,2022-01-08 23:00:00
608800,493,908,406.02,2022-01-04 20:00:00
587456,7739,4522,197.36,2022-01-04 17:00:00
1203615,9114,8903,5.03,2022-01-08 14:00:00
245400,7379,7664,78317.7,2022-01-02 13:00:00
1135845,9014,8053,5.93,2022-01-08 03:00:00
635911,6010,6907,10.14,2022-01-05 00:00:00
237091,9384,3985,11.71,2022-01-02 12:00:00
862998,9027,2387,7.46,2022-01-06 10:00:00
201786,8730,5905,172.02,2022-01-02 07:00:00
686101,6056,9298,10.96,2022-01-05 08:00:00
1062617,9547,9961,408.73,2022-01-07 16:00:00
1225883,1528,6916,445.48,2022-01-08 17:00:00
592337,5554,8354,547.38,2022-01-04 18:00:00
1173090,3458,253,562.54,2022-01-08 09:00:00
754856,8701,6225,132.49,2022-01-05 18:00:00
256490,4508,9994,513.46,2022-01-02 15:00:00
9598,4776,6697,163.57,2022-01-01 01:00:00
238651,2296,5700,30378.78,2022-01-02 12:00:00
565036,8539,9103,568.53,2022-01-04 14:00:00
1042559,8697,2522,10.94,2022-01-07 13:00:00
981516,7083,7816,10.77,2022-01-07 04:00:00
1000370,9733,8691,165.66,2022-01-07 07:00:00
605359,4778,1691,163.86,2022-01-04 20:00:00
1276976,8036,9780,12.16,2022-01-09 00:00:00
479354,9183,8082,6.93,2022-01-04 00:00:00
753667,9730,293,102.51,2022-01-05 18:00:00
166684,9469,5263,483.82,2022-01-02 01:00:00
833286,9570,8794,506.67,2022-01-06 06:00:00
574502,8662,2893,134.97,2022-01-04 15:00:00
1063496,9556,9960,522.47,2022-01-07 16:00:00
133560,8415,8541,587.1,2022-01-01 20:00:00
1042118,7578,9488,518.9,2022-01-07 13:00:00
1029364,9760,6812,101.22,2022-01-07 11:00:00
1091829,6568,4250,571.9,2022-01-07 21:00:00
175742,7188,9319,16.46,2022-01-02 03:00:00
894310,681,9974,170.88,2022-01-06 15:00:00
1224520,8682,9512,153.53,2022-01-08 17:00:00
311826,9015,6688,5.93,2022-01-02 23:00:00
280389,3756,2540,3.51,2022-01-02 19:00:00
829796,7664,5201,197.61,2022-01-06 05:00:00
993429,3665,7382,190.22,2022-01-07 06:00:00
66138,6483,6818,484.54,2022-01-01 10:00:00
693973,2053,7814,18.33,2022-01-05 09:00:00
330832,2942,9840,282.67,2022-01-03 02:00:00
610222,9057,9118,17.17,2022-01-04 20:00:00
219861,766,5430,4.45,2022-01-02 09:00:00
1121801,9144,5415,8.77,2022-01-08 01:00:00
61366,9797,9751,141.02,2022-01-01 10:00:00
502009,3631,5377,135.83,2022-01-04 04:00:00
1275741,6643,811,122.22,2022-01-09 00:00:00
936402,8035,8974,12.43,2022-01-06 21:00:00
765300,7511,8267,522.07,2022-01-05 20:00:00
920888,782,6787,128.55,2022-01-06 19:00:00
713965,7145,9197,9.3,2022-01-05 12:00:00
370521,7076,9985,16.59,2022-01-03 08:00:00
313762,4045,9921,21.15,2022-01-03 00:00:00
602083,2018,8163,3.6,2022-01-04 19:00:00
1073068,9173,7039,6.04,2022-01-07 18:00:00
1112944,6174,8280,13.24,2022-01-08 00:00:00
124933,9698,3994,126.26,2022-01-01 19:00:00
691637,9738,5388,139.5,2022-01-05 09:00:00
1299538,2489,6670,503.55,2022-01-09 04:00:00
1121511,8932,9669,10.64,2022-01-08 01:00:00
389091,5414,5472,583.02,2022-01-03 11:00:00
1281132,7599,9048,442.83,2022-01-09 01:00:00
293957,129,9655,40.35,2022-01-02 21:00:00
482361,4641,4313,129.88,2022-01-04 01:00:00
218376,7181,9982,15.06,2022-01-02 09:00:00
937077,8155,5907,7.94,2022-01-06 21:00:00
665769,1600,8799,17.64,2022-01-05 05:00:00
916605,8574,4592,478.51,2022-01-06 18:00:00
43535,9154,6327,9.03,2022-01-01 07:00:00
591834,162,2634,52.3,2022-01-04 18:00:00
713023,7547,6064,548.45,2022-01-05 12:00:00
1091029,8672,4197,128.44,2022-01-07 21:00:00
104651,6199,7114,16.66,2022-01-01 16:00:00
1221426,9383,6489,21474836.47,2022-01-08 16:00:00
889904,3858,6399,13.02,2022-01-06 14:00:00
698974,600,7998,112.08,2022-01-05 10:00:00
254867,1488,9411,471.82,2022-01-02 15:00:00
1267772,173,7836,42.69,2022-01-08 23:00:00
894302,174,4491,41.33,2022-01-06 15:00:00
251719,3107,7475,22.96,2022-01-02 14:00:00
243374,4683,9032,111.8,2022-01-02 13:00:00
591772,5746,4935,173.66,2022-01-04 18:00:00
1189110,4601,9459,3.86,2022-01-08 11:00:00
42270,1678,3874,139.41,2022-01-01 07:00:00
865871,9908,9348,383.23,2022-01-06 11:00:00
633875,6046,4085,19.33,2022-01-05 00:00:00
1017815,4052,9504,16.15,2022-01-07 10:00:00
723528,6653,8159,127.65,2022-01-05 13:00:00
799974,8199,9782,8.85,2022-01-06 01:00:00
969545,8110,4853,7.96,2022-01-07 02:00:00
95473,4167,8319,3.64,2022-01-01 15:00:00
601441,4514,4393,533.16,2022-01-04 19:00:00
359082,8125,4092,10.67,2022-01-03 06:00:00
446457,8004,6112,4.86,2022-01-03 20:00:00
708971,7196,1483,16.08,2022-01-05 11:00:00
614312,9922,2223,3.16,2022-01-04 21:00:00
299705,4399,4305,12.81,2022-01-02 21:00:00
701403,9727,9728,130.36,2022-01-05 10:00:00
1285184,6726,2558,151.53,2022-01-09 02:00:00
656629,9679,6747,155.69,2022-01-05 03:00:00
1097151,9168,9918,5.62,2022-01-07 22:00:00
356049,5134,9322,11.26,2022-01-03 06:00:00
1085562,5622,8937,158.89,2022-01-07 20:00:00
651137,5183,8841,16.61,2022-01-05 03:00:00
1149155,4436,9377,476.38,2022-01-08 05:00:00
833841,7526,5827,512.33,2022-01-06 06:00:00
1228062,9738,2005,139.5,2022-01-08 17:00:00
676182,105,6216,40.68,2022-01-05 06:00:00
1226047,2719,2382,128.32,2022-01-08 17:00:00
854159,4512,1788,560.55,2022-01-06 09:00:00
262872,2601,5621,184.08,2022-01-02 16:00:00
310819,3074,1738,20.63,2022-01-02 23:00:00
137394,8022,8381,8.19,2022-01-01 21:00:00
815291,9549,9243,543.54,2022-01-06 03:00:00
806460,1774,7141,139.89,2022-01-06 02:00:00
526046,8566,9881,577.19,2022-01-04 08:00:00
889366,3468,7032,546.79,2022-01-06 14:00:00
304654,4305,9994,12.81,2022-01-02 22:00:00
307124,8095,1714,10.34,2022-01-02 23:00:00
1119690,1090,9883,30.43,2022-01-08 01:00:00
846793,9817,7685,336.85,2022-01-06 08:00:00
1253410,2000,9777,20.14,2022-01-08 21:00:00
1110073,7538,2867,439.02,2022-01-08 00:00:00
683247,9740,9092,115.29,2022-01-05 07:00:00
1231545,6037,9082,19.03,2022-01-08 18:00:00
594495,454,1316,574.51,2022-01-04 18:00:00
346213,9019,6196,5.89,2022-01-03 04:00:00
248876,1155,8670,30.86,2022-01-02 14:00:00
465377,8130,9985,8.39,2022-01-03 22:00:00
448392,8122,9938,11.55,2022-01-03 20:00:00
344902,7507,8596,507.75,2022-01-03 04:00:00
748405,9693,6126,159.42,2022-01-05 17:00:00
1245839,9709,9273,176.14,2022-01-08 20:00:00
1221172,6217,3761,3.07,2022-01-08 16:00:00
1053849,8797,8008,111.76,2022-01-07 15:00:00
517762,5562,8872,506.94,2022-01-04 06:00:00
550150,9683,535,108.62,2022-01-04 11:00:00
215792,6711,9096,194.67,2022-01-02 09:00:00
1093910,1447,3537,453.1,2022-01-07 21:00:00
420746,9122,545,5.51,2022-01-03 16:00:00
458422,9704,9616,183.69,2022-01-03 21:00:00
633118,6504,9354,438.55,2022-01-05 00:00:00
143418,4681,9031,111.06,2022-01-01 22:00:00
417206,8761,4833,103.8,2022-01-03 15:00:00
916815,630,9605,177.86,2022-01-06 19:00:00
17701,6467,9125,507.79,2022-01-01 03:00:00
36672,9668,8371,103.16,2022-01-01 06:00:00
774840,3128,4513,23.76,2022-01-05 21:00:00
530884,7612,7040,110.73,2022-01-04 08:00:00
386630,9655,7069,107.23,2022-01-03 11:00:00
592919,5066,7957,14.78,2022-01-04 18:00:00
634114,9635,9723,195.19,2022-01-05 00:00:00
1009001,4186,5255,15.88,2022-01-07 08:00:00
444364,3443,9976,414.17,2022-01-03 19:00:00
819522,4659,2341,157.27,2022-01-06 04:00:00
602548,1598,9147,404.77,2022-01-04 19:00:00
386637,9655,2171,107.23,2022-01-03 11:00:00
984015,5027,6519,12.32,2022-01-07 05:00:00
975672,7126,9367,10.73,2022-01-07 03:00:00
1311266,7565,9683,3.82,2022-01-09 06:00:00
282509,9785,5087,150.92,2022-01-02 19:00:00
185402,9666,2518,130.36,2022-01-02 04:00:00
66045,1295,9014,697.53,2022-01-01 10:00:00
539458,4742,8760,119.33,2022-01-04 10:00:00
278223,7657,2471,158.69,2022-01-02 18:00:00
1148279,4440,9574,468.83,2022-01-08 05:00:00
44207,9123,9903,8.11,2022-01-01 07:00:00
207014,8799,2483,102.97,2022-01-02 08:00:00
325164,8573,9015,477.1,2022-01-03 01:00:00
95391,6746,619,139.75,2022-01-01 15:00:00
1289024,1088,9891,20.48,2022-01-09 02:00:00
578483,2702,9763,173.91,2022-01-04 16:00:00
202219,6039,9623,14.41,2022-01-02 07:00:00
178012,4661,9932,131.53,2022-01-02 03:00:00
1083900,4000,9873,23.3,2022-01-07 20:00:00
139719,5175,5003,14.54,2022-01-01 21:00:00
136685,6122,9998,11.79,2022-01-01 21:00:00
127789,2418,366,458.0,2022-01-01 20:00:00
517800,9983,8650,395.54,2022-01-04 06:00:00
491377,9185,8250,11.4,2022-01-04 02:00:00
727517,1776,6376,174.52,2022-01-05 14:00:00
426722,8095,9599,10.34,2022-01-03 16:00:00
504931,4122,9890,13.63,2022-01-04 04:00:00
523732,7318,9548,242537.5,2022-01-04 07:00:00
933468,6410,9576,510.08,2022-01-06 21:00:00
857167,9118,7095,5.1,2022-01-06 09:00:00
1215393,9208,2664,18.61,2022-01-08 15:00:00
332525,9639,8298,16.29,2022-01-03 02:00:00
555916,8412,2491,3.3,2022-01-04 12:00:00
191484,2410,2187,19.92,2022-01-02 05:00:00
515670,8653,9897,143.74,2022-01-04 06:00:00
517025,3646,9770,189.21,2022-01-04 06:00:00
807592,4758,7626,117.08,2022-01-06 02:00:00
405710,9929,9301,285.54,2022-01-03 13:00:00
460648,8252,9576,15.6,2022-01-03 22:00:00
79694,3175,9573,18.82,2022-01-01 12:00:00
1304321,4661,1237,131.53,2022-01-09 05:00:00
811630,7453,9983,524.4,2022-01-06 03:00:00
236184,5015,8451,12.17,2022-01-02 12:00:00
270284,1903,9844,10.13,2022-01-02 17:00:00
567511,8105,9569,11.54,2022-01-04 14:00:00
1129329,4596,9895,530.39,2022-01-08 02:00:00
963718,3064,3485,16.14,2022-01-07 02:00:00
785098,9206,9809,18.29,2022-01-05 23:00:00
1034303,3600,7288,176.57,2022-01-07 12:00:00
935020,9756,3907,137.42,2022-01-06 21:00:00
330164,8524,8655,15.02,2022-01-03 02:00:00
1013817,2069,7457,21.88,2022-01-07 09:00:00
993680,8127,7263,12.59,2022-01-07 06:00:00
507173,3144,9153,20.57,2022-01-04 05:00:00
1150222,6100,9996,11.79,2022-01-08 05:00:00
577960,7698,7823,153.83,2022-01-04 15:00:00
13430,7788,9920,130.88,2022-01-01 02:00:00
846444,8013,9966,11.26,2022-01-06 08:00:00
516724,1161,8262,27.04,2022-01-04 06:00:00
855376,9053,7684,8.68,2022-01-06 09:00:00
1009603,9006,2564,7.91,2022-01-07 08:00:00
358520,3406,8695,513.89,2022-01-03 06:00:00
1165562,3544,9344,533.22,2022-01-08 08:00:00
83678,5436,7143,489.89,2022-01-01 13:00:00
293521,5051,4378,20.74,2022-01-02 21:00:00
814737,8271,7071,1447688.25,2022-01-06 03:00:00
613727,2626,6910,4.26,2022-01-04 21:00:00
730123,2194,1380,33.31,2022-01-05 14:00:00
455483,2695,9748,194.1,2022-01-03 21:00:00
335873,9165,9774,5.01,2022-01-03 03:00:00
1078613,7050,3862,11.88,2022-01-07 19:00:00
1067657,5696,3439,196.99,2022-01-07 17:00:00
46872,5411,9025,461.97,2022-01-01 07:00:00
491488,9629,8840,135.11,2022-01-04 02:00:00
718148,9704,694,183.69,2022-01-05 13:00:00
1075926,2031,6085,22.17,2022-01-07 18:00:00
1184077,9676,1502,123.52,2022-01-08 11:00:00
605176,6753,318,149.02,2022-01-04 20:00:00
1078263,8673,6567,125.75,2022-01-07 19:00:00
573610,8921,9598,243.82,2022-01-04 15:00:00
244465,9746,2030,153.61,2022-01-02 13:00:00
675218,9528,9048,501.48,2022-01-05 06:00:00
238203,5230,9578,52050.63,2022-01-02 12:00:00
664834,9196,7410,7.32,2022-01-05 05:00:00
236535,4506,2966,578.29,2022-01-02 12:00:00
32254,8196,4432,10.52,2022-01-01 05:00:00
1086653,9705,7253,147.16,2022-01-07 20:00:00
1154660,2593,9992,589.91,2022-01-08 06:00:00
714987,2574,661,524.4,2022-01-05 12:00:00
833645,8557,7552,551.04,2022-01-06 06:00:00
72000,9768,6553,161.94,2022-01-01 11:00:00
1257869,9608,6795,133.19,2022-01-08 22:00:00
920425,8628,5394,172.57,2022-01-06 19:00:00
770533,9472,6251,436.98,2022-01-05 20:00:00
218178,1712,7833,125.83,2022-01-02 09:00:00
13501,6113,6189,19.95,2022-01-01 02:00:00
297177,7415,9476,519.75,2022-01-02 21:00:00
286099,8210,285,66737.08,2022-01-02 19:00:00
754571,7719,8553,188.36,2022-01-05 18:00:00
286635,9950,8697,13.47,2022-01-02 19:00:00
609063,9476,9980,429.35,2022-01-04 20:00:00
318377,1685,2194,185.38,2022-01-03 00:00:00
1109089,1449,8571,15.27,2022-01-07 23:00:00
508107,1089,1893,24.56,2022-01-04 05:00:00
1204586,3485,8375,526.04,2022-01-08 14:00:00
15615,9908,8057,383.23,2022-01-01 03:00:00
647037,7455,6362,538.54,2022-01-05 02:00:00
927767,517,8589,437.39,2022-01-06 20:00:00
311416,8033,3867,10.43,2022-01-02 23:00:00
558997,8697,6991,128.46,2022-01-04 13:00:00
1184900,7152,7803,12.19,2022-01-08 11:00:00
1254493,2703,9787,100.29,2022-01-08 21:00:00
871679,9179,7582,7.65,2022-01-06 12:00:00
1100938,1018,3639,25.7,2022-01-07 22:00:00
909413,9888,9979,219.91,2022-01-06 17:00:00
1247489,7116,9531,8.36,2022-01-08 20:00:00
848943,6575,9872,512.82,2022-01-06 08:00:00
247142,8667,9989,164.3,2022-01-02 14:00:00
827800,9672,9632,179.36,2022-01-06 05:00:00
951730,7037,9688,17.51,2022-01-07 00:00:00
948293,9175,7893,5.87,2022-01-06 23:00:00
511127,4468,572,441.39,2022-01-04 05:00:00
1271176,6656,7759,147.8,2022-01-09 00:00:00
179157,4583,1755,507.57,2022-01-02 03:00:00
89413,4730,7276,185.08,2022-01-01 14:00:00
1216753,2537,3578,10.48,2022-01-08 16:00:00
923638,4649,9177,111.08,2022-01-06 20:00:00
273292,5919,9422,4.42,2022-01-02 18:00:00
992411,7882,9949,4.67,2022-01-07 06:00:00
1243048,163,5792,50.28,2022-01-08 20:00:00
986369,9053,9712,8.68,2022-01-07 05:00:00
176523,8146,9949,10.44,2022-01-02 03:00:00
452668,7522,9773,569.79,2022-01-03 21:00:00
1092194,8448,9993,568.96,2022-01-07 21:00:00
417372,1164,8008,30.24,2022-01-03 15:00:00
30585,3154,7320,23.39,2022-01-01 05:00:00
747825,1109,1050,28.08,2022-01-05 17:00:00
205737,8088,1714,12.57,2022-01-02 07:00:00
205255,9975,5819,334.92,2022-01-02 07:00:00
1273662,5445,5363,518.29,2022-01-09 00:00:00
458936,8786,9124,104.37,2022-01-03 21:00:00
93709,6564,8002,471.36,2022-01-01 14:00:00
1116988,3776,5767,184.11,2022-01-08 01:00:00
424793,4723,9182,181.35,2022-01-03 16:00:00
870566,8791,8663,119.37,2022-01-06 11:00:00
379950,148,7475,63.95,2022-01-03 10:00:00
1067284,9503,9564,569.97,2022-01-07 17:00:00
26828,9776,8013,114.16,2022-01-01 04:00:00
1151676,5095,3203,12.9,2022-01-08 06:00:00
761187,8072,3113,8.71,2022-01-05 19:00:00
574801,5680,9412,188.25,2022-01-04 15:00:00
977371,4542,7396,14.77,2022-01-07 04:00:00
405820,8774,7487,165.19,2022-01-03 13:00:00
146361,9176,5155,5.32,2022-01-01 22:00:00
1071689,9677,9711,149.38,2022-01-07 18:00:00
168960,3571,8398,417.16,2022-01-02 02:00:00
998919,9794,2000,140.58,2022-01-07 07:00:00
416280,9032,5668,8.93,2022-01-03 15:00:00
1089356,9765,7404,122.3,2022-01-07 20:00:00
380152,9070,9849,3.04,2022-01-03 10:00:00
1216046,9636,7219,197.94,2022-01-08 15:00:00
806496,1539,9892,446.75,2022-01-06 02:00:00
559786,4811,2913,4.05,2022-01-04 13:00:00
311239,8049,9829,7.31,2022-01-02 23:00:00
1001570,914,4859,13.15,2022-01-07 07:00:00
373100,5618,9460,107.38,2022-01-03 08:00:00
380111,8134,876,12.67,2022-01-03 10:00:00
530759,8999,8767,4.01,2022-01-04 08:00:00
887447,8714,7764,137.05,2022-01-06 14:00:00
97579,8011,8511,13.72,2022-01-01 15:00:00
102144,634,5691,162.88,2022-01-01 16:00:00
827382,5711,5087,187.33,2022-01-06 05:00:00
1308524,8376,7665,21474836.47,2022-01-09 05:00:00
142978,9513,5462,440.98,2022-01-01 22:00:00
28103,9738,4571,139.5,2022-01-01 05:00:00
576396,9189,8864,7.94,2022-01-04 15:00:00
999296,6763,7371,195.3,2022-01-07 07:00:00
906048,9681,5951,128.88,2022-01-06 17:00:00
334497,8090,370,9.53,2022-01-03 03:00:00
1112349,4648,2837,152.99,2022-01-08 00:00:00
1068461,8754,961,144.07,2022-01-07 17:00:00
1176002,529,2290,436.8,2022-01-08 09:00:00
632166,9059,9989,8.98,2022-01-05 00:00:00
1155877,9997,7446,260.85,2022-01-08 06:00:00
497325,3413,9950,554.54,2022-01-04 03:00:00
758481,9600,2178,147.99,2022-01-05 19:00:00
342464,4417,8871,443.38,2022-01-03 04:00:00
80332,9550,1988,4.7,2022-01-01 12:00:00
606553,1461,8451,498.07,2022-01-04 20:00:00
816438,9790,4315,138.44,2022-01-06 03:00:00
587128,9645,4060,186.17,2022-01-04 17:00:00
8007,9688,9683,167.39,2022-01-01 01:00:00
1221749,4160,3231,13.31,2022-01-08 16:00:00
951599,1624,7681,146.86,2022-01-07 00:00:00
1066183,3578,9078,457.42,2022-01-07 17:00:00
1147975,9798,6717,144.36,2022-01-08 05:00:00
1281348,5087,3590,3.85,2022-01-09 01:00:00
184497,7396,4178,2.77,2022-01-02 04:00:00
418804,1448,7362,445.92,2022-01-03 15:00:00
489165,1468,2526,401.02,2022-01-04 02:00:00
1303394,1367,7932,17986974.0,2022-01-09 05:00:00
126836,5781,7469,121.01,2022-01-01 19:00:00
623054,8714,2635,137.05,2022-01-04 22:00:00
782308,5280,4311,1234826.62,2022-01-05 22:00:00
1075735,6175,1210,14.81,2022-01-07 18:00:00
266961,5377,9987,11.93,2022-01-02 17:00:00
653487,7091,3753,9.46,2022-01-05 03:00:00
1238419,9618,4438,173.36,2022-01-08 19:00:00
630245,7492,4062,428.63,2022-01-04 23:00:00
584334,9941,2910,4.19,2022-01-04 16:00:00
198157,9943,3050,16.44,2022-01-02 06:00:00
399141,6087,9989,10.98,2022-01-03 12:00:00
305922,9042,7726,9.88,2022-01-02 22:00:00
844735,9890,4537,3.16,2022-01-06 08:00:00
184132,9940,7181,16.44,2022-01-02 04:00:00
145510,8268,8894,4609.22,2022-01-01 22:00:00
3688,4013,9369,23.14,2022-01-01 00:00:00
1216921,6732,4671,106.9,2022-01-08 16:00:00
206256,9712,5544,186.19,2022-01-02 07:00:00
827923,5533,2304,434.82,2022-01-06 05:00:00
771456,3674,8017,144.36,2022-01-05 21:00:00
539788,8756,9161,101.31,2022-01-04 10:00:00
670150,9697,6869,124.95,2022-01-05 05:00:00
626861,4430,2092,542.14,2022-01-04 23:00:00
483948,3728,9014,149.71,2022-01-04 01:00:00
1175898,3761,6733,173.78,2022-01-08 09:00:00
640796,9989,1670,17.17,2022-01-05 01:00:00
1004568,4095,8264,3.32,2022-01-07 08:00:00
1250773,9701,9300,18.51,2022-01-08 21:00:00
187346,614,3112,179.22,2022-01-02 05:00:00
1096943,7660,7686,119.33,2022-01-07 22:00:00
457448,8599,9476,543.53,2022-01-03 21:00:00
1220298,1737,9961,111.88,2022-01-08 16:00:00
331746,2496,880,553.38,2022-01-03 02:00:00
22173,5012,9763,18.77,2022-01-01 04:00:00
976514,3545,4273,3.67,2022-01-07 03:00:00
409312,5687,1715,158.5,2022-01-03 14:00:00
192708,9162,5136,5.25,2022-01-02 05:00:00
1160538,6576,198,422.19,2022-01-08 07:00:00
641071,4670,9986,197.08,2022-01-05 01:00:00
327730,1752,9986,102.19,2022-01-03 02:00:00
1237062,7623,6803,142.61,2022-01-08 19:00:00
1211244,5024,5894,16.76,2022-01-08 15:00:00
37640,8425,9695,535.91,2022-01-01 06:00:00
708868,7608,9979,114.04,2022-01-05 11:00:00
554243,1548,9950,439.54,2022-01-04 12:00:00
1151011,9207,7465,19.03,2022-01-08 06:00:00
588511,2689,8844,156.71,2022-01-04 17:00:00
1280019,5359,9047,21474836.47,2022-01-09 01:00:00
1056457,1562,2789,453.85,2022-01-07 15:00:00
585395,7671,9372,126.34,2022-01-04 17:00:00
496266,5561,1579,460.73,2022-01-04 03:00:00
519862,8656,4540,176.1,2022-01-04 07:00:00
165089,9692,2839,143.27,2022-01-02 01:00:00
1035040,9615,1880,10.94,2022-01-07 12:00:00
539221,6648,9904,198.3,2022-01-04 10:00:00
494090,3651,5206,169.8,2022-01-04 03:00:00
693649,526,8265,587.42,2022-01-05 09:00:00
287289,3565,7908,408.75,2022-01-02 20:00:00
58601,7121,9397,12.48,2022-01-01 09:00:00
55958,8797,9952,111.76,2022-01-01 09:00:00
1308842,9570,8794,506.67,2022-01-09 05:00:00
452225,9666,7678,130.36,2022-01-03 20:00:00
457794,6256,6119,3.23,2022-01-03 21:00:00
326281,9101,8196,7.94,2022-01-03 01:00:00
494432,9524,9840,507.82,2022-01-04 03:00:00
1222394,7430,7242,478.6,2022-01-08 16:00:00
698508,1531,2812,515.08,2022-01-05 10:00:00
325667,9707,4525,166.41,2022-01-03 01:00:00
60006,8695,7916,145.05,2022-01-01 09:00:00
1304115,6621,9321,183.88,2022-01-09 05:00:00
503467,8581,7363,480.51,2022-01-04 04:00:00
1001137,4679,9056,197.6,2022-01-07 07:00:00
1081944,6558,2734,577.77,2022-01-07 19:00:00
1144825,8166,8794,7.57,2022-01-08 05:00:00
261997,2441,7132,544.94,2022-01-02 16:00:00
549212,7582,9179,448.91,2022-01-04 11:00:00
332264,8531,3180,451.94,2022-01-03 02:00:00
750061,4528,5827,440.88,2022-01-05 17:00:00
407267,8668,9242,123.31,2022-01-03 14:00:00
1171520,9784,3182,168.92,2022-01-08 09:00:00
452307,729,9963,139.64,2022-01-03 20:00:00
484751,5092,9667,18.62,2022-01-04 01:00:00
746579,2748,5418,162.49,2022-01-05 17:00:00
649232,1466,8586,468.6,2022-01-05 02:00:00
1101279,5840,7829,289.98,2022-01-07 22:00:00
709488,748,5709,131.22,2022-01-05 11:00:00
668476,5117,1239,17.34,2022-01-05 05:00:00
1179965,7265,2885,13539729.0,2022-01-08 10:00:00
712704,8412,8651,529.7,2022-01-05 12:00:00
163082,2443,5619,562.22,2022-01-02 01:00:00
1039069,9771,6003,15.3,2022-01-07 13:00:00
1081003,2694,2669,169.35,2022-01-07 19:00:00
1205653,5687,9084,158.5,2022-01-08 14:00:00
192756,3821,9861,210.44,2022-01-02 05:00:00
631540,7095,9637,13.87,2022-01-05 00:00:00
258819,9603,7301,109.08,2022-01-02 15:00:00
1052566,1699,8438,149.27,2022-01-07 15:00:00
911662,9063,5100,5.42,2022-01-06 18:00:00
1155727,2398,8215,5157752.0,2022-01-08 06:00:00
706811,2480,7594,452.01,2022-01-05 11:00:00
619795,6609,9352,109.98,2022-01-04 22:00:00
439582,4796,8797,143.36,2022-01-03 18:00:00
1194996,4488,1304,597.84,2022-01-08 12:00:00
555565,1433,5607,498.05,2022-01-04 12:00:00
619814,4619,9475,165.89,2022-01-04 22:00:00
510442,495,2515,592.45,2022-01-04 05:00:00
1285475,2535,9554,584.79,2022-01-09 02:00:00
634336,543,8993,426.45,2022-01-05 00:00:00
832685,6759,2922,117.95,2022-01-06 06:00:00
1196612,8155,9766,7.94,2022-01-08 13:00:00
513682,8571,8794,501.02,2022-01-04 06:00:00
1243523,9782,6856,132.44,2022-01-08 20:00:00
349451,5582,8909,595.72,2022-01-03 05:00:00
622801,4730,8116,185.08,2022-01-04 22:00:00
450923,3070,3194,25.76,2022-01-03 20:00:00
8922,9614,9900,114.73,2022-01-01 01:00:00
690553,1459,8398,511.66,2022-01-05 08:00:00
126032,1515,9873,502.7,2022-01-01 19:00:00
361164,5176,2802,18.41,2022-01-03 07:00:00
1188861,1047,2599,19.54,2022-01-08 11:00:00
702662,7532,8233,435.55,2022-01-05 10:00:00
132140,5097,5747,20.08,2022-01-01 20:00:00
160306,2114,9857,22.05,2022-01-02 00:00:00
203103,9769,6825,191.19,2022-01-02 07:00:00
1182917,1630,7960,180.19,2022-01-08 10:00:00
48249,7166,5982,8.94,2022-01-01 08:00:00
1220796,9763,7106,105.8,2022-01-08 16:00:00
373794,5155,9008,19.04,2022-01-03 09:00:00
70196,2426,1117,499.26,2022-01-01 11:00:00
695329,6089,4513,15.18,2022-01-05 09:00:00
244677,2770,1858,111.66,2022-01-02 13:00:00
388981,9879,9983,4.24,2022-01-03 11:00:00
1147444,9052,7948,5.85,2022-01-08 05:00:00
442444,1709,9881,186.36,2022-01-03 19:00:00
184284,7454,4706,579.96,2022-01-02 04:00:00
393431,5722,9926,196.03,2022-01-03 12:00:00
863156,9405,5083,12.56,2022-01-06 10:00:00
552384,1426,9048,517.64,2022-01-04 11:00:00
782532,5704,9039,140.13,2022-01-05 22:00:00
24193,121,7838,46.37,2022-01-01 04:00:00
1171115,8694,7671,185.0,2022-01-08 09:00:00
594761,3434,2713,558.13,2022-01-04 18:00:00
780798,2058,6116,25.15,2022-01-05 22:00:00
874736,9271,1692,3.3,2022-01-06 12:00:00
626864,1460,1414,551.07,2022-01-04 23:00:00
70755,3446,9795,469.19,2022-01-01 11:00:00
821470,508,7834,4.04,2022-01-06 04:00:00
367096,1597,8860,587.02,2022-01-03 08:00:00
30882,9669,344,10.6,2022-01-01 05:00:00
1195,2559,5692,451.42,2022-01-01 00:00:00
262571,7659,4074,142.58,2022-01-02 16:00:00
1000237,6139,9616,15.81,2022-01-07 07:00:00
646936,2677,9035,181.86,2022-01-05 02:00:00
722200,9984,9145,3.42,2022-01-05 13:00:00
500031,6181,9259,12.82,2022-01-04 04:00:00
838267,9049,9109,6.16,2022-01-06 07:00:00
338714,4743,9640,133.69,2022-01-03 03:00:00
967467,7780,723,140.5,2022-01-07 02:00:00
1315442,2495,7494,520.21,2022-01-09 06:00:00
1198485,8746,8250,156.72,2022-01-08 13:00:00
1271662,9887,8495,363.95,2022-01-09 00:00:00
158193,8501,7880,568.7,2022-01-02 00:00:00
1180167,3633,5858,143.21,2022-01-08 10:00:00
27803,7073,3656,16.59,2022-01-01 04:00:00
418740,9940,4740,13.56,2022-01-03 15:00:00
554780,625,4410,162.71,2022-01-04 12:00:00
731771,6085,9110,10.39,2022-01-05 15:00:00
766214,9616,9868,197.78,2022-01-05 20:00:00
916036,7581,9299,17.62,2022-01-06 18:00:00
223327,585,5365,523.75,2022-01-02 10:00:00
926025,7092,9998,10.62,2022-01-06 20:00:00
257698,2734,5098,160.07,2022-01-02 15:00:00
287769,1040,4643,36.08,2022-01-02 20:00:00
1178094,7667,2304,4.19,2022-01-08 10:00:00
52492,5704,9788,140.13,2022-01-01 08:00:00
724306,9929,5261,285.54,2022-01-05 14:00:00
262941,9787,7002,190.13,2022-01-02 16:00:00
307994,3481,9353,519.16,2022-01-02 23:00:00
53956,6006,9843,2.76,2022-01-01 08:00:00
285990,6249,2905,33572.95,2022-01-02 19:00:00
530147,9879,9983,271.98,2022-01-04 08:00:00
653003,7455,6362,538.54,2022-01-05 03:00:00
110823,9750,7387,140.86,2022-01-01 17:00:00
155503,8620,8045,139.69,2022-01-02 00:00:00
724298,4185,9989,17.54,2022-01-05 14:00:00
13061,7454,4706,579.96,2022-01-01 02:00:00
1320506,1410,9221,565.5,2022-01-09 07:00:00
507835,7467,9216,577.75,2022-01-04 05:00:00
10686,6797,9381,166.05,2022-01-01 02:00:00
387887,9154,5225,9.03,2022-01-03 11:00:00
1270104,9143,8260,10.35,2022-01-09 00:00:00
1191766,9674,7942,134.86,2022-01-08 12:00:00
1009705,1268,2738,2005967.0,2022-01-07 08:00:00
1239817,6808,2180,241.02,2022-01-08 19:00:00
721978,3511,9980,488.51,2022-01-05 13:00:00
724115,9120,4515,18.98,2022-01-05 14:00:00
362458,700,9292,163.8,2022-01-03 07:00:00
125422,7688,1821,132.66,2022-01-01 19:00:00
494417,5014,6432,21.19,2022-01-04 03:00:00
254009,9083,3318,9.78,2022-01-02 15:00:00
1265107,9688,9781,167.39,2022-01-08 23:00:00
881182,8166,9694,7.57,2022-01-06 13:00:00
781058,5985,6585,13.1,2022-01-05 22:00:00
491385,1470,9883,567.71,2022-01-04 02:00:00
933606,8619,3370,129.63,2022-01-06 21:00:00
981033,4235,9971,4767874.5,2022-01-07 04:00:00
1041687,4826,3715,209.05,2022-01-07 13:00:00
749393,9702,3060,193.36,2022-01-05 17:00:00
775719,9060,8708,5.34,2022-01-05 21:00:00
36720,5527,9400,504.42,2022-01-01 06:00:00
1049591,3575,7134,510.57,2022-01-07 14:00:00
1037139,6649,9782,152.92,2022-01-07 12:00:00
444410,8675,5305,178.66,2022-01-03 19:00:00
430856,5672,1814,129.3,2022-01-03 17:00:00
52457,5652,117,188.33,2022-01-01 08:00:00
700956,9343,8008,16.85,2022-01-05 10:00:00
97335,3777,7861,199.58,2022-01-01 15:00:00
767976,1571,1921,542.96,2022-01-05 20:00:00
277572,9140,3079,8.37,2022-01-02 18:00:00
903297,9501,8178,547.08,2022-01-06 16:00:00
308407,9109,7653,8.1,2022-01-02 23:00:00
317664,9602,9667,149.35,2022-01-03 00:00:00
1107194,1176,9956,26.22,2022-01-07 23:00:00
816356,638,6783,159.11,2022-01-06 03:00:00
267367,796,9981,16.21,2022-01-02 17:00:00
258191,2198,7234,24.02,2022-01-02 15:00:00
1235070,5436,7143,489.89,2022-01-08 18:00:00
266878,9671,9971,192.36,2022-01-02 17:00:00
1243852,9605,9858,158.11,2022-01-08 20:00:00
601455,8044,5016,13.27,2022-01-04 19:00:00
417533,8510,7572,438.13,2022-01-03 15:00:00
43645,4740,8273,137.66,2022-01-01 07:00:00
1156874,8545,9466,559.09,2022-01-08 06:00:00
429406,705,9820,151.21,2022-01-03 17:00:00
462775,4721,5990,190.0,2022-01-03 22:00:00
548630,9198,9888,5.79,2022-01-04 11:00:00
114584,421,9498,572.66,2022-01-01 18:00:00
1298190,6098,8453,14.36,2022-01-09 04:00:00
567020,858,2735,11.3,2022-01-04 14:00:00
770586,9762,9260,103.43,2022-01-05 20:00:00
1293968,6657,9655,181.97,2022-01-09 03:00:00
901034,7655,9977,13.02,2022-01-06 16:00:00
523698,8689,6832,159.72,2022-01-04 07:00:00
79289,795,4598,124.87,2022-01-01 12:00:00
1140231,2013,6129,31.62,2022-01-08 04:00:00
470848,7028,7089,17.76,2022-01-03 23:00:00
582377,691,9951,119.62,2022-01-04 16:00:00
976635,3177,1440,4.12,2022-01-07 03:00:00
501290,5618,8914,107.38,2022-01-04 04:00:00
1279434,6183,9699,18.75,2022-01-09 01:00:00
1055910,8729,7496,143.67,2022-01-07 15:00:00
419801,2739,9378,164.63,2022-01-03 15:00:00
953868,5784,9968,122.31,2022-01-07 00:00:00
174017,8118,6356,12.92,2022-01-02 03:00:00
1151167,2032,607,31.59,2022-01-08 06:00:00
897476,5694,7274,184.94,2022-01-06 16:00:00
881362,3228,9951,2579204.25,2022-01-06 13:00:00
881021,3682,8359,137.52,2022-01-06 13:00:00
1290260,8079,9428,16.27,2022-01-09 03:00:00
1221701,5743,9173,165.66,2022-01-08 16:00:00
567633,6037,8584,19.03,2022-01-04 14:00:00
1300148,8140,7896,12.4,2022-01-09 04:00:00
370885,9795,7685,146.25,2022-01-03 08:00:00
187863,8041,9284,12.36,2022-01-02 05:00:00
1102981,7578,9488,518.9,2022-01-07 22:00:00
674118,9701,2630,163.08,2022-01-05 06:00:00
375244,9132,1984,8.23,2022-01-03 09:00:00
501267,1687,9983,187.38,2022-01-04 04:00:00
393417,6411,146,434.66,2022-01-03 12:00:00
1229466,3704,8088,163.33,2022-01-08 17:00:00
600820,9446,5580,494.39,2022-01-04 19:00:00
583891,5630,7992,124.19,2022-01-04 16:00:00
290242,7482,3804,561.33,2022-01-02 20:00:00
30811,5596,8612,524.21,2022-01-01 05:00:00
1008883,1540,2734,408.73,2022-01-07 08:00:00
1026310,7395,2564,16.07,2022-01-07 11:00:00
521932,4470,9246,408.42,2022-01-04 07:00:00
996554,9300,9924,6372568.0,2022-01-07 06:00:00
930785,5040,6559,18.68,2022-01-06 21:00:00
300924,9020,9934,9.54,2022-01-02 22:00:00
157184,2776,3993,181.97,2022-01-02 00:00:00
262758,7170,9960,8.35,2022-01-02 16:00:00
322530,7859,3364,11.52,2022-01-03 01:00:00
65317,1063,6035,23.28,2022-01-01 10:00:00
628802,9387,1130,2.95,2022-01-04 23:00:00
65223,7551,3318,472.41,2022-01-01 10:00:00
857967,2480,7594,452.01,2022-01-06 10:00:00
260150,4540,9763,546.53,2022-01-02 16:00:00
613555,7865,9971,10.73,2022-01-04 21:00:00
1160996,9672,8445,179.36,2022-01-08 07:00:00
573991,1997,7450,202.85,2022-01-04 15:00:00
1182537,9049,7397,6.16,2022-01-08 10:00:00
259731,8797,8639,111.76,2022-01-02 15:00:00
776696,3691,8260,4.25,2022-01-05 21:00:00
1086415,8701,6225,132.49,2022-01-07 20:00:00
747731,8646,8218,157.08,2022-01-05 17:00:00
1202392,8876,4698,3.65,2022-01-08 13:00:00
446001,8116,2275,9.11,2022-01-03 19:00:00
188957,8674,8596,156.08,2022-01-02 05:00:00
896671,6752,8410,135.89,2022-01-06 15:00:00
1059505,7170,2032,8.35,2022-01-07 16:00:00
933784,9656,9938,179.97,2022-01-06 21:00:00
728965,2966,8476,250.16,2022-01-05 14:00:00
119352,8321,7540,6608.58,2022-01-01 18:00:00
38461,8046,7390,11.8,2022-01-01 06:00:00
764352,5562,8872,506.94,2022-01-05 20:00:00
1291330,9738,9425,139.5,2022-01-09 03:00:00
736201,6162,7528,16.16,2022-01-05 15:00:00
1063315,7778,7216,177.86,2022-01-07 16:00:00
911301,5602,9988,149.5,2022-01-06 18:00:00
941205,4515,2306,472.75,2022-01-06 22:00:00
1034485,7505,5296,580.78,2022-01-07 12:00:00
961743,7544,9881,512.29,2022-01-07 01:00:00
304046,9721,8483,3.88,2022-01-02 22:00:00
285344,6855,6595,228.53,2022-01-02 19:00:00
53154,2431,8993,584.28,2022-01-01 08:00:00
646898,7771,9738,117.73,2022-01-05 02:00:00
603951,8460,8299,502.25,2022-01-04 19:00:00
1177159,8757,5614,112.16,2022-01-08 10:00:00
810143,1135,7834,4.39,2022-01-06 02:00:00
1304352,2464,7110,583.21,2022-01-09 05:00:00
201808,5770,4687,128.47,2022-01-02 07:00:00
865179,9019,8439,5.89,2022-01-06 11:00:00
671524,3472,100,478.89,2022-01-05 06:00:00
151438,3587,3837,537.95,2022-01-01 23:00:00
35847,6667,9899,197.19,2022-01-01 06:00:00
567185,5547,3804,556.67,2022-01-04 14:00:00
368442,8119,9556,8.87,2022-01-03 08:00:00
916394,8483,9026,517.57,2022-01-06 18:00:00
220719,5560,7770,427.3,2022-01-02 10:00:00
1193574,5088,9137,20.96,2022-01-08 12:00:00
281167,670,3853,122.66,2022-01-02 19:00:00
1223927,3650,8817,152.3,2022-01-08 17:00:00
252846,3634,5585,114.91,2022-01-02 15:00:00
589897,4155,7628,11.52,2022-01-04 17:00:00
1195934,7007,9611,16.7,2022-01-08 12:00:00
790669,1987,5237,15.31,2022-01-06 00:00:00
1074874,9701,9201,163.08,2022-01-07 18:00:00
893151,9175,8112,5.87,2022-01-06 15:00:00
1202037,1443,3935,413.7,2022-01-08 13:00:00
1315384,3589,6608,560.15,2022-01-09 06:00:00
346927,5422,5496,500.48,2022-01-03 04:00:00
475705,9549,6110,10.06,2022-01-04 00:00:00
1062482,6620,9024,110.84,2022-01-07 16:00:00
748364,5249,3586,494290.84,2022-01-05 17:00:00
938326,9744,7890,162.21,2022-01-06 22:00:00
703028,3151,9504,20.75,2022-01-05 10:00:00
407035,9793,9949,177.08,2022-01-03 14:00:00
615516,9631,7249,137.3,2022-01-04 21:00:00
411970,7704,1681,2.6,2022-01-03 14:00:00
47780,7120,7070,15.71,2022-01-01 08:00:00
826809,9189,8285,7.94,2022-01-06 05:00:00
789792,549,9279,548.17,2022-01-05 23:00:00
131119,7539,9785,517.44,2022-01-01 20:00:00
184335,5298,7920,16.45,2022-01-02 04:00:00
501133,7398,9330,218683.98,2022-01-04 04:00:00
264537,655,6388,188.85,2022-01-02 16:00:00
212456,2408,8200,528.9,2022-01-02 08:00:00
163625,6661,9935,153.02,2022-01-02 01:00:00
760993,5774,6942,131.75,2022-01-05 19:00:00
577400,3164,9990,22.11,2022-01-04 15:00:00
1120547,8181,9997,4.21,2022-01-08 01:00:00
794791,6585,809,437.42,2022-01-06 00:00:00
1285667,1744,7222,180.3,2022-01-09 02:00:00
247609,1520,7442,535.13,2022-01-02 14:00:00
1273237,9744,6150,162.21,2022-01-09 00:00:00
768260,7639,1869,144.53,2022-01-05 20:00:00
620560,5497,8398,577.21,2022-01-04 22:00:00
1116320,8168,9992,14.08,2022-01-08 00:00:00
142073,6643,2985,122.22,2022-01-01 22:00:00
1040526,7718,3799,13.75,2022-01-07 13:00:00
1233040,4194,2669,23.24,2022-01-08 18:00:00
1163499,6599,8990,524.58,2022-01-08 08:00:00
598053,3656,5355,104.12,2022-01-04 19:00:00
61356,9797,7514,141.02,2022-01-01 10:00:00
24024,4596,9739,4.85,2022-01-01 04:00:00
855273,5090,2496,12.8,2022-01-06 09:00:00
599370,6649,9940,17.32,2022-01-04 19:00:00
895419,7406,5186,475.26,2022-01-06 15:00:00
653332,5116,3873,19.35,2022-01-05 03:00:00
297725,5046,4136,13.55,2022-01-02 21:00:00
327270,4491,9298,4.15,2022-01-03 02:00:00
833436,9623,9177,13.5,2022-01-06 06:00:00
725112,7468,4837,438.02,2022-01-05 14:00:00
1279541,2231,4866,3.97,2022-01-09 01:00:00
352136,9785,9412,150.92,2022-01-03 05:00:00
550509,7470,1689,585.07,2022-01-04 11:00:00
157898,6754,2664,133.47,2022-01-02 00:00:00
434554,6768,4342,199.49,2022-01-03 18:00:00
1063642,8355,504,10545936.0,2022-01-07 16:00:00
595601,4603,2380,160.58,2022-01-04 18:00:00
214405,8034,5851,14.18,2022-01-02 09:00:00
492693,9728,2878,172.55,2022-01-04 03:00:00
725190,9892,9310,14.48,2022-01-05 14:00:00
351896,7094,4283,10.53,2022-01-03 05:00:00
18598,5038,7321,19.97,2022-01-01 03:00:00
471591,6126,9750,10.94,2022-01-03 23:00:00
506275,442,8594,522.02,2022-01-04 05:00:00
777569,8757,5614,112.16,2022-01-05 22:00:00
137087,2174,9789,27.46,2022-01-01 21:00:00
960588,3517,7079,443.16,2022-01-07 01:00:00
1018843,2527,8226,553.03,2022-01-07 10:00:00
1188676,7113,3412,11.15,2022-01-08 11:00:00
447117,2451,9476,488.17,2022-01-03 20:00:00
1101825,2827,9355,18.68,2022-01-07 22:00:00
257794,8484,6076,413.45,2022-01-02 15:00:00
38022,9999,4311,10.6,2022-01-01 06:00:00
256586,7412,9334,546.19,2022-01-02 15:00:00
203487,3380,2285,2773.99,2022-01-02 07:00:00
380046,4557,5492,494.35,2022-01-03 10:00:00
495244,316,9985,2.92,2022-01-04 03:00:00
1033611,8553,4480,465.3,2022-01-07 12:00:00
374247,2519,9784,448.36,2022-01-03 09:00:00
716656,3591,7088,453.7,2022-01-05 12:00:00
207776,1411,7178,569.9,2022-01-02 08:00:00
447237,1511,2458,499.85,2022-01-03 20:00:00
240391,1852,8872,256.33,2022-01-02 13:00:00
212288,3580,8585,547.84,2022-01-02 08:00:00
412338,1554,2855,446.85,2022-01-03 14:00:00
874464,9940,1019,3.2,2022-01-06 12:00:00
720396,8429,7351,453.51,2022-01-05 13:00:00
604827,5141,5929,14.62,2022-01-04 20:00:00
858035,77,9914,62.55,2022-01-06 10:00:00
1160678,2346,7137,10003121.0,2022-01-08 07:00:00
1043803,8601,6314,194.55,2022-01-07 13:00:00
111399,8649,9997,133.63,2022-01-01 17:00:00
882620,6003,1894,13.12,2022-01-06 13:00:00
763877,4173,5517,13.71,2022-01-05 19:00:00
641146,2108,7985,30.54,2022-01-05 01:00:00
613709,1593,1338,564.4,2022-01-04 21:00:00
888235,9776,9910,114.16,2022-01-06 14:00:00
697624,6611,9218,182.3,2022-01-05 10:00:00
922807,9160,2950,6.5,2022-01-06 19:00:00
110959,8590,6153,552.16,2022-01-01 17:00:00
738756,7592,8077,426.79,2022-01-05 16:00:00
1050513,9638,9968,179.27,2022-01-07 15:00:00
93643,2409,4708,594.94,2022-01-01 14:00:00
233238,5564,8155,468.19,2022-01-02 12:00:00
898747,7611,7794,186.36,2022-01-06 16:00:00
1209047,9631,9889,13.68,2022-01-08 14:00:00
1101482,7747,6020,107.94,2022-01-07 22:00:00
818577,5516,993,477.82,2022-01-06 04:00:00
527789,5780,7160,166.05,2022-01-04 08:00:00
495261,3076,530,15.53,2022-01-04 03:00:00
204337,9538,9982,503.32,2022-01-02 07:00:00
848508,9562,4572,480.57,2022-01-06 08:00:00
1067966,4524,5242,413.6,2022-01-07 17:00:00
990359,9715,8380,101.62,2022-01-07 06:00:00
947897,6718,7691,161.61,2022-01-06 23:00:00
1097981,9766,3689,108.37,2022-01-07 22:00:00
1155512,9705,9764,147.16,2022-01-08 06:00:00
1258111,9515,6350,475.08,2022-01-08 22:00:00
474315,3111,5637,17.38,2022-01-04 00:00:00
894448,1644,9303,157.07,2022-01-06 15:00:00
212971,6443,7650,529.44,2022-01-02 08:00:00
1284103,2905,3305,335.67,2022-01-09 02:00:00
1317106,6780,2360,119.44,2022-01-09 07:00:00
761534,6157,4599,19.42,2022-01-05 19:00:00
330929,2435,9069,503.44,2022-01-03 02:00:00
1015993,9729,7227,103.44,2022-01-07 09:00:00
654974,9121,9732,6.03,2022-01-05 03:00:00
1229403,5627,7860,115.33,2022-01-08 17:00:00
1011105,4429,9970,515.14,2022-01-07 09:00:00
1071756,6750,9304,144.19,2022-01-07 18:00:00
483328,9035,8273,8.84,2022-01-04 01:00:00
355768,1417,8266,481.0,2022-01-03 06:00:00
731034,4560,4529,473.32,2022-01-05 15:00:00
342748,2628,5212,174.05,2022-01-03 04:00:00
47291,9814,7561,248.1,2022-01-01 07:00:00
424552,5763,9804,152.25,2022-01-03 16:00:00
883351,4511,8333,522.64,2022-01-06 13:00:00
685199,6909,9972,381.17,2022-01-05 08:00:00
37875,3544,9344,533.22,2022-01-01 06:00:00
1083812,9004,6567,7.32,2022-01-07 19:00:00
1001365,9101,5306,7.94,2022-01-07 07:00:00
43687,9601,7592,165.6,2022-01-01 07:00:00
676549,7750,8394,169.47,2022-01-05 06:00:00
220179,8611,3018,120.81,2022-01-02 10:00:00
1291066,9600,2096,147.99,2022-01-09 03:00:00
572315,6778,3674,178.64,2022-01-04 15:00:00
37504,2570,8542,10.27,2022-01-01 06:00:00
940229,1135,7834,33.3,2022-01-06 22:00:00
1126415,8690,7000,138.89,2022-01-08 02:00:00
315161,8653,9789,143.74,2022-01-03 00:00:00
443798,673,9814,110.55,2022-01-03 19:00:00
278313,7493,1614,14.0,2022-01-02 18:00:00
1116193,2606,4216,14.59,2022-01-08 00:00:00
737026,472,8600,514.35,2022-01-05 15:00:00
1125806,3699,9569,124.23,2022-01-08 02:00:00
359186,6178,686,14.83,2022-01-03 06:00:00
405014,9144,7461,8.77,2022-01-03 13:00:00
91091,4010,2770,24.49,2022-01-01 14:00:00
263513,7590,6575,16.21,2022-01-02 16:00:00
563043,6787,7302,184.82,2022-01-04 13:00:00
780283,2558,9653,476.98,2022-01-05 22:00:00
892298,9691,9072,140.16,2022-01-06 15:00:00
960831,5199,6518,11.96,2022-01-07 01:00:00
734650,9649,1580,192.25,2022-01-05 15:00:00
746623,9261,9145,3.35,2022-01-05 17:00:00
935112,5777,8440,186.67,2022-01-06 21:00:00
88603,8745,1988,4.6,2022-01-01 14:00:00
616837,5107,2521,18.88,2022-01-04 21:00:00
1116314,5472,9641,466.54,2022-01-08 00:00:00
531555,8845,9662,365.61,2022-01-04 08:00:00
34846,8465,9565,578.89,2022-01-01 06:00:00
986009,3039,6280,18.99,2022-01-07 05:00:00
358662,9245,9522,84855.31,2022-01-03 06:00:00
920519,6195,9915,10.84,2022-01-06 19:00:00
849854,7650,9166,179.44,2022-01-06 08:00:00
49851,9736,6033,141.24,2022-01-01 08:00:00
763126,9586,5162,469.23,2022-01-05 19:00:00
8951,8351,7077,197.33,2022-01-01 01:00:00
117127,6665,9019,127.55,2022-01-01 18:00:00
10073,6419,4371,512.78,2022-01-01 02:00:00
947421,5887,9809,331.54,2022-01-06 23:00:00
430872,2190,2183,31.31,2022-01-03 17:00:00
1263227,2133,5165,25.19,2022-01-08 23:00:00
770897,2143,5898,27.76,2022-01-05 21:00:00
198309,9648,7476,193.36,2022-01-02 06:00:00
965769,5026,9619,16.27,2022-01-07 02:00:00
430581,6516,9433,461.17,2022-01-03 17:00:00
404909,5032,3452,19.7,2022-01-03 13:00:00
1132014,7700,5363,110.59,2022-01-08 03:00:00
1203702,5655,6322,183.39,2022-01-08 14:00:00
613705,9745,7702,184.44,2022-01-04 21:00:00
586490,1451,3849,562.36,2022-01-04 17:00:00
1191354,9597,4051,3.38,2022-01-08 12:00:00
580397,7903,9685,260.47,2022-01-04 16:00:00
778652,9782,9031,132.44,2022-01-05 22:00:00
180741,8794,7561,127.08,2022-01-02 04:00:00
1253807,4550,9750,458.35,2022-01-08 21:00:00
508156,3612,9953,139.38,2022-01-04 05:00:00
810525,1123,9743,38.99,2022-01-06 02:00:00
546811,4510,8166,476.44,2022-01-04 11:00:00
1177661,6701,3806,174.24,2022-01-08 10:00:00
727825,7719,9044,3.16,2022-01-05 14:00:00
1236447,6408,8721,557.15,2022-01-08 19:00:00
1079624,7026,7616,14.49,2022-01-07 19:00:00
1043850,9488,7022,490.26,2022-01-07 13:00:00
489647,5707,1602,164.17,2022-01-04 02:00:00
791357,1597,8860,587.02,2022-01-06 00:00:00
58489,3058,9799,25.17,2022-01-01 09:00:00
619937,7525,7385,584.9,2022-01-04 22:00:00
707691,5708,5336,190.42,2022-01-05 11:00:00
1291886,9852,754,17.04,2022-01-09 03:00:00
720624,8699,7617,163.24,2022-01-05 13:00:00
1206477,9500,9694,11.43,2022-01-08 14:00:00
1129116,9632,2952,110.36,2022-01-08 02:00:00
713926,4415,5196,430.7,2022-01-05 12:00:00
358208,481,1612,422.69,2022-01-03 06:00:00
347037,1629,6399,178.69,2022-01-03 05:00:00
1020215,2783,9991,193.32,2022-01-07 10:00:00
536549,5771,9222,155.24,2022-01-04 09:00:00
25857,8152,7296,10.44,2022-01-01 04:00:00
475138,8190,5483,9.39,2022-01-04 00:00:00
1131289,3660,6900,121.98,2022-01-08 03:00:00
552520,8566,9881,577.19,2022-01-04 12:00:00
864210,8223,4537,4.31,2022-01-06 10:00:00
227587,3767,9838,145.22,2022-01-02 11:00:00
1210717,8135,7414,10.02,2022-01-08 15:00:00
1320294,6076,3431,12.95,2022-01-09 07:00:00
765766,3453,9463,563.65,2022-01-05 20:00:00
614585,7115,7468,14.44,2022-01-04 21:00:00
501006,9799,7633,3.36,2022-01-04 04:00:00
504823,960,7807,336.14,2022-01-04 04:00:00
627153,9576,4095,409.75,2022-01-04 23:00:00
1095501,7944,8881,3.47,2022-01-07 21:00:00
404306,4776,3228,163.57,2022-01-03 13:00:00
190099,6015,7976,18.93,2022-01-02 05:00:00
560801,2735,8782,11.3,2022-01-04 13:00:00
1314166,9669,4286,16.27,2022-01-09 06:00:00
180311,9652,9059,111.47,2022-01-02 04:00:00
1066311,1700,8860,101.52,2022-01-07 17:00:00
742996,7112,9128,14.2,2022-01-05 16:00:00
1123032,2672,5420,170.3,2022-01-08 01:00:00
585737,7001,6762,16.62,2022-01-04 17:00:00
1179725,4774,6349,109.37,2022-01-08 10:00:00
694597,1950,9982,243.27,2022-01-05 09:00:00
470193,2657,8974,151.3,2022-01-03 23:00:00
91292,8573,9015,477.1,2022-01-01 14:00:00
496603,8518,7431,450.55,2022-01-04 03:00:00
354620,5571,9796,429.45,2022-01-03 06:00:00
1107811,5099,2995,14.84,2022-01-07 23:00:00
949254,8562,9377,594.53,2022-01-06 23:00:00
849764,6772,7485,131.27,2022-01-06 08:00:00
74017,3438,9686,578.86,2022-01-01 11:00:00
1047625,9149,5,8.25,2022-01-07 14:00:00
507762,1528,6916,445.48,2022-01-04 05:00:00
393104,9676,7945,123.52,2022-01-03 11:00:00
573695,7071,9951,10.34,2022-01-04 15:00:00
128058,8134,1951,12.67,2022-01-01 20:00:00
809468,5668,2569,172.47,2022-01-06 02:00:00
308760,4116,9502,20.45,2022-01-02 23:00:00
828656,8100,5413,7.53,2022-01-06 05:00:00
1004970,5104,8582,16.5,2022-01-07 08:00:00
415119,5778,9947,149.35,2022-01-03 15:00:00
1306627,9133,9793,5.15,2022-01-09 05:00:00
566569,1574,9399,524.15,2022-01-04 14:00:00
394919,3004,9725,10.1,2022-01-03 12:00:00
286100,8298,1423,16.29,2022-01-02 19:00:00
217252,3095,4569,27.07,2022-01-02 09:00:00
394603,3611,9999,111.29,2022-01-03 12:00:00
135979,8774,8473,165.19,2022-01-01 21:00:00
1276507,9711,5618,187.85,2022-01-09 00:00:00
1303030,4667,7767,111.2,2022-01-09 04:00:00
419610,3247,9301,89707.82,2022-01-03 15:00:00
520058,5537,9432,3.47,2022-01-04 07:00:00
261162,8404,8420,509.54,2022-01-02 16:00:00
260804,3758,5731,192.55,2022-01-02 16:00:00
265594,8193,6657,7.49,2022-01-02 16:00:00
347833,6727,4230,187.67,2022-01-03 05:00:00
962807,6661,7242,153.02,2022-01-07 01:00:00
1318928,5018,9228,11.43,2022-01-09 07:00:00
336485,5797,1955,121.59,2022-01-03 03:00:00
881209,3097,5685,15.79,2022-01-06 13:00:00
1028940,7712,2673,16.42,2022-01-07 11:00:00
554220,9615,7898,177.72,2022-01-04 12:00:00
1068344,6142,1193,10.64,2022-01-07 17:00:00
7886,5450,3990,565.96,2022-01-01 01:00:00
288644,5425,5173,499.1,2022-01-02 20:00:00
1105078,7435,9894,586.45,2022-01-07 23:00:00
1021150,9869,8918,17.04,2022-01-07 10:00:00
533715,9546,9168,513.64,2022-01-04 09:00:00
120803,7769,9628,180.41,2022-01-01 19:00:00
47676,8167,5015,8.03,2022-01-01 07:00:00
312802,9770,6941,188.38,2022-01-02 23:00:00
353202,1882,5554,348.39,2022-01-03 05:00:00
1119933,4540,9763,546.53,2022-01-08 01:00:00
778315,6751,7340,167.88,2022-01-05 22:00:00
843256,3669,7313,167.13,2022-01-06 07:00:00
1137577,6120,9518,12.31,2022-01-08 04:00:00
472,4072,9464,16.67,2022-01-01 00:00:00
690895,4730,5590,185.08,2022-01-05 08:00:00
55568,7418,8783,483.11,2022-01-01 09:00:00
1216666,538,9599,448.57,2022-01-08 15:00:00
610934,468,6395,497.23,2022-01-04 20:00:00
360127,7456,9179,537.15,2022-01-03 06:00:00
268380,7124,9541,13.81,2022-01-02 17:00:00
103119,6025,6585,14.46,2022-01-01 16:00:00
441754,6400,6373,574.69,2022-01-03 19:00:00
309221,673,9814,110.55,2022-01-02 23:00:00
318858,9666,7490,130.36,2022-01-03 00:00:00
403682,8107,5406,9.47,2022-01-03 13:00:00
430083,514,7671,404.92,2022-01-03 17:00:00
852127,498,1426,414.07,2022-01-06 09:00:00
899397,1571,1921,542.96,2022-01-06 16:00:00
330144,796,6636,128.46,2022-01-03 02:00:00
593438,9721,9057,17.17,2022-01-04 18:00:00
989898,9743,9626,119.45,2022-01-07 05:00:00
76732,8019,6230,10.19,2022-01-01 12:00:00
736105,6028,9518,16.98,2022-01-05 15:00:00
251103,5677,2333,13.56,2022-01-02 14:00:00
953307,9124,7266,5.1,2022-01-07 00:00:00
333541,3458,253,562.54,2022-01-03 03:00:00
89995,5698,4664,141.66,2022-01-01 14:00:00
1245625,7118,5575,11.46,2022-01-08 20:00:00
659614,6089,4586,17.64,2022-01-05 04:00:00
1147517,5729,1043,15.86,2022-01-08 05:00:00
37535,7694,9722,153.47,2022-01-01 06:00:00
736786,5623,3655,178.53,2022-01-05 15:00:00
193815,6631,1836,144.16,2022-01-02 06:00:00
557007,4508,9994,513.46,2022-01-04 12:00:00
680710,7577,9257,507.17,2022-01-05 07:00:00
506762,9907,9710,3.19,2022-01-04 05:00:00
871999,9520,7560,497.7,2022-01-06 12:00:00
946657,9054,6573,7.91,2022-01-06 23:00:00
400052,4516,9971,523.79,2022-01-03 13:00:00
610281,4037,2284,16.12,2022-01-04 20:00:00
53859,2286,2921,4.09,2022-01-01 08:00:00
424344,5020,8248,19.47,2022-01-03 16:00:00
825273,8054,9062,12.74,2022-01-06 05:00:00
638066,2789,9602,104.26,2022-01-05 01:00:00
954738,7493,9069,418.89,2022-01-07 00:00:00
470569,9791,9324,112.93,2022-01-03 23:00:00
29040,1484,541,587.17,2022-01-01 05:00:00
745991,9572,9664,493.67,2022-01-05 17:00:00
1297448,8530,9135,515.1,2022-01-09 04:00:00
1103352,7822,9993,310.73,2022-01-07 23:00:00
1138877,3112,8755,15.03,2022-01-08 04:00:00
253623,9620,6027,150.11,2022-01-02 15:00:00
1109123,8589,3310,11.27,2022-01-07 23:00:00
337936,7333,9993,10.69,2022-01-03 03:00:00
653139,9611,8614,112.83,2022-01-05 03:00:00
865254,3525,7583,422.76,2022-01-06 11:00:00
1105577,6424,9672,586.13,2022-01-07 23:00:00
244706,1229,8802,3105.31,2022-01-02 13:00:00
1317588,8661,9285,119.69,2022-01-09 07:00:00
624597,9995,7681,394.35,2022-01-04 23:00:00
1263838,7042,9998,13.1,2022-01-08 23:00:00
1133880,8020,6632,13.78,2022-01-08 03:00:00
828256,8089,4537,9.51,2022-01-06 05:00:00
740903,6674,7985,184.63,2022-01-05 16:00:00
1298354,7108,7065,14.78,2022-01-09 04:00:00
103055,9200,9389,5064.13,2022-01-01 16:00:00
35718,9004,9466,7.32,2022-01-01 06:00:00
935023,9756,7925,137.42,2022-01-06 21:00:00
1237323,9789,5265,118.95,2022-01-08 19:00:00
1116372,7172,3170,11.03,2022-01-08 00:00:00
1135163,725,3567,114.04,2022-01-08 03:00:00
710278,5615,3560,132.3,2022-01-05 11:00:00
277010,5297,8586,24722.19,2022-01-02 18:00:00
1285717,9549,9243,543.54,2022-01-09 02:00:00
979928,3515,4480,528.66,2022-01-07 04:00:00
1191450,93,4310,55.34,2022-01-08 12:00:00
838992,9742,7602,3.92,2022-01-06 07:00:00
1065162,6083,9706,14.23,2022-01-07 17:00:00
593492,6755,8060,152.77,2022-01-04 18:00:00
626542,1425,8862,417.35,2022-01-04 23:00:00
27144,9341,7187,567.25,2022-01-01 04:00:00
816244,2496,880,553.38,2022-01-06 03:00:00
973711,2676,9993,172.91,2022-01-07 03:00:00
58921,510,9884,587.65,2022-01-01 09:00:00
1438,7616,7777,166.69,2022-01-01 00:00:00
600742,6664,1877,195.99,2022-01-04 19:00:00
850691,9177,9266,13.5,2022-01-06 08:00:00
881517,8995,9405,12.56,2022-01-06 13:00:00
567264,9502,8695,477.75,2022-01-04 14:00:00
484962,4673,9177,105.76,2022-01-04 01:00:00
1230084,7100,7120,8.96,2022-01-08 18:00:00
331573,5733,4342,12.25,2022-01-03 02:00:00
960363,4678,1320,159.1,2022-01-07 01:00:00
793124,6631,1836,144.16,2022-01-06 00:00:00
1007858,9751,6374,128.78,2022-01-07 08:00:00
453149,1467,2303,419.51,2022-01-03 21:00:00
326732,3039,8922,18.99,2022-01-03 02:00:00
42642,8694,1009,185.0,2022-01-01 07:00:00
1129939,9911,9864,10.51,2022-01-08 02:00:00
973420,4429,9970,515.14,2022-01-07 03:00:00
255626,9785,8458,10.13,2022-01-02 15:00:00
1291903,3621,4833,140.42,2022-01-09 03:00:00
127896,8078,8799,9.97,2022-01-01 20:00:00
502810,92,9975,48.35,2022-01-04 04:00:00
153683,9798,6717,144.36,2022-01-01 23:00:00
552976,7506,8244,571.34,2022-01-04 12:00:00
269407,8645,4185,186.05,2022-01-02 17:00:00
799768,6090,3209,17.35,2022-01-06 01:00:00
581995,6830,2966,300.32,2022-01-04 16:00:00
463139,9787,8741,190.13,2022-01-03 22:00:00
1145716,4020,8082,22.13,2022-01-08 05:00:00
510781,9097,8318,6.16,2022-01-04 05:00:00
267362,4540,9763,546.53,2022-01-02 17:00:00
1091111,6089,2178,15.18,2022-01-07 21:00:00
767564,6084,9215,12.98,2022-01-05 20:00:00
1134515,9887,7000,363.95,2022-01-08 03:00:00
991340,6458,1811,501.54,2022-01-07 06:00:00
290557,774,5759,118.04,2022-01-02 20:00:00
1054532,8614,4064,177.89,2022-01-07 15:00:00
856699,5657,3931,179.94,2022-01-06 09:00:00
10263,6483,6818,484.54,2022-01-01 02:00:00
836358,6367,7834,3.79,2022-01-06 06:00:00
335025,5110,5927,17.7,2022-01-03 03:00:00
1295054,5998,9988,4.75,2022-01-09 03:00:00
509037,2450,5195,407.1,2022-01-04 05:00:00
61238,9036,6403,5.78,2022-01-01 10:00:00
1219725,6726,9168,151.53,2022-01-08 16:00:00
1131233,2664,9640,16.7,2022-01-08 03:00:00
59593,4632,9595,162.88,2022-01-01 09:00:00
283421,1097,9829,4.53,2022-01-02 19:00:00
1310592,5688,8012,144.52,2022-01-09 06:00:00
320310,1469,3726,445.32,2022-01-03 01:00:00
1062722,6479,9653,496.86,2022-01-07 16:00:00
815610,5608,2094,118.68,2022-01-06 03:00:00
244852,8742,9982,176.66,2022-01-02 13:00:00
593241,1675,4998,175.41,2022-01-04 18:00:00
723358,4647,6251,150.85,2022-01-05 13:00:00
375075,4237,5933,4.03,2022-01-03 09:00:00
156503,5511,9641,427.0,2022-01-02 00:00:00
254753,5782,1158,122.69,2022-01-02 15:00:00
670064,6431,7662,504.17,2022-01-05 05:00:00
87763,4181,8836,22.56,2022-01-01 13:00:00
509295,3592,2416,465.54,2022-01-04 05:00:00
762015,9764,5956,195.19,2022-01-05 19:00:00
403562,6562,9975,4.14,2022-01-03 13:00:00
369148,8751,7340,167.05,2022-01-03 08:00:00
318705,598,9562,456.01,2022-01-03 00:00:00
932585,6639,1561,183.0,2022-01-06 21:00:00
456394,6048,8855,15.61,2022-01-03 21:00:00
585844,2699,9655,102.27,2022-01-04 17:00:00
823750,9172,7211,9.39,2022-01-06 04:00:00
562814,9930,9631,3.66,2022-01-04 13:00:00
880767,9085,8440,5.66,2022-01-06 13:00:00
737422,7408,9243,500.75,2022-01-05 16:00:00
172528,1683,9981,102.12,2022-01-02 02:00:00
948578,9146,9803,7.67,2022-01-06 23:00:00
1188891,9159,4636,9.33,2022-01-08 11:00:00
1049929,2677,9897,181.86,2022-01-07 14:00:00
1259337,5122,9993,11.57,2022-01-08 22:00:00
465602,4792,8984,161.72,2022-01-03 22:00:00
1023073,6116,9052,14.27,2022-01-07 10:00:00
42376,9789,8708,118.95,2022-01-01 07:00:00
817312,7777,8835,178.36,2022-01-06 03:00:00
78286,3717,1983,12.56,2022-01-01 12:00:00
1181115,9651,9618,134.69,2022-01-08 10:00:00
1015477,422,7153,543.44,2022-01-07 09:00:00
882532,8771,495,168.13,2022-01-06 13:00:00
895854,5480,4030,416.85,2022-01-06 15:00:00
897135,6508,6581,580.61,2022-01-06 16:00:00
1119406,9475,6032,483.89,2022-01-08 01:00:00
1270963,3703,9549,131.74,2022-01-09 00:00:00
279711,3684,5473,196.47,2022-01-02 18:00:00
445394,8240,6119,3.6,2022-01-03 19:00:00
445620,8732,104,164.86,2022-01-03 19:00:00
1237161,3440,4580,516.15,2022-01-08 19:00:00
709048,8608,8282,147.5,2022-01-05 11:00:00
101344,3495,6142,460.95,2022-01-01 16:00:00
491418,788,5882,153.61,2022-01-04 02:00:00
782031,4482,9454,418.25,2022-01-05 22:00:00
182630,7148,8106,11.61,2022-01-02 04:00:00
829321,5527,1368,14.63,2022-01-06 05:00:00
1196821,9637,9952,104.5,2022-01-08 13:00:00
1204944,9997,4051,3.25,2022-01-08 14:00:00
124350,8536,9752,548.94,2022-01-01 19:00:00
1153484,6213,5998,2.77,2022-01-08 06:00:00
469232,9755,5912,104.26,2022-01-03 23:00:00
788577,8625,2621,109.44,2022-01-05 23:00:00
1299346,8005,2265,11.91,2022-01-09 04:00:00
697310,2495,7494,520.21,2022-01-05 09:00:00
703282,6457,4560,403.17,2022-01-05 10:00:00
580827,3000,917,15.67,2022-01-04 16:00:00
1090082,9401,8157,588.02,2022-01-07 20:00:00
1202893,6015,9926,18.93,2022-01-08 13:00:00
1086027,4519,2765,531.78,2022-01-07 20:00:00
1244115,9190,9995,6.38,2022-01-08 20:00:00
162271,8060,1161,11.55,2022-01-02 01:00:00
457871,5393,8970,10.3,2022-01-03 21:00:00
323483,9758,9923,183.74,2022-01-03 01:00:00
892523,1577,3390,514.64,2022-01-06 15:00:00
1266512,7078,9114,11.03,2022-01-08 23:00:00
856900,3523,9620,433.04,2022-01-06 09:00:00
760874,6966,2416,388.88,2022-01-05 19:00:00
1240039,9520,5025,15.43,2022-01-08 19:00:00
458414,8420,6152,429.08,2022-01-03 21:00:00
213843,9141,9879,6.21,2022-01-02 09:00:00
1249243,5351,9143,10.35,2022-01-08 20:00:00
1304124,6621,1093,183.88,2022-01-09 05:00:00
246406,160,3374,49.05,2022-01-02 14:00:00
902845,9633,9857,170.36,2022-01-06 16:00:00
723728,2482,9433,540.53,2022-01-05 13:00:00
107783,9681,7453,128.88,2022-01-01 17:00:00
519839,5909,6397,358.39,2022-01-04 07:00:00
313196,3130,627,24.79,2022-01-03 00:00:00
326300,733,8769,110.23,2022-01-03 01:00:00
406711,7731,9023,170.55,2022-01-03 14:00:00
763977,3473,7862,563.27,2022-01-05 19:00:00
129082,7648,7874,136.66,2022-01-01 20:00:00
853912,1021,7350,34.35,2022-01-06 09:00:00
498579,7804,9549,10.06,2022-01-04 03:00:00
901022,8711,9028,149.61,2022-01-06 16:00:00
236695,8509,9873,548.83,2022-01-02 12:00:00
295497,5916,8385,276.44,2022-01-02 21:00:00
447586,7654,9149,127.73,2022-01-03 20:00:00
461722,2182,7545,19.34,2022-01-03 22:00:00
305810,8117,9623,11.24,2022-01-02 22:00:00
869595,1640,4822,143.39,2022-01-06 11:00:00
151569,9107,3543,17.75,2022-01-01 23:00:00
554452,7407,4925,556.82,2022-01-04 12:00:00
292096,8768,8457,178.69,2022-01-02 20:00:00
595707,5675,6095,194.61,2022-01-04 18:00:00
640421,7623,3894,142.61,2022-01-05 01:00:00
922266,3717,5236,109.18,2022-01-06 19:00:00
115152,5094,9489,18.73,2022-01-01 18:00:00
145580,8861,9443,212.03,2022-01-01 22:00:00
398513,543,8993,426.45,2022-01-03 12:00:00
941384,4685,8561,178.83,2022-01-06 22:00:00
7578,9012,8783,5.07,2022-01-01 01:00:00
942117,8144,8896,8.3,2022-01-06 22:00:00
239545,9201,9422,3.79,2022-01-02 12:00:00
889250,6791,1019,3.47,2022-01-06 14:00:00
932360,6123,2835,11.52,2022-01-06 21:00:00
926708,1784,588,182.82,2022-01-06 20:00:00
1133535,8337,9774,12655365.0,2022-01-08 03:00:00
400137,9114,4934,5.03,2022-01-03 13:00:00
2733,9621,2684,168.11,2022-01-01 00:00:00
849917,8639,4568,125.44,2022-01-06 08:00:00
1045701,3799,4549,13.75,2022-01-07 14:00:00
1243161,1584,8025,3.19,2022-01-08 20:00:00
439535,5887,9809,331.54,2022-01-03 18:00:00
1191717,2446,4419,504.29,2022-01-08 12:00:00
154371,5029,5325,22.08,2022-01-02 00:00:00
1153434,9570,8794,506.67,2022-01-08 06:00:00
996536,8592,6111,556.64,2022-01-07 06:00:00
1026273,5709,9230,17.04,2022-01-07 11:00:00
2633,2183,1122,17.39,2022-01-01 00:00:00
719124,9617,9032,131.91,2022-01-05 13:00:00
684520,2525,4729,463.94,2022-01-05 07:00:00
982744,6421,1568,564.69,2022-01-07 04:00:00
534585,8161,8658,10.22,2022-01-04 09:00:00
231406,9643,7013,190.14,2022-01-02 11:00:00
412587,7551,3318,472.41,2022-01-03 14:00:00
1165735,9858,9999,19.23,2022-01-08 08:00:00
1166915,7423,8399,572.5,2022-01-08 08:00:00
1205286,7985,9858,19.23,2022-01-08 14:00:00
520371,5054,9906,16.7,2022-01-04 07:00:00
27952,4777,7199,155.05,2022-01-01 05:00:00
329579,2832,199,309.32,2022-01-03 02:00:00
1312793,5425,5173,499.1,2022-01-09 06:00:00
335481,6015,9876,18.93,2022-01-03 03:00:00
902204,7449,6570,427.51,2022-01-06 16:00:00
781330,4183,9327,20.03,2022-01-05 22:00:00
369037,6700,6820,157.58,2022-01-03 08:00:00
901306,8170,5338,10.67,2022-01-06 16:00:00
46083,2723,8618,163.52,2022-01-01 07:00:00
802529,8740,6534,104.12,2022-01-06 01:00:00
1070245,4495,8376,16.07,2022-01-07 17:00:00
1209325,8787,5166,150.75,2022-01-08 14:00:00
1177373,8551,9311,486.92,2022-01-08 10:00:00
93974,9045,9362,5.65,2022-01-01 14:00:00
1272298,4107,9552,21.41,2022-01-09 00:00:00
583535,4571,8233,412.86,2022-01-04 16:00:00
342338,7142,7948,14.9,2022-01-03 04:00:00
476342,3115,8570,27.17,2022-01-04 00:00:00
540824,6618,3342,178.97,2022-01-04 10:00:00
598902,6532,6560,501.61,2022-01-04 19:00:00
1240439,1524,1217,536.78,2022-01-08 19:00:00
93494,7109,9286,14.37,2022-01-01 14:00:00
987551,1156,2415,3.67,2022-01-07 05:00:00
1902,4140,4852,17.03,2022-01-01 00:00:00
1095406,3777,8740,199.58,2022-01-07 21:00:00
13414,9751,1003,128.78,2022-01-01 02:00:00
532839,9712,9870,186.19,2022-01-04 09:00:00
484552,9479,9641,440.14,2022-01-04 01:00:00
312062,3908,8242,312.76,2022-01-02 23:00:00
811162,7425,6677,3.37,2022-01-06 03:00:00
596747,3601,8992,140.1,2022-01-04 18:00:00
692050,1772,9639,169.36,2022-01-05 09:00:00
1166154,2465,8721,507.25,2022-01-08 08:00:00
135698,9678,6917,133.36,2022-01-01 21:00:00
446250,8755,7104,149.63,2022-01-03 20:00:00
350472,9729,4020,103.44,2022-01-03 05:00:00
115301,9639,9798,190.83,2022-01-01 18:00:00
251831,9739,6628,4.01,2022-01-02 14:00:00
471301,9670,3463,13.56,2022-01-03 23:00:00
275933,8638,3810,149.53,2022-01-02 18:00:00
1255976,3539,2635,572.28,2022-01-08 21:00:00
797975,5180,7357,14.2,2022-01-06 01:00:00
780045,9652,4263,111.47,2022-01-05 22:00:00
847023,9010,9319,7.91,2022-01-06 08:00:00
290031,7636,4562,189.75,2022-01-02 20:00:00
122663,1011,4853,23.14,2022-01-01 19:00:00
883439,2409,4708,594.94,2022-01-06 13:00:00
1268484,1205,9613,10701302.0,2022-01-08 23:00:00
275378,9711,9857,187.85,2022-01-02 18:00:00
283945,9194,2364,7.41,2022-01-02 19:00:00
91015,1165,9485,39.74,2022-01-01 14:00:00
442020,4708,201,146.19,2022-01-03 19:00:00
1191661,5554,8354,547.38,2022-01-08 12:00:00
453007,8071,8749,8.8,2022-01-03 21:00:00
955982,2634,8595,125.77,2022-01-07 00:00:00
1022704,3049,4155,20.06,2022-01-07 10:00:00
82872,2435,9069,503.44,2022-01-01 13:00:00
1159992,9483,5460,540.75,2022-01-08 07:00:00
893516,8685,9754,148.38,2022-01-06 15:00:00
817779,9033,4140,5.88,2022-01-06 03:00:00
144983,2663,9725,125.33,2022-01-01 22:00:00
1149503,9173,5213,6.04,2022-01-08 05:00:00
62223,8640,6297,182.44,2022-01-01 10:00:00
158357,753,9589,104.44,2022-01-02 00:00:00
905722,7608,1592,114.04,2022-01-06 17:00:00
826775,2875,1822,206.39,2022-01-06 05:00:00
1209212,9088,498,3.25,2022-01-08 14:00:00
97867,5670,9503,184.41,2022-01-01 15:00:00
285598,3101,7413,23.76,2022-01-02 19:00:00
937416,9680,7659,128.36,2022-01-06 22:00:00
326367,4024,7433,23.36,2022-01-03 01:00:00
544646,9454,7103,501.17,2022-01-04 10:00:00
1259302,7068,7321,15.33,2022-01-08 22:00:00
1027433,1490,3439,425.86,2022-01-07 11:00:00
1038555,9409,8432,567.46,2022-01-07 13:00:00
158495,7550,7709,517.53,2022-01-02 00:00:00
1201893,3146,3550,25.02,2022-01-08 13:00:00
1256814,4596,9895,530.39,2022-01-08 22:00:00
149341,8914,9652,393.89,2022-01-01 23:00:00
536028,7947,6692,200.72,2022-01-04 09:00:00
1287407,6929,1269,374.75,2022-01-09 02:00:00
1242492,4739,5076,106.83,2022-01-08 19:00:00
616911,8502,7865,10.73,2022-01-04 21:00:00
379360,7020,9870,12.6,2022-01-03 09:00:00
1246795,5741,2920,135.27,2022-01-08 20:00:00
518951,9485,9685,478.29,2022-01-04 07:00:00
611461,9956,9751,2.92,2022-01-04 21:00:00
305202,5457,4183,407.23,2022-01-02 22:00:00
329238,9674,833,134.86,2022-01-03 02:00:00
752762,9765,2299,122.3,2022-01-05 18:00:00
1151896,1761,9851,157.05,2022-01-08 06:00:00
1181328,2486,9751,535.77,2022-01-08 10:00:00
134292,527,7287,591.63,2022-01-01 21:00:00
1109195,569,6273,18.68,2022-01-07 23:00:00
611708,6447,1679,468.32,2022-01-04 21:00:00
162529,3198,9580,19.42,2022-01-02 01:00:00
134678,3921,4293,247.44,2022-01-01 21:00:00
446725,4819,1163,12.39,2022-01-03 20:00:00
68098,9671,5124,192.36,2022-01-01 11:00:00
609983,4758,3747,117.08,2022-01-04 20:00:00
648353,4773,2953,161.52,2022-01-05 02:00:00
456429,8102,8639,8.29,2022-01-03 21:00:00
368793,9762,6594,103.43,2022-01-03 08:00:00
888342,3609,9940,159.33,2022-01-06 14:00:00
673111,6847,1712,314.51,2022-01-05 06:00:00
1141660,8837,1122,18.5,2022-01-08 04:00:00
351979,8177,6722,13.79,2022-01-03 05:00:00
1119334,9431,9587,486.66,2022-01-08 01:00:00
550151,9683,9658,108.62,2022-01-04 11:00:00
174933,9432,5540,17.75,2022-01-02 03:00:00
594300,8044,9949,13.27,2022-01-04 18:00:00
356659,6976,8017,16.04,2022-01-03 06:00:00
534395,9713,4088,178.52,2022-01-04 09:00:00
1204439,1922,4584,229.55,2022-01-08 14:00:00
283882,4747,9937,184.77,2022-01-02 19:00:00
792127,7783,9506,183.46,2022-01-06 00:00:00
273108,4622,2192,122.83,2022-01-02 17:00:00
163722,3650,6688,152.3,2022-01-02 01:00:00
808919,8407,5472,446.05,2022-01-06 02:00:00
865233,5759,8967,115.37,2022-01-06 11:00:00
193768,9026,3478,8.21,2022-01-02 06:00:00
519670,4513,7907,469.73,2022-01-04 07:00:00
396462,6577,8474,494.64,2022-01-03 12:00:00
1254218,2824,695,375.85,2022-01-08 21:00:00
456152,8109,8984,9.45,2022-01-03 21:00:00
56374,5135,5435,21.36,2022-01-01 09:00:00
919830,1748,9361,133.86,2022-01-06 19:00:00
869001,7402,9972,474.77,2022-01-06 11:00:00
482638,6509,1029,540.42,2022-01-04 01:00:00
365089,8075,9930,11.79,2022-01-03 07:00:00
360394,4779,9887,123.05,2022-01-03 07:00:00
768539,8437,9210,552.66,2022-01-05 20:00:00
392066,7790,9654,17.54,2022-01-03 11:00:00
1075056,8065,9989,13.96,2022-01-07 18:00:00
1279806,9077,9954,7.99,2022-01-09 01:00:00
730957,4756,3151,13.43,2022-01-05 15:00:00
180989,6776,6059,149.41,2022-01-02 04:00:00
1031289,2439,9970,501.57,2022-01-07 12:00:00
745168,3740,9845,172.64,2022-01-05 17:00:00
1018173,2345,7842,18.65,2022-01-07 10:00:00
82134,2665,9882,116.37,2022-01-01 13:00:00
89480,9147,5236,12.56,2022-01-01 14:00:00
1072244,2420,8540,544.13,2022-01-07 18:00:00
202961,4781,9515,106.55,2022-01-02 07:00:00
1061916,9739,3829,165.66,2022-01-07 16:00:00
1020599,7677,9652,101.44,2022-01-07 10:00:00
163988,2606,8990,167.77,2022-01-02 01:00:00
1286142,5079,1011,11.13,2022-01-09 02:00:00
492317,3129,1844,19.39,2022-01-04 02:00:00
731412,8753,8703,128.69,2022-01-05 15:00:00
514956,9005,7424,9.1,2022-01-04 06:00:00
355527,9772,5788,176.72,2022-01-03 06:00:00
785451,7275,9526,2.92,2022-01-05 23:00:00
48394,8531,3180,451.94,2022-01-01 08:00:00
160929,2741,5700,103.73,2022-01-02 01:00:00
721593,9031,1970,8.34,2022-01-05 13:00:00
63305,2432,2822,448.01,2022-01-01 10:00:00
198388,3500,1326,476.51,2022-01-02 06:00:00
1313897,451,3424,582.35,2022-01-09 06:00:00
1023241,2066,177,23.08,2022-01-07 10:00:00
81499,4754,7026,130.0,2022-01-01 13:00:00
372639,9623,9812,11.02,2022-01-03 08:00:00
1313854,9774,9744,121.25,2022-01-09 06:00:00
740410,4728,3985,142.21,2022-01-05 16:00:00
28418,4160,4916,13.31,2022-01-01 05:00:00
540358,9640,8452,184.66,2022-01-04 10:00:00
195279,7462,4178,3.09,2022-01-02 06:00:00
1039913,3459,8497,435.1,2022-01-07 13:00:00
740531,9711,7350,187.85,2022-01-05 16:00:00
168779,4753,5013,141.52,2022-01-02 02:00:00
298660,8015,5292,12.1,2022-01-02 21:00:00
8917,9614,8689,114.73,2022-01-01 01:00:00
11618,2454,5681,505.33,2022-01-01 02:00:00
1228627,8685,9754,148.38,2022-01-08 17:00:00
671014,176,8100,45.07,2022-01-05 05:00:00
876914,2037,9800,20.98,2022-01-06 12:00:00
1139489,539,5273,550.96,2022-01-08 04:00:00
230171,1705,2425,176.74,2022-01-02 11:00:00
987068,4001,8032,16.75,2022-01-07 05:00:00
63569,9748,2201,175.97,2022-01-01 10:00:00
262276,1680,8519,154.05,2022-01-02 16:00:00
1118602,9757,9726,173.78,2022-01-08 01:00:00
1078032,7492,4062,428.63,2022-01-07 19:00:00
725450,6483,6818,484.54,2022-01-05 14:00:00
846396,6129,2239,14.95,2022-01-06 08:00:00
579875,7654,5425,127.73,2022-01-04 16:00:00
1313661,5407,9177,488.92,2022-01-09 06:00:00
639107,9784,9039,168.92,2022-01-05 01:00:00
629148,4666,4465,182.72,2022-01-04 23:00:00
845624,4124,6336,21.93,2022-01-06 08:00:00
797247,3762,9490,182.11,2022-01-06 01:00:00
486026,9682,6147,102.02,2022-01-04 01:00:00
341798,7054,4802,10.24,2022-01-03 04:00:00
22083,4977,9046,280.98,2022-01-01 04:00:00
346045,778,4199,193.44,2022-01-03 04:00:00
1219676,5710,3581,186.33,2022-01-08 16:00:00
1249458,2541,9992,580.65,2022-01-08 20:00:00
1252730,7590,8366,435.0,2022-01-08 21:00:00
501628,6001,9704,10.07,2022-01-04 04:00:00
487686,9180,2784,5.2,2022-01-04 02:00:00
967777,9473,9267,415.3,2022-01-07 02:00:00
1005557,5952,7000,201.88,2022-01-07 08:00:00
208496,6458,1811,501.54,2022-01-02 08:00:00
1103019,6668,2606,108.76,2022-01-07 22:00:00
155372,5519,9177,461.39,2022-01-02 00:00:00
620089,8611,6477,120.81,2022-01-04 22:00:00
1083687,5636,1983,147.72,2022-01-07 19:00:00
1230855,5415,6361,406.3,2022-01-08 18:00:00
335537,9794,5637,140.58,2022-01-03 03:00:00
691326,3767,9838,145.22,2022-01-05 09:00:00
454992,9638,8798,179.27,2022-01-03 21:00:00
317148,4505,3935,542.02,2022-01-03 00:00:00
204879,7727,9354,178.11,2022-01-02 07:00:00
800612,8702,8260,4.46,2022-01-06 01:00:00
162155,6658,3383,183.36,2022-01-02 01:00:00
630017,9483,5460,540.75,2022-01-04 23:00:00
638316,2102,1532,17.52,2022-01-05 01:00:00
397033,6501,8167,454.85,2022-01-03 12:00:00
274265,8060,9990,18.29,2022-01-02 18:00:00
514552,3633,6715,143.21,2022-01-04 06:00:00
1112790,1741,9648,138.42,2022-01-08 00:00:00
192220,6997,9310,11.72,2022-01-02 05:00:00
863442,7620,9930,184.27,2022-01-06 10:00:00
654417,9603,8215,109.08,2022-01-05 03:00:00
1147385,7431,5991,574.03,2022-01-08 05:00:00
1059515,2779,9933,105.98,2022-01-07 16:00:00
881177,264,5775,4531983.5,2022-01-06 13:00:00
600495,2186,9387,33.29,2022-01-04 19:00:00
561993,8013,5869,11.26,2022-01-04 13:00:00
984602,9653,9639,111.58,2022-01-07 05:00:00
419512,9768,1854,3.6,2022-01-03 15:00:00
1228129,9500,7365,11.64,2022-01-08 17:00:00
804064,2733,6554,158.61,2022-01-06 01:00:00
563797,8454,8530,568.96,2022-01-04 13:00:00
1078373,9995,9985,394.35,2022-01-07 19:00:00
554416,7257,196,443746.03,2022-01-04 12:00:00
824188,7540,8321,563.96,2022-01-06 04:00:00
265988,1438,1654,431.91,2022-01-02 16:00:00
665215,3131,319,26.7,2022-01-05 05:00:00
594732,5450,3990,565.96,2022-01-04 18:00:00
1077550,1092,8707,31.31,2022-01-07 19:00:00
170734,8458,9003,502.01,2022-01-02 02:00:00
260017,7795,7776,189.25,2022-01-02 16:00:00
467947,3559,3436,450.29,2022-01-03 23:00:00
996677,3086,8760,26.63,2022-01-07 06:00:00
528556,6403,77,576.52,2022-01-04 08:00:00
787735,3666,9043,180.33,2022-01-05 23:00:00
1037518,6536,9795,549.88,2022-01-07 13:00:00
508198,9129,3711,6.46,2022-01-04 05:00:00
709212,8662,7835,134.97,2022-01-05 11:00:00
370811,1418,3149,404.23,2022-01-03 08:00:00
322621,5417,3924,539.21,2022-01-03 01:00:00
1276796,2528,3417,484.17,2022-01-09 00:00:00
601192,8782,4471,11.3,2022-01-04 19:00:00
978,5548,2548,432.83,2022-01-01 00:00:00
840987,9918,8254,262.54,2022-01-06 07:00:00
1135551,6214,7940,21474836.47,2022-01-08 03:00:00
65977,4814,9843,4.28,2022-01-01 10:00:00
938343,7556,8244,582.04,2022-01-06 22:00:00
156112,4662,5460,175.24,2022-01-02 00:00:00
43895,9167,6968,9.46,2022-01-01 07:00:00
736006,1165,1830,39.74,2022-01-05 15:00:00
231686,2070,9056,30.32,2022-01-02 11:00:00
603966,8787,1130,2.95,2022-01-04 19:00:00
839568,8420,6152,429.08,2022-01-06 07:00:00
1296573,6647,5561,194.11,2022-01-09 04:00:00
520456,9590,9982,513.03,2022-01-04 07:00:00
754209,4920,9784,389.26,2022-01-05 18:00:00
1098042,8766,6603,2.68,2022-01-07 22:00:00
255273,3615,9954,194.19,2022-01-02 15:00:00
495490,3130,9643,24.79,2022-01-04 03:00:00
97266,4098,6550,17.06,2022-01-01 15:00:00
490441,8140,9900,12.4,2022-01-04 02:00:00
703608,8115,8190,10.51,2022-01-05 10:00:00
525113,3137,8677,20.83,2022-01-04 07:00:00
618774,2797,8470,186.78,2022-01-04 22:00:00
118978,8665,4661,153.49,2022-01-01 18:00:00
48702,9765,4464,17.04,2022-01-01 08:00:00
1097404,7768,9987,133.19,2022-01-07 22:00:00
1054791,6051,6530,13.35,2022-01-07 15:00:00
1139667,3158,6269,18.14,2022-01-08 04:00:00
487927,9093,4062,9.35,2022-01-04 02:00:00
5279,652,3376,162.11,2022-01-01 01:00:00
670058,3581,7495,458.94,2022-01-05 05:00:00
1284713,5707,5739,164.17,2022-01-09 02:00:00
407956,5463,7099,497.41,2022-01-03 14:00:00
1061809,1661,8078,164.57,2022-01-07 16:00:00
742770,5357,9886,1124679.0,2022-01-05 16:00:00
948960,4731,3422,10.43,2022-01-06 23:00:00
525890,5127,8836,11.82,2022-01-04 08:00:00
1012299,9785,8076,150.92,2022-01-07 09:00:00
509163,544,6720,404.1,2022-01-04 05:00:00
289553,5454,7264,451.89,2022-01-02 20:00:00
316622,9767,7541,127.0,2022-01-03 00:00:00
888598,1487,8259,576.09,2022-01-06 14:00:00
1116943,1595,3504,449.69,2022-01-08 01:00:00
1280639,2761,7410,143.72,2022-01-09 01:00:00
26899,7529,4617,464.89,2022-01-01 04:00:00
285228,2692,8067,165.97,2022-01-02 19:00:00
645912,2477,5483,536.71,2022-01-05 02:00:00
1311868,1790,8520,181.92,2022-01-09 06:00:00
739073,1953,5024,361.54,2022-01-05 16:00:00
526879,9658,9850,168.52,2022-01-04 08:00:00
1251191,8762,8725,137.88,2022-01-08 21:00:00
1133116,4040,9247,24.95,2022-01-08 03:00:00
323304,9788,9529,158.57,2022-01-03 01:00:00
612539,8135,9994,10.02,2022-01-04 21:00:00
342520,3479,3869,584.63,2022-01-03 04:00:00
366179,9100,8824,6.98,2022-01-03 07:00:00
311422,4536,2698,414.79,2022-01-02 23:00:00
878211,2796,6116,187.5,2022-01-06 13:00:00
575483,9150,9855,8.34,2022-01-04 15:00:00
860053,4752,9538,135.77,2022-01-06 10:00:00
432331,7501,6196,531.72,2022-01-03 17:00:00
359456,3543,7909,438.64,2022-01-03 06:00:00
829513,8518,7431,450.55,2022-01-06 05:00:00
1138160,3198,9580,19.42,2022-01-08 04:00:00
84137,9718,8074,122.94,2022-01-01 13:00:00
349942,2729,9870,171.41,2022-01-03 05:00:00
756600,5632,6574,110.31,2022-01-05 18:00:00
316558,1093,9412,26.94,2022-01-03 00:00:00
1298589,4794,9469,141.07,2022-01-09 04:00:00
162803,4492,7274,513.54,2022-01-02 01:00:00
387287,6284,9573,15.32,2022-01-03 11:00:00
1162136,305,8987,10251753.0,2022-01-08 07:00:00
84024,2484,1107,432.48,2022-01-01 13:00:00
866982,9530,7300,487.54,2022-01-06 11:00:00
148289,1258,2643,14.52,2022-01-01 23:00:00
471732,7462,8511,14.17,2022-01-03 23:00:00
676089,9783,9920,171.58,2022-01-05 06:00:00
182205,410,4305,481.6,2022-01-02 04:00:00
412355,8796,8916,115.01,2022-01-03 14:00:00
319721,7452,6939,443.19,2022-01-03 00:00:00
452672,4939,9630,378.54,2022-01-03 21:00:00
900532,6736,5985,4.02,2022-01-06 16:00:00
1162217,9663,9909,122.91,2022-01-08 07:00:00
1268834,4042,7401,23.02,2022-01-08 23:00:00
360723,4017,9650,24.33,2022-01-03 07:00:00
1168660,8633,8495,173.22,2022-01-08 08:00:00
625938,8433,7440,514.66,2022-01-04 23:00:00
963663,2473,2711,420.2,2022-01-07 02:00:00
798326,6450,9278,578.55,2022-01-06 01:00:00
583405,3492,1775,423.83,2022-01-04 16:00:00
973424,7402,9972,474.77,2022-01-07 03:00:00
194504,5444,1501,469.1,2022-01-02 06:00:00
988232,7120,7070,15.71,2022-01-07 05:00:00
710880,2509,7411,598.39,2022-01-05 12:00:00
312005,5325,3415,15718.52,2022-01-02 23:00:00
1266761,3762,5621,182.11,2022-01-08 23:00:00
548094,7689,5665,168.64,2022-01-04 11:00:00
606023,6673,9698,4.73,2022-01-04 20:00:00
520527,8695,6124,145.05,2022-01-04 07:00:00
353931,7001,9174,16.3,2022-01-03 05:00:00
1197463,5222,4778,21474836.47,2022-01-08 13:00:00
664555,1542,7440,400.89,2022-01-05 05:00:00
610433,7011,9791,16.06,2022-01-04 20:00:00
294936,6699,9388,198.5,2022-01-02 21:00:00
778147,4065,7648,15.65,2022-01-05 22:00:00
153294,1594,3937,446.7,2022-01-01 23:00:00
346331,1553,4806,435.42,2022-01-03 04:00:00
59356,8713,1616,3.18,2022-01-01 09:00:00
475516,3603,8373,182.14,2022-01-04 00:00:00
51070,4935,9476,283.89,2022-01-01 08:00:00
413998,9143,8260,7.43,2022-01-03 15:00:00
624821,6051,1061,13.35,2022-01-04 23:00:00
337498,7785,8490,166.61,2022-01-03 03:00:00
276524,2243,8804,12.48,2022-01-02 18:00:00
1283450,7606,4863,130.41,2022-01-09 01:00:00
952963,7193,3450,11.47,2022-01-07 00:00:00
1024587,5569,7818,472.66,2022-01-07 11:00:00
899641,9668,8300,103.16,2022-01-06 16:00:00
649329,2590,6399,511.52,2022-01-05 02:00:00
726796,6694,9105,185.0,2022-01-05 14:00:00
919235,4447,8107,4.01,2022-01-06 19:00:00
246816,9628,9284,111.52,2022-01-02 14:00:00
240626,4661,8375,131.53,2022-01-02 13:00:00
813842,9064,3558,6.8,2022-01-06 03:00:00
663876,9194,9900,7.41,2022-01-05 04:00:00
1046890,4023,5269,22.8,2022-01-07 14:00:00
267505,4761,9849,146.39,2022-01-02 17:00:00
730958,4756,9001,196.74,2022-01-05 15:00:00
1049620,7744,4159,142.86,2022-01-07 14:00:00
855065,4145,5459,18.73,2022-01-06 09:00:00
760533,8626,626,181.66,2022-01-05 19:00:00
248590,1421,9660,3.78,2022-01-02 14:00:00
529866,658,9970,106.65,2022-01-04 08:00:00
756189,8777,1984,158.17,2022-01-05 18:00:00
1092839,5653,9856,160.08,2022-01-07 21:00:00
49894,8790,9996,136.02,2022-01-01 08:00:00
121554,6232,6322,4645.01,2022-01-01 19:00:00
933983,1773,2842,196.19,2022-01-06 21:00:00
1215608,4431,2644,491.89,2022-01-08 15:00:00
260440,9482,9169,400.67,2022-01-02 16:00:00
281932,5712,9252,195.75,2022-01-02 19:00:00
19375,9745,2559,184.44,2022-01-01 03:00:00
995198,3383,4886,1369533.0,2022-01-07 06:00:00
1290443,2185,9911,25.43,2022-01-09 03:00:00
680397,8005,8762,11.91,2022-01-05 07:00:00
867387,6707,9595,187.53,2022-01-06 11:00:00
1210055,9711,3613,187.85,2022-01-08 14:00:00
244617,9717,9807,183.36,2022-01-02 13:00:00
1178382,6562,6928,465.76,2022-01-08 10:00:00
4364,4520,9457,571.48,2022-01-01 00:00:00
259001,9753,9973,3.68,2022-01-02 15:00:00
1289740,1293,8830,21474836.47,2022-01-09 02:00:00
64980,6414,2888,460.83,2022-01-01 10:00:00
958116,8446,6791,488.14,2022-01-07 01:00:00
978598,9709,1653,176.14,2022-01-07 04:00:00
1259027,5948,9234,225.88,2022-01-08 22:00:00
120992,2510,9244,541.65,2022-01-01 19:00:00
591580,8147,161,13.31,2022-01-04 18:00:00
1025583,9181,9183,4.74,2022-01-07 11:00:00
1129401,489,9354,546.85,2022-01-08 02:00:00
923320,3443,9976,414.17,2022-01-06 19:00:00
928184,9872,8330,364.88,2022-01-06 20:00:00
1033187,9696,5465,118.33,2022-01-07 12:00:00
1277391,3426,9111,498.51,2022-01-09 01:00:00
1001656,3129,2811,19.39,2022-01-07 07:00:00
9317,476,2081,577.75,2022-01-01 01:00:00
471428,1601,6050,140.49,2022-01-03 23:00:00
1190377,7653,6352,104.13,2022-01-08 12:00:00
478588,8787,3368,150.75,2022-01-04 00:00:00
533156,7531,9893,482.95,2022-01-04 09:00:00
106631,1728,3471,147.94,2022-01-01 16:00:00
736295,9671,8745,192.36,2022-01-05 15:00:00
355704,9125,6747,9.06,2022-01-03 06:00:00
849123,1758,9946,141.77,2022-01-06 08:00:00
868089,9876,6237,19.18,2022-01-06 11:00:00
142044,5484,5472,564.3,2022-01-01 22:00:00
134387,3580,8585,547.84,2022-01-01 21:00:00
565168,9004,9846,7.32,2022-01-04 14:00:00
206418,5439,2623,518.54,2022-01-02 07:00:00
719896,8096,3294,8.31,2022-01-05 13:00:00
229664,7673,9612,138.14,2022-01-02 11:00:00
141851,5546,5441,584.23,2022-01-01 22:00:00
527939,4241,7633,3.33,2022-01-04 08:00:00
87224,9999,7095,11.85,2022-01-01 13:00:00
208903,9690,1439,163.19,2022-01-02 08:00:00
366861,5423,6284,418.2,2022-01-03 08:00:00
1164234,9081,9608,6.42,2022-01-08 08:00:00
1245997,4123,9342,24.17,2022-01-08 20:00:00
401616,6623,9967,144.19,2022-01-03 13:00:00
782989,7713,3727,130.02,2022-01-05 22:00:00
1025136,7831,3505,308.85,2022-01-07 11:00:00
989480,9994,9987,376.92,2022-01-07 05:00:00
9042,9183,8082,6.93,2022-01-01 01:00:00
34083,9764,9666,195.19,2022-01-01 05:00:00
1025956,3790,9521,123.65,2022-01-07 11:00:00
351086,8673,908,125.75,2022-01-03 05:00:00
907344,2179,8985,28.05,2022-01-06 17:00:00
663521,4767,9767,170.36,2022-01-05 04:00:00
369009,4251,9452,60845.12,2022-01-03 08:00:00
1123277,556,862,589.78,2022-01-08 02:00:00
816599,5095,3218,12.9,2022-01-06 03:00:00
1178624,9670,4830,142.78,2022-01-08 10:00:00
66018,7147,2064,10.02,2022-01-01 10:00:00
692778,6765,3389,160.96,2022-01-05 09:00:00
1298259,9703,5092,125.29,2022-01-09 04:00:00
690873,8083,9246,11.44,2022-01-05 08:00:00
1128098,8584,7078,503.22,2022-01-08 02:00:00
1157698,8660,1450,125.38,2022-01-08 07:00:00
1322206,3752,6103,155.38,2022-01-09 07:00:00
663352,4500,7540,446.33,2022-01-05 04:00:00
1174481,3406,8695,513.89,2022-01-08 09:00:00
997913,8551,9311,486.92,2022-01-07 07:00:00
913382,2743,8139,16.71,2022-01-06 18:00:00
728619,8690,6855,138.89,2022-01-05 14:00:00
77727,9076,4491,7.19,2022-01-01 12:00:00
68681,850,8319,4.02,2022-01-01 11:00:00
682350,8761,8748,103.8,2022-01-05 07:00:00
746652,8093,4513,13.39,2022-01-05 17:00:00
361469,8018,5825,8.32,2022-01-03 07:00:00
247858,3525,7583,422.76,2022-01-02 14:00:00
305122,9620,8774,14.22,2022-01-02 22:00:00
904562,9708,8276,161.83,2022-01-06 17:00:00
605964,8166,4510,7.57,2022-01-04 20:00:00
1219082,8454,8530,568.96,2022-01-08 16:00:00
528625,8574,4592,478.51,2022-01-04 08:00:00
691192,1919,2933,325.38,2022-01-05 09:00:00
422717,6604,7154,163.8,2022-01-03 16:00:00
958786,7428,6020,537.92,2022-01-07 01:00:00
33162,8490,6274,420.38,2022-01-01 05:00:00
959227,7646,2423,109.3,2022-01-07 01:00:00
824109,6726,7752,151.53,2022-01-06 04:00:00
763592,8594,8883,513.0,2022-01-05 19:00:00
866276,1701,8975,141.92,2022-01-06 11:00:00
812331,8461,9623,13.5,2022-01-06 03:00:00
263491,5714,4433,195.27,2022-01-02 16:00:00
740852,2763,8049,128.94,2022-01-05 16:00:00
473440,2445,9356,598.94,2022-01-04 00:00:00
751594,8273,6839,495463.62,2022-01-05 18:00:00
361873,4125,3773,14.21,2022-01-03 07:00:00
546612,9814,7561,248.1,2022-01-04 11:00:00
703904,9734,7755,151.13,2022-01-05 10:00:00
1015272,8675,9565,19.12,2022-01-07 09:00:00
522379,9722,2262,148.63,2022-01-04 07:00:00
710127,5451,8024,490.79,2022-01-05 11:00:00
9904,7721,9924,133.82,2022-01-01 01:00:00
583971,6424,9672,586.13,2022-01-04 16:00:00
160907,3618,9990,198.03,2022-01-02 01:00:00
294259,6731,8504,105.93,2022-01-02 21:00:00
1201797,694,8934,104.98,2022-01-08 13:00:00
1113004,5566,8833,13.09,2022-01-08 00:00:00
75517,5160,5690,17.59,2022-01-01 12:00:00
869929,5646,6899,185.99,2022-01-06 11:00:00
241733,5480,4030,416.85,2022-01-02 13:00:00
1160704,9974,5729,15.86,2022-01-08 07:00:00
366607,6795,1083,129.58,2022-01-03 08:00:00
194321,1443,3935,413.7,2022-01-02 06:00:00
347607,8178,6203,7.92,2022-01-03 05:00:00
1041329,6068,2066,17.12,2022-01-07 13:00:00
1274558,5161,9337,18.61,2022-01-09 00:00:00
668912,1700,6067,101.52,2022-01-05 05:00:00
501093,771,8767,4.34,2022-01-04 04:00:00
288816,4491,8365,513.59,2022-01-02 20:00:00
627507,6423,9982,465.41,2022-01-04 23:00:00
449477,8696,4668,171.83,2022-01-03 20:00:00
797460,4784,8341,164.77,2022-01-06 01:00:00
725843,8135,9967,10.02,2022-01-05 14:00:00
227313,8121,2677,11.89,2022-01-02 11:00:00
1212321,2006,7919,26.86,2022-01-08 15:00:00
851786,3519,7076,444.85,2022-01-06 09:00:00
1303954,1678,2844,139.41,2022-01-09 05:00:00
195130,9749,9562,127.41,2022-01-02 06:00:00
920091,6027,9414,19.92,2022-01-06 19:00:00
1281718,7161,9260,11.83,2022-01-09 01:00:00
847515,528,9655,3.65,2022-01-06 08:00:00
1214567,7548,6362,459.92,2022-01-08 15:00:00
734112,3681,4509,194.78,2022-01-05 15:00:00
992180,8458,9003,502.01,2022-01-07 06:00:00
326169,2052,8808,28.1,2022-01-03 01:00:00
1125541,3602,8680,148.21,2022-01-08 02:00:00
918055,77,6403,62.55,2022-01-06 19:00:00
867930,8981,3112,4.54,2022-01-06 11:00:00
819388,2567,9366,403.1,2022-01-06 04:00:00
773124,9145,9927,8.23,2022-01-05 21:00:00
92331,494,7645,583.85,2022-01-01 14:00:00
310061,9951,9412,12.25,2022-01-02 23:00:00
388722,2604,5120,152.67,2022-01-03 11:00:00
593370,9749,3679,127.41,2022-01-04 18:00:00
1082244,6484,4361,531.71,2022-01-07 19:00:00
474128,5605,928,152.63,2022-01-04 00:00:00
1117469,3634,5585,114.91,2022-01-08 01:00:00
346182,6469,5591,453.7,2022-01-03 04:00:00
170617,7050,5455,11.88,2022-01-02 02:00:00
885387,8120,7748,9.07,2022-01-06 14:00:00
543067,9665,8592,151.64,2022-01-04 10:00:00
458295,5130,6604,18.28,2022-01-03 21:00:00
183988,9646,6057,17.59,2022-01-02 04:00:00
550267,8059,8963,11.62,2022-01-04 11:00:00
635071,9623,318,154.91,2022-01-05 00:00:00
1199076,5730,6016,108.8,2022-01-08 13:00:00
190782,9752,6686,115.98,2022-01-02 05:00:00
146403,6788,9871,117.02,2022-01-01 22:00:00
395160,1367,5127,10.92,2022-01-03 12:00:00
449921,9651,4996,134.69,2022-01-03 20:00:00
577166,153,9984,3.06,2022-01-04 15:00:00
541076,5548,4474,3.24,2022-01-04 10:00:00
1194989,9961,4575,323.67,2022-01-08 12:00:00
15959,8784,9487,135.19,2022-01-01 03:00:00
687318,4723,7963,181.35,2022-01-05 08:00:00
186468,2510,9244,541.65,2022-01-02 04:00:00
1026691,1453,6135,572.8,2022-01-07 11:00:00
884263,2120,6817,22.19,2022-01-06 13:00:00
1249448,6681,3885,140.22,2022-01-08 20:00:00
1058736,5183,6614,16.61,2022-01-07 16:00:00
358655,9629,1928,135.11,2022-01-03 06:00:00
548153,6005,5850,15.65,2022-01-04 11:00:00
577639,722,8196,116.29,2022-01-04 15:00:00
995318,4577,9333,416.22,2022-01-07 06:00:00
497186,2480,7594,452.01,2022-01-04 03:00:00
643525,5544,6289,466.14,2022-01-05 01:00:00
104491,5631,2434,107.91,2022-01-01 16:00:00
578913,9736,8976,141.24,2022-01-04 16:00:00
352858,9112,9788,9.26,2022-01-03 05:00:00
958738,9411,8297,534.29,2022-01-07 01:00:00
580431,4577,9333,416.22,2022-01-04 16:00:00
1192426,9471,9344,485.16,2022-01-08 12:00:00
538109,9794,9994,140.58,2022-01-04 09:00:00
792131,7783,7128,183.46,2022-01-06 00:00:00
418750,5636,4513,147.72,2022-01-03 15:00:00
1232600,5684,8486,113.19,2022-01-08 18:00:00
121997,2105,6905,16.83,2022-01-01 19:00:00
944953,3827,8809,234.8,2022-01-06 23:00:00
1178406,4511,8333,522.64,2022-01-08 10:00:00
966648,9734,6788,151.13,2022-01-07 02:00:00
1229055,2434,6861,456.57,2022-01-08 17:00:00
487524,5740,8287,137.33,2022-01-04 02:00:00
105576,6768,6579,199.49,2022-01-01 16:00:00
213236,2333,9422,13.56,2022-01-02 08:00:00
93447,8177,6845,13.79,2022-01-01 14:00:00
162732,2256,9887,9489.06,2022-01-02 01:00:00
599004,5730,1517,108.8,2022-01-04 19:00:00
58443,9638,8012,179.27,2022-01-01 09:00:00
1184715,7003,9494,16.42,2022-01-08 11:00:00
282260,8129,1345,7.17,2022-01-02 19:00:00
283878,4747,3612,184.77,2022-01-02 19:00:00
1279725,4082,7222,18.54,2022-01-09 01:00:00
520066,1629,3849,14.09,2022-01-04 07:00:00
733559,3475,7365,476.05,2022-01-05 15:00:00
373870,1001,9202,19.6,2022-01-03 09:00:00
77279,7740,8035,167.05,2022-01-01 12:00:00
691829,705,8411,151.21,2022-01-05 09:00:00
329624,7693,3365,143.77,2022-01-03 02:00:00
400205,133,2595,47.52,2022-01-03 13:00:00
617789,8316,6794,4.74,2022-01-04 21:00:00
1171406,5596,8612,524.21,2022-01-08 09:00:00
333289,4167,2554,11.71,2022-01-03 02:00:00
1255427,614,3112,179.22,2022-01-08 21:00:00
289872,9926,951,14.22,2022-01-02 20:00:00
426133,8714,3015,137.05,2022-01-03 16:00:00
936684,9459,6274,529.4,2022-01-06 21:00:00
871144,2047,1331,18.53,2022-01-06 11:00:00
689867,4961,8003,308.33,2022-01-05 08:00:00
606982,1599,3109,544.67,2022-01-04 20:00:00
1233291,121,5456,46.37,2022-01-08 18:00:00
375458,5174,3779,21.97,2022-01-03 09:00:00
566036,2563,6179,426.54,2022-01-04 14:00:00
758209,8087,3244,13.82,2022-01-05 19:00:00
540935,7575,55,585.63,2022-01-04 10:00:00
539127,8446,6791,488.14,2022-01-04 10:00:00
1228868,6746,9932,139.75,2022-01-08 17:00:00
623317,9772,9994,176.72,2022-01-04 22:00:00
778816,7494,5985,13.1,2022-01-05 22:00:00
878083,7434,6938,437.58,2022-01-06 13:00:00
935638,1642,2888,161.77,2022-01-06 21:00:00
938721,2631,5985,3.82,2022-01-06 22:00:00
1295167,7459,9069,530.96,2022-01-09 03:00:00
412296,2487,5840,3.16,2022-01-03 14:00:00
334509,2047,6305,18.53,2022-01-03 03:00:00
755933,2085,3850,32.59,2022-01-05 18:00:00
506907,6039,6832,14.41,2022-01-04 05:00:00
831858,6454,2081,442.54,2022-01-06 06:00:00
612143,3576,496,435.89,2022-01-04 21:00:00
67614,1456,9532,511.73,2022-01-01 11:00:00
411055,2656,8737,128.33,2022-01-03 14:00:00
1107387,6685,8881,3.63,2022-01-07 23:00:00
557877,5107,4490,18.88,2022-01-04 12:00:00
675765,1497,8454,583.16,2022-01-05 06:00:00
36103,7193,2756,11.47,2022-01-01 06:00:00
1246228,7681,2170,121.2,2022-01-08 20:00:00
716825,3467,9755,519.54,2022-01-05 12:00:00
1297357,3078,8934,18.17,2022-01-09 04:00:00
61371,9797,4440,141.02,2022-01-01 10:00:00
875659,8605,9883,189.78,2022-01-06 12:00:00
427272,5774,8289,131.75,2022-01-03 17:00:00
357810,959,8530,206.85,2022-01-03 06:00:00
1239696,6103,4329,15.63,2022-01-08 19:00:00
513604,6990,9485,3.48,2022-01-04 06:00:00
564309,8005,8876,11.91,2022-01-04 13:00:00
586414,9655,8245,107.23,2022-01-04 17:00:00
960608,4595,7441,554.09,2022-01-07 01:00:00
762399,7071,6721,15.31,2022-01-05 19:00:00
291921,3024,7419,16.36,2022-01-02 20:00:00
1261573,3594,2158,420.66,2022-01-08 22:00:00
13737,7731,8690,170.55,2022-01-01 02:00:00
1297456,1555,9568,585.65,2022-01-09 04:00:00
73641,344,9999,10.6,2022-01-01 11:00:00
419530,9454,7103,501.17,2022-01-03 15:00:00
1044969,9639,5333,190.83,2022-01-07 14:00:00
481933,5104,7009,16.5,2022-01-04 01:00:00
698269,8001,3139,9.32,2022-01-05 10:00:00
1151003,3020,2111,27.08,2022-01-08 06:00:00
463505,6603,1349,115.98,2022-01-03 22:00:00
217299,9844,4037,3.07,2022-01-02 09:00:00
921062,5761,9149,157.07,2022-01-06 19:00:00
418579,1165,9485,39.74,2022-01-03 15:00:00
190583,9698,9747,126.26,2022-01-02 05:00:00
791706,5579,4283,572.53,2022-01-06 00:00:00
800179,4091,7015,23.38,2022-01-06 01:00:00
381018,9431,9587,486.66,2022-01-03 10:00:00
1145898,2739,7896,164.63,2022-01-08 05:00:00
322917,1413,9249,16.09,2022-01-03 01:00:00
353053,2537,7880,489.02,2022-01-03 05:00:00
1240957,7027,9971,11.92,2022-01-08 19:00:00
1041332,8944,7662,211.64,2022-01-07 13:00:00
1258928,8770,9550,140.55,2022-01-08 22:00:00
1320888,3014,9812,24.89,2022-01-09 07:00:00
918607,3770,3072,131.1,2022-01-06 19:00:00
657051,3145,8470,15.7,2022-01-05 03:00:00
871066,4069,4431,24.3,2022-01-06 11:00:00
1259993,5052,9876,12.28,2022-01-08 22:00:00
608737,9680,9638,128.36,2022-01-04 20:00:00
1019455,8556,6594,456.16,2022-01-07 10:00:00
451408,9605,3462,158.11,2022-01-03 20:00:00
105382,4100,5732,22.62,2022-01-01 16:00:00
1012337,9498,7220,494.6,2022-01-07 09:00:00
158314,3583,9157,458.89,2022-01-02 00:00:00
750453,6179,9833,17.16,2022-01-05 17:00:00
927866,5929,5833,11.27,2022-01-06 20:00:00
1280766,7789,190,123.0,2022-01-09 01:00:00
876247,4030,5480,21.47,2022-01-06 12:00:00
67208,4311,7029,10.6,2022-01-01 10:00:00
65749,9065,9817,5.26,2022-01-01 10:00:00
59707,7591,8374,553.53,2022-01-01 09:00:00
649918,5123,2785,4.52,2022-01-05 02:00:00
552395,6097,9578,18.03,2022-01-04 12:00:00
812922,1120,6019,31.09,2022-01-06 03:00:00
1247292,8513,4481,593.78,2022-01-08 20:00:00
399144,1688,5142,141.13,2022-01-03 12:00:00
1199520,9180,3388,5.2,2022-01-08 13:00:00
1137864,9611,8863,16.7,2022-01-08 04:00:00
1061723,6505,9883,559.17,2022-01-07 16:00:00
997485,8698,2482,180.6,2022-01-07 07:00:00
346766,2670,8907,147.42,2022-01-03 04:00:00
90550,8138,8323,14.01,2022-01-01 14:00:00
327264,8700,9763,16.51,2022-01-03 02:00:00
533745,1648,7942,190.5,2022-01-04 09:00:00
896616,3572,1301,593.64,2022-01-06 15:00:00
564347,9135,7320,6.59,2022-01-04 13:00:00
354851,3778,3579,132.91,2022-01-03 06:00:00
728992,6818,6483,374.38,2022-01-05 14:00:00
694564,8658,9607,163.69,2022-01-05 09:00:00
335884,9165,5183,5.01,2022-01-03 03:00:00
1169513,7555,9854,594.15,2022-01-08 08:00:00
688536,5617,7202,140.5,2022-01-05 08:00:00
490505,6036,2176,19.62,2022-01-04 02:00:00
431666,6223,7392,10.3,2022-01-03 17:00:00
916714,9780,2082,164.21,2022-01-06 18:00:00
475763,6528,8498,480.42,2022-01-04 00:00:00
180245,9644,9168,189.14,2022-01-02 04:00:00
875,1575,1686,531.77,2022-01-01 00:00:00
58623,5761,9149,157.07,2022-01-01 09:00:00
56162,3551,1920,471.82,2022-01-01 09:00:00
1200169,5168,530,17.98,2022-01-08 13:00:00
1250729,6577,8474,494.64,2022-01-08 21:00:00
277873,5549,9883,520.52,2022-01-02 18:00:00
692339,2308,7929,239933.26,2022-01-05 09:00:00
1291028,3527,6120,527.53,2022-01-09 03:00:00
1305597,7545,3208,525.72,2022-01-09 05:00:00
627011,5693,6221,108.55,2022-01-04 23:00:00
120484,8762,4704,137.88,2022-01-01 19:00:00
306638,9558,9006,3.29,2022-01-02 23:00:00
305028,9987,7548,11.93,2022-01-02 22:00:00
418805,4422,2534,547.94,2022-01-03 15:00:00
925609,7756,7629,131.53,2022-01-06 20:00:00
49727,3184,9521,25.8,2022-01-01 08:00:00
49925,1466,8586,468.6,2022-01-01 08:00:00
776546,7091,7573,9.46,2022-01-05 21:00:00
1073060,9173,9246,6.04,2022-01-07 18:00:00
135288,9797,9394,11.72,2022-01-01 21:00:00
1175745,3760,7316,166.25,2022-01-08 09:00:00
262871,2601,3613,184.08,2022-01-02 16:00:00
775277,6058,2620,13.32,2022-01-05 21:00:00
826746,2007,9995,25.09,2022-01-06 05:00:00
226351,4823,5706,235.64,2022-01-02 11:00:00
316356,9914,7443,350.91,2022-01-03 00:00:00
1010490,8706,8395,181.8,2022-01-07 08:00:00
1214909,9745,6704,184.44,2022-01-08 15:00:00
229515,2072,9523,23.19,2022-01-02 11:00:00
625602,9779,7037,168.61,2022-01-04 23:00:00
1209044,6583,1931,510.7,2022-01-08 14:00:00
827650,8408,5195,478.77,2022-01-06 05:00:00
374501,7712,9827,133.11,2022-01-03 09:00:00
1052142,5906,9979,13.15,2022-01-07 15:00:00
816368,4620,6479,104.79,2022-01-06 03:00:00
618602,5681,9232,164.69,2022-01-04 22:00:00
1300840,9115,4170,5.57,2022-01-09 04:00:00
257654,2703,2811,100.29,2022-01-02 15:00:00
561543,2627,2628,14.09,2022-01-04 13:00:00
766386,1450,2009,428.2,2022-01-05 20:00:00
232588,8798,8120,181.35,2022-01-02 11:00:00
693296,8596,8992,457.42,2022-01-05 09:00:00
1107983,6452,9883,509.14,2022-01-07 23:00:00
24864,2782,9385,121.98,2022-01-01 04:00:00
522814,6689,9985,4.24,2022-01-04 07:00:00
1251727,8788,9980,153.3,2022-01-08 21:00:00
868655,1403,7375,584.54,2022-01-06 11:00:00
366870,585,5365,523.75,2022-01-03 08:00:00
1106193,68,9719,52.52,2022-01-07 23:00:00
518417,3511,9980,488.51,2022-01-04 07:00:00
1311501,9714,9782,170.33,2022-01-09 06:00:00
363094,5055,8404,17.61,2022-01-03 07:00:00
89525,1595,3504,449.69,2022-01-01 14:00:00
696200,8467,9685,557.95,2022-01-05 09:00:00
36817,9119,8521,6.23,2022-01-01 06:00:00
307529,1414,3305,521.65,2022-01-02 23:00:00
311191,7151,9344,11.5,2022-01-02 23:00:00
39067,1569,9510,418.41,2022-01-01 06:00:00
227433,2572,477,406.23,2022-01-02 11:00:00
302161,8037,1059,12.47,2022-01-02 22:00:00
208207,9979,9865,238.13,2022-01-02 08:00:00
850007,8571,9558,3.78,2022-01-06 08:00:00
958717,1460,1414,551.07,2022-01-07 01:00:00
755806,4443,1599,594.77,2022-01-05 18:00:00
653915,2695,9667,194.1,2022-01-05 03:00:00
653864,1609,4444,165.33,2022-01-05 03:00:00
1067202,656,4655,101.01,2022-01-07 17:00:00
1065723,9141,9994,6.21,2022-01-07 17:00:00
1158557,9796,8968,168.05,2022-01-08 07:00:00
207713,7039,6695,10.53,2022-01-02 08:00:00
1281282,646,4380,131.82,2022-01-09 01:00:00
361645,5090,5702,12.8,2022-01-03 07:00:00
1312039,9966,7046,376.76,2022-01-09 06:00:00
367652,7111,5934,12.83,2022-01-03 08:00:00
242932,7596,6011,540.0,2022-01-02 13:00:00
944311,453,8870,583.38,2022-01-06 23:00:00
608723,5304,9645,3.62,2022-01-04 20:00:00
563465,8789,9945,182.41,2022-01-04 13:00:00
951536,2492,9782,525.6,2022-01-07 00:00:00
316072,8761,9298,4.06,2022-01-03 00:00:00
560398,519,8611,468.89,2022-01-04 13:00:00
933232,7302,8975,11.68,2022-01-06 21:00:00
118348,5040,6657,18.68,2022-01-01 18:00:00
619910,1561,2536,523.15,2022-01-04 22:00:00
320332,9438,9485,512.53,2022-01-03 01:00:00
1001071,3564,4293,506.72,2022-01-07 07:00:00
550636,9636,3290,197.94,2022-01-04 11:00:00
600635,8533,9399,560.78,2022-01-04 19:00:00
625796,2024,7233,22.31,2022-01-04 23:00:00
405335,9688,9407,167.39,2022-01-03 13:00:00
1277944,9609,7169,177.6,2022-01-09 01:00:00
208963,7064,8409,19.92,2022-01-02 08:00:00
1179086,8021,3880,7.21,2022-01-08 10:00:00
304601,8795,9415,195.92,2022-01-02 22:00:00
6631,4493,7178,556.32,2022-01-01 01:00:00
1158204,5840,7829,289.98,2022-01-08 07:00:00
981955,9774,8318,121.25,2022-01-07 04:00:00
870874,7153,6360,15.09,2022-01-06 11:00:00
212458,2680,4451,195.13,2022-01-02 08:00:00
797204,7441,8520,589.03,2022-01-06 00:00:00
97569,6854,6472,315.26,2022-01-01 15:00:00
748563,7516,9543,564.64,2022-01-05 17:00:00
873840,298,9868,3576801.5,2022-01-06 12:00:00
316109,8199,4144,12.15,2022-01-03 00:00:00
453841,5665,5957,115.54,2022-01-03 21:00:00
581325,9489,8596,465.19,2022-01-04 16:00:00
330835,3125,5167,24.63,2022-01-03 02:00:00
454714,1534,7076,440.05,2022-01-03 21:00:00
967030,9703,9637,125.29,2022-01-07 02:00:00
179271,4318,5951,4661.85,2022-01-02 03:00:00
732618,9688,6937,167.39,2022-01-05 15:00:00
837502,9732,7914,121.75,2022-01-06 06:00:00
201117,6677,9742,151.33,2022-01-02 07:00:00
511354,5715,9431,166.66,2022-01-04 05:00:00
1195853,2561,9444,494.17,2022-01-08 12:00:00
519060,3880,5151,208.52,2022-01-04 07:00:00
208606,9036,3425,5.78,2022-01-02 08:00:00
240437,5586,5096,474.57,2022-01-02 13:00:00
1051810,9990,5622,10.81,2022-01-07 15:00:00
289699,9109,7653,8.1,2022-01-02 20:00:00
305107,8012,4093,10.92,2022-01-02 22:00:00
834943,7038,4488,9.17,2022-01-06 06:00:00
1121902,9886,8607,14.96,2022-01-08 01:00:00
471742,3556,9557,437.6,2022-01-03 23:00:00
644137,9524,9840,507.82,2022-01-05 02:00:00
158034,9765,2161,122.3,2022-01-02 00:00:00
413235,4742,1468,119.33,2022-01-03 14:00:00
728190,6543,9304,597.34,2022-01-05 14:00:00
950415,9179,9820,7.65,2022-01-06 23:00:00
1134930,8641,9983,112.47,2022-01-08 03:00:00
1279688,5439,2623,518.54,2022-01-09 01:00:00
863054,4572,9960,529.55,2022-01-06 10:00:00
644306,4019,9538,19.42,2022-01-05 02:00:00
521416,9630,7253,122.22,2022-01-04 07:00:00
1032883,7067,308,14.7,2022-01-07 12:00:00
1115114,4729,7977,123.9,2022-01-08 00:00:00
1196285,520,1148,591.83,2022-01-08 12:00:00
488862,9139,7719,8.53,2022-01-04 02:00:00
946234,177,9109,42.92,2022-01-06 23:00:00
961086,9171,6446,7.91,2022-01-07 01:00:00
420508,4769,9530,132.55,2022-01-03 16:00:00
1225536,1152,9594,33.1,2022-01-08 17:00:00
1243536,8790,7461,136.02,2022-01-08 20:00:00
428686,2049,9654,26.26,2022-01-03 17:00:00
615236,564,6044,494.17,2022-01-04 21:00:00
353758,5357,9826,75456.35,2022-01-03 05:00:00
709035,8527,6691,485.33,2022-01-05 11:00:00
137185,7669,8731,153.08,2022-01-01 21:00:00
489936,591,7351,431.23,2022-01-04 02:00:00
979849,9277,2245,3.71,2022-01-07 04:00:00
360170,2592,7374,419.2,2022-01-03 06:00:00
103861,7063,6702,15.07,2022-01-01 16:00:00
844124,8675,9794,178.66,2022-01-06 07:00:00
407203,5575,9920,17.54,2022-01-03 14:00:00
962837,3069,3941,4.53,2022-01-07 01:00:00
639584,9753,8721,164.69,2022-01-05 01:00:00
754514,2738,5914,191.35,2022-01-05 18:00:00
146649,9654,6619,165.25,2022-01-01 22:00:00
1303061,2127,9940,24.66,2022-01-09 04:00:00
1048826,2508,7186,515.65,2022-01-07 14:00:00
64890,6462,8102,448.63,2022-01-01 10:00:00
827031,7480,8058,478.33,2022-01-06 05:00:00
864837,9017,9566,8.46,2022-01-06 11:00:00
399129,4655,7544,194.08,2022-01-03 12:00:00
285410,3497,5283,515.28,2022-01-02 19:00:00
1177583,4780,7077,145.5,2022-01-08 10:00:00
1281267,4070,7241,15.23,2022-01-09 01:00:00
647308,9998,9698,4.84,2022-01-05 02:00:00
326378,1600,8799,100.59,2022-01-03 02:00:00
170865,6170,3746,3.55,2022-01-02 02:00:00
1016434,7113,2800,11.15,2022-01-07 09:00:00
133843,2154,3112,32.95,2022-01-01 20:00:00
199663,1459,8398,511.66,2022-01-02 06:00:00
910740,9782,4131,132.44,2022-01-06 18:00:00
453697,428,1275,477.33,2022-01-03 21:00:00
799758,9525,7165,496.2,2022-01-06 01:00:00
292405,612,9556,159.53,2022-01-02 20:00:00
262199,1489,7609,476.86,2022-01-02 16:00:00
112256,6010,5013,10.14,2022-01-01 17:00:00
449705,5728,8203,140.83,2022-01-03 20:00:00
271673,2587,1315,482.02,2022-01-02 17:00:00
1107998,9753,9566,164.69,2022-01-07 23:00:00
739421,7013,9233,15.72,2022-01-05 16:00:00
196499,9797,9912,141.02,2022-01-02 06:00:00
10862,8787,4694,150.75,2022-01-01 02:00:00
319621,8613,1899,136.19,2022-01-03 00:00:00
90196,4148,5014,23.81,2022-01-01 14:00:00
1027232,794,5678,173.28,2022-01-07 11:00:00
408649,6140,8052,11.66,2022-01-03 14:00:00
273530,6745,9872,142.77,2022-01-02 18:00:00
466244,7185,3195,16.04,2022-01-03 23:00:00
1288120,9730,7069,102.51,2022-01-09 02:00:00
189115,2160,9689,23.92,2022-01-02 05:00:00
957292,3379,9111,2734018.75,2022-01-07 01:00:00
740449,7874,9991,214.71,2022-01-05 16:00:00
984600,9653,8604,111.58,2022-01-07 05:00:00
268870,3505,6197,499.54,2022-01-02 17:00:00
593024,3041,2027,23.2,2022-01-04 18:00:00
391105,9076,5390,7.19,2022-01-03 11:00:00
451958,1496,8201,474.79,2022-01-03 20:00:00
845382,5164,6790,16.94,2022-01-06 08:00:00
1167728,7662,4150,16.6,2022-01-08 08:00:00
804879,1692,5457,113.63,2022-01-06 02:00:00
3014,5128,7511,20.25,2022-01-01 00:00:00
960509,3777,3704,199.58,2022-01-07 01:00:00
667943,9036,1910,5.78,2022-01-05 05:00:00
394051,1689,6965,121.05,2022-01-03 12:00:00
1306158,9717,9373,183.36,2022-01-09 05:00:00
993305,3245,8264,4.22,2022-01-07 06:00:00
592836,4649,8309,111.08,2022-01-04 18:00:00
1212807,8432,9246,447.54,2022-01-08 15:00:00
691003,8155,5907,7.94,2022-01-05 08:00:00
1162113,4190,7168,18.62,2022-01-08 07:00:00
122253,9617,9537,131.91,2022-01-01 19:00:00
760893,3097,5685,15.79,2022-01-05 19:00:00
627626,8600,5679,123.47,2022-01-04 23:00:00
399037,5592,9212,587.9,2022-01-03 12:00:00
162064,7664,3023,197.61,2022-01-02 01:00:00
775395,5764,9255,180.36,2022-01-05 21:00:00
200730,4712,7977,191.36,2022-01-02 07:00:00
210433,4079,9073,17.01,2022-01-02 08:00:00
73827,7070,2341,9.79,2022-01-01 11:00:00
748807,4717,6483,131.3,2022-01-05 17:00:00
275710,1606,7848,147.5,2022-01-02 18:00:00
1313301,6681,8597,140.22,2022-01-09 06:00:00
1135222,6595,6033,432.88,2022-01-08 03:00:00
367377,5075,1798,16.32,2022-01-03 08:00:00
565206,9948,8357,19.22,2022-01-04 14:00:00
1089140,9686,9506,128.75,2022-01-07 20:00:00
483908,1592,8352,12.64,2022-01-04 01:00:00
816089,2777,3199,133.17,2022-01-06 03:00:00
152238,9124,7242,5.1,2022-01-01 23:00:00
660811,5085,4325,13.12,2022-01-05 04:00:00
1285383,4659,9838,157.27,2022-01-09 02:00:00
1134027,5637,8594,176.36,2022-01-08 03:00:00
725110,6819,3515,295.35,2022-01-05 14:00:00
555733,1681,8215,189.21,2022-01-04 12:00:00
240743,6705,3899,181.52,2022-01-02 13:00:00
1109965,9355,8902,18.68,2022-01-08 00:00:00
1032526,1448,7362,445.92,2022-01-07 12:00:00
624415,4722,9945,179.44,2022-01-04 23:00:00
872340,7602,7422,125.54,2022-01-06 12:00:00
261727,8804,4277,12.48,2022-01-02 16:00:00
330109,4649,8309,111.08,2022-01-03 02:00:00
210168,1564,2971,15.82,2022-01-02 08:00:00
618972,5119,6626,21.12,2022-01-04 22:00:00
1320872,4550,9750,458.35,2022-01-09 07:00:00
1191599,9632,3540,110.36,2022-01-08 12:00:00
134241,3746,589,163.58,2022-01-01 21:00:00
666816,9768,57,161.94,2022-01-05 05:00:00
396151,9879,9983,271.98,2022-01-03 12:00:00
1092902,9691,7081,140.16,2022-01-07 21:00:00
949413,5446,3691,491.39,2022-01-06 23:00:00
681766,9016,7656,7.86,2022-01-05 07:00:00
460988,4540,9763,546.53,2022-01-03 22:00:00
125206,9879,4495,271.98,2022-01-01 19:00:00
828109,2682,9044,155.16,2022-01-06 05:00:00
29643,1094,8204,20.09,2022-01-01 05:00:00
1011395,493,908,406.02,2022-01-07 09:00:00
654920,8704,4156,147.58,2022-01-05 03:00:00
596841,9480,6674,577.34,2022-01-04 18:00:00
1289723,5074,9530,16.9,2022-01-09 02:00:00
891580,5957,6400,4.2,2022-01-06 15:00:00
706315,559,9557,483.45,2022-01-05 11:00:00
1225640,6417,2537,585.21,2022-01-08 17:00:00
979790,7463,9047,462.79,2022-01-07 04:00:00
900902,6004,9996,16.61,2022-01-06 16:00:00
1184002,566,8561,559.29,2022-01-08 11:00:00
1227637,2166,1981,22.64,2022-01-08 17:00:00
475204,5655,9917,183.39,2022-01-04 00:00:00
1119844,9548,9562,555.34,2022-01-08 01:00:00
893822,485,9477,587.15,2022-01-06 15:00:00
1217364,2731,9520,199.11,2022-01-08 16:00:00
813020,417,5695,411.1,2022-01-06 03:00:00
1076543,8051,9847,15.3,2022-01-07 18:00:00
1127785,4755,6752,176.75,2022-01-08 02:00:00
853762,2584,9377,537.44,2022-01-06 09:00:00
7672,1012,9489,22.2,2022-01-01 01:00:00
285643,7180,3622,8.57,2022-01-02 19:00:00
982031,9183,3146,6.93,2022-01-07 04:00:00
303738,7059,9922,16.97,2022-01-02 22:00:00
720697,8081,5483,10.03,2022-01-05 13:00:00
722266,7093,9101,11.33,2022-01-05 13:00:00
194076,566,8561,559.29,2022-01-02 06:00:00
172893,1687,7241,187.38,2022-01-02 02:00:00
1240057,2482,9433,540.53,2022-01-08 19:00:00
557224,6782,1725,160.99,2022-01-04 12:00:00
1197691,9649,811,192.25,2022-01-08 13:00:00
1235363,3858,9056,339.32,2022-01-08 18:00:00
107771,9681,171,128.88,2022-01-01 17:00:00
147678,9457,9862,545.22,2022-01-01 23:00:00
445629,8511,9784,425.58,2022-01-03 19:00:00
477960,3616,5460,194.64,2022-01-04 00:00:00
1034187,1026,9771,15.3,2022-01-07 12:00:00
1210133,9631,8883,137.3,2022-01-08 15:00:00
876104,8557,7552,551.04,2022-01-06 12:00:00
712351,9604,9536,102.51,2022-01-05 12:00:00
284890,9737,9635,181.52,2022-01-02 19:00:00
785814,5082,9961,17.02,2022-01-05 23:00:00
706186,1415,7265,441.61,2022-01-05 11:00:00
1162755,3460,5729,514.58,2022-01-08 07:00:00
827428,8691,8291,143.63,2022-01-06 05:00:00
396448,3758,9691,192.55,2022-01-03 12:00:00
374172,6193,7205,10.34,2022-01-03 09:00:00
725588,9123,7664,17.85,2022-01-05 14:00:00
886168,9723,9431,134.22,2022-01-06 14:00:00
1151921,1019,5645,28.57,2022-01-08 06:00:00
518554,636,9933,169.69,2022-01-04 07:00:00
488656,8735,6701,185.41,2022-01-04 02:00:00
1085564,5622,4759,158.89,2022-01-07 20:00:00
435033,8683,8878,198.67,2022-01-03 18:00:00
152133,9310,9797,11.72,2022-01-01 23:00:00
318762,7398,3711,3.5,2022-01-03 00:00:00
494384,6791,9916,198.83,2022-01-04 03:00:00
1133721,493,908,406.02,2022-01-08 03:00:00
247402,9809,3198,4.78,2022-01-02 14:00:00
1212021,7167,9520,15.43,2022-01-08 15:00:00
441215,9845,9069,271.57,2022-01-03 19:00:00
72267,8048,2476,10.16,2022-01-01 11:00:00
588222,1448,7362,445.92,2022-01-04 17:00:00
807763,5817,9950,288.22,2022-01-06 02:00:00
1214844,2171,1598,31.9,2022-01-08 15:00:00
1239697,9770,9102,188.38,2022-01-08 19:00:00
425466,4116,2196,20.45,2022-01-03 16:00:00
7170,7459,9069,530.96,2022-01-01 01:00:00
468099,9697,8822,124.95,2022-01-03 23:00:00
710525,504,8355,563.79,2022-01-05 11:00:00
443638,7130,7579,15.6,2022-01-03 19:00:00
148968,9785,5538,150.92,2022-01-01 23:00:00
7072,8150,9901,7.7,2022-01-01 01:00:00
1251311,787,8236,160.47,2022-01-08 21:00:00
393679,5746,6417,173.66,2022-01-03 12:00:00
676443,3063,5919,16.52,2022-01-05 06:00:00
231875,9054,8828,7.91,2022-01-02 11:00:00
717549,1067,5936,38.8,2022-01-05 13:00:00
810088,425,3412,597.34,2022-01-06 02:00:00
1256221,9117,7552,7.47,2022-01-08 21:00:00
470174,7152,7803,12.19,2022-01-03 23:00:00
195787,2582,9048,582.42,2022-01-02 06:00:00
220540,9470,8156,485.41,2022-01-02 10:00:00
1170300,2789,5051,104.26,2022-01-08 09:00:00
763316,9796,8363,168.05,2022-01-05 19:00:00
960414,550,143,428.45,2022-01-07 01:00:00
195901,2206,9384,11.71,2022-01-02 06:00:00
155458,9985,4178,2.62,2022-01-02 00:00:00
1110075,9597,9201,516.85,2022-01-08 00:00:00
552304,9650,9555,14.44,2022-01-04 11:00:00
263339,5550,7145,564.67,2022-01-02 16:00:00
673984,569,4491,537.64,2022-01-05 06:00:00
628120,7034,9555,12.87,2022-01-04 23:00:00
63666,4721,5990,190.0,2022-01-01 10:00:00
626956,9764,1419,195.19,2022-01-04 23:00:00
893771,9115,4170,5.57,2022-01-06 15:00:00
30659,4162,9988,12.76,2022-01-01 05:00:00
106484,9668,8085,103.16,2022-01-01 16:00:00
705885,7437,1921,587.39,2022-01-05 11:00:00
83196,9350,1616,2.75,2022-01-01 13:00:00
367922,1466,8586,468.6,2022-01-03 08:00:00
701177,6416,3626,403.76,2022-01-05 10:00:00
1045593,3735,3502,3.49,2022-01-07 14:00:00
242831,9708,9808,161.83,2022-01-02 13:00:00
1083966,9615,9599,177.72,2022-01-07 20:00:00
738541,9647,9926,172.64,2022-01-05 16:00:00
563365,9838,9984,3.53,2022-01-04 13:00:00
1155306,5579,4283,572.53,2022-01-08 06:00:00
1133445,4152,8884,12.96,2022-01-08 03:00:00
7432,9756,7925,137.42,2022-01-01 01:00:00
1423,7684,5995,114.81,2022-01-01 00:00:00
586353,8357,6983,19.22,2022-01-04 17:00:00
1247961,2091,9984,32.35,2022-01-08 20:00:00
374550,3002,5972,20.76,2022-01-03 09:00:00
80407,8671,8297,109.5,2022-01-01 12:00:00
38251,6461,9344,420.42,2022-01-01 06:00:00
424188,9723,6975,134.22,2022-01-03 16:00:00
60603,6799,1840,12.93,2022-01-01 09:00:00
997439,1701,8120,141.92,2022-01-07 07:00:00
549816,2192,2561,31.89,2022-01-04 11:00:00
121968,2591,9103,490.57,2022-01-01 19:00:00
745011,4238,9022,1006425.12,2022-01-05 17:00:00
425417,6088,300,13.08,2022-01-03 16:00:00
440735,8700,2712,199.08,2022-01-03 19:00:00
755101,2490,2468,590.92,2022-01-05 18:00:00
666501,9937,4371,389.1,2022-01-05 05:00:00
1285333,7197,3225,12.92,2022-01-09 02:00:00
1294105,4286,7095,16.27,2022-01-09 03:00:00
625484,5037,4351,16.96,2022-01-04 23:00:00
293460,2491,9006,3.75,2022-01-02 21:00:00
1139306,360,5235,11.43,2022-01-08 04:00:00
388104,4452,9223,566.66,2022-01-03 11:00:00
278779,3276,8021,16929.49,2022-01-02 18:00:00
1304960,4740,8273,137.66,2022-01-09 05:00:00
342660,4549,1437,450.07,2022-01-03 04:00:00
284494,756,1647,146.08,2022-01-02 19:00:00
172570,9597,9201,516.85,2022-01-02 02:00:00
1285017,7683,9184,177.83,2022-01-09 02:00:00
58983,585,5365,523.75,2022-01-01 09:00:00
209874,3766,6812,151.36,2022-01-02 08:00:00
111058,6577,8474,494.64,2022-01-01 17:00:00
774240,7027,2800,11.92,2022-01-05 21:00:00
1134937,8641,9066,112.47,2022-01-08 03:00:00
1014765,8731,8864,166.69,2022-01-07 09:00:00
812461,9742,1352,160.02,2022-01-06 03:00:00
417522,8136,8775,13.8,2022-01-03 15:00:00
1252338,9722,7442,148.63,2022-01-08 21:00:00
1189433,3581,7495,458.94,2022-01-08 11:00:00
346185,9202,9886,19.6,2022-01-03 04:00:00
1048600,4216,1433,14.59,2022-01-07 14:00:00
246433,8027,9494,9.73,2022-01-02 14:00:00
1284931,1410,9221,565.5,2022-01-09 02:00:00
287261,9776,8956,114.16,2022-01-02 20:00:00
1218104,9194,9569,7.41,2022-01-08 16:00:00
27641,2483,9245,558.59,2022-01-01 04:00:00
571313,9623,9122,154.91,2022-01-04 14:00:00
560539,2926,7223,15.36,2022-01-04 13:00:00
844604,380,8335,2584996.0,2022-01-06 08:00:00
1156521,5875,8211,225.0,2022-01-08 06:00:00
253421,9571,9168,530.53,2022-01-02 15:00:00
641687,3745,6189,3.43,2022-01-05 01:00:00
1083448,3551,1920,471.82,2022-01-07 19:00:00
1040534,9084,9995,5.2,2022-01-07 13:00:00
184402,9060,7475,5.34,2022-01-02 04:00:00
618988,8172,6360,11.4,2022-01-04 22:00:00
118473,9782,7852,132.44,2022-01-01 18:00:00
1071080,5621,5290,163.99,2022-01-07 18:00:00
1192644,5460,9533,19.54,2022-01-08 12:00:00
552402,49,2910,4.21,2022-01-04 12:00:00
1229808,9795,9372,146.25,2022-01-08 18:00:00
1311334,3152,9989,26.57,2022-01-09 06:00:00
962808,6661,9982,153.02,2022-01-07 01:00:00
1030861,3042,9993,15.85,2022-01-07 12:00:00
96612,6716,5588,100.88,2022-01-01 15:00:00
1228723,8724,4333,133.14,2022-01-08 17:00:00
753269,5099,5373,14.84,2022-01-05 18:00:00
925737,8475,9730,540.78,2022-01-06 20:00:00
251616,6270,5471,8308.89,2022-01-02 14:00:00
470645,8108,9043,6.92,2022-01-03 23:00:00
1120219,4601,2136,194.05,2022-01-08 01:00:00
435021,8683,8773,198.67,2022-01-03 18:00:00
973378,9129,6762,6.46,2022-01-07 03:00:00
31400,6716,7199,100.88,2022-01-01 05:00:00
267748,2765,4519,195.78,2022-01-02 17:00:00
573093,6762,1391,16.62,2022-01-04 15:00:00
1196781,5085,8259,13.12,2022-01-08 13:00:00
827079,2127,7651,24.66,2022-01-06 05:00:00
452693,8116,1860,9.11,2022-01-03 21:00:00
1088145,4038,6820,18.73,2022-01-07 20:00:00
472880,6110,6047,10.06,2022-01-04 00:00:00
788977,8447,9111,444.35,2022-01-05 23:00:00
567654,3455,7242,446.69,2022-01-04 14:00:00
1104299,5495,9278,598.08,2022-01-07 23:00:00
302337,3572,1301,593.64,2022-01-02 22:00:00
137808,3528,5493,505.64,2022-01-01 21:00:00
125909,5166,8919,17.35,2022-01-01 19:00:00
1044957,9639,9978,190.83,2022-01-07 14:00:00
735342,8150,9891,7.7,2022-01-05 15:00:00
635785,9983,9645,3.78,2022-01-05 00:00:00
186294,4446,3670,462.7,2022-01-02 04:00:00
509198,9021,6328,7.06,2022-01-04 05:00:00
234603,7008,9953,13.28,2022-01-02 12:00:00
1152985,4711,6086,150.52,2022-01-08 06:00:00
473115,3407,4012,507.14,2022-01-04 00:00:00
809593,5425,5173,499.1,2022-01-06 02:00:00
260669,4721,5990,190.0,2022-01-02 16:00:00
366808,3412,2721,558.83,2022-01-03 08:00:00
1131630,6166,8023,15.85,2022-01-08 03:00:00
746323,9361,9116,15.15,2022-01-05 17:00:00
406337,4710,9947,196.27,2022-01-03 13:00:00
574618,5666,9911,126.4,2022-01-04 15:00:00
798027,7133,2382,10.62,2022-01-06 01:00:00
466797,6481,6839,477.14,2022-01-03 23:00:00
1223679,1451,3849,562.36,2022-01-08 17:00:00
1238600,9777,9740,133.52,2022-01-08 19:00:00
543353,8584,7078,503.22,2022-01-04 10:00:00
565636,479,7033,484.01,2022-01-04 14:00:00
284695,3554,1820,10.69,2022-01-02 19:00:00
933691,1574,9399,524.15,2022-01-06 21:00:00
834401,8758,1950,117.31,2022-01-06 06:00:00
740216,9152,8993,5.58,2022-01-05 16:00:00
1259378,2555,5594,432.05,2022-01-08 22:00:00
803294,7005,9023,15.74,2022-01-06 01:00:00
845939,564,6044,494.17,2022-01-06 08:00:00
27060,1467,2303,419.51,2022-01-01 04:00:00
410967,9871,7696,16.36,2022-01-03 14:00:00
953906,8714,3038,137.05,2022-01-07 00:00:00
339424,951,5946,14.22,2022-01-03 03:00:00
1267276,7993,1396,3.0,2022-01-08 23:00:00
986037,9679,9416,155.69,2022-01-07 05:00:00
885751,3640,5276,102.18,2022-01-06 14:00:00
1182690,9079,9889,9.05,2022-01-08 10:00:00
932459,6453,8107,3.86,2022-01-06 21:00:00
333657,1104,1962,39.68,2022-01-03 03:00:00
1318253,3004,7673,24.17,2022-01-09 07:00:00
588560,3408,808,443.19,2022-01-04 17:00:00
1168491,9125,456,9.06,2022-01-08 08:00:00
60641,1049,9023,34.61,2022-01-01 09:00:00
1073560,1149,2455,29.17,2022-01-07 18:00:00
665151,6779,914,126.79,2022-01-05 05:00:00
80261,416,6163,565.98,2022-01-01 12:00:00
241594,6534,8740,441.6,2022-01-02 13:00:00
897923,4525,9375,534.11,2022-01-06 16:00:00
214219,4754,9862,130.0,2022-01-02 09:00:00
1101602,5253,9260,15895310.0,2022-01-07 22:00:00
1140216,8692,179,108.27,2022-01-08 04:00:00
143612,9751,7943,128.78,2022-01-01 22:00:00
1108247,4687,8837,18.5,2022-01-07 23:00:00
837159,6151,9287,15.07,2022-01-06 06:00:00
1248670,2758,7652,165.41,2022-01-08 20:00:00
752721,515,980,520.96,2022-01-05 18:00:00
1317187,9084,9995,5.2,2022-01-09 07:00:00
601751,1445,1544,590.6,2022-01-04 19:00:00
187913,9555,9762,407.27,2022-01-02 05:00:00
597830,8207,4621,4.35,2022-01-04 18:00:00
25720,8545,9466,559.09,2022-01-01 04:00:00
903676,6642,6979,155.69,2022-01-06 16:00:00
944448,8073,3879,12.16,2022-01-06 23:00:00
146821,9082,5641,8.37,2022-01-01 22:00:00
1159339,6687,4754,112.33,2022-01-08 07:00:00
976748,4448,9993,437.7,2022-01-07 03:00:00
1192710,9539,9300,518.03,2022-01-08 12:00:00
205679,9768,9622,161.94,2022-01-02 07:00:00
1047785,6551,9465,587.47,2022-01-07 14:00:00
521176,3191,2946,27.24,2022-01-04 07:00:00
225694,2897,8300,364.51,2022-01-02 10:00:00
658166,4589,7430,580.13,2022-01-05 04:00:00
981759,8182,4222,7.32,2022-01-07 04:00:00
33879,2641,8791,112.26,2022-01-01 05:00:00
1068211,7494,8234,568.53,2022-01-07 17:00:00
1060387,1719,9808,133.97,2022-01-07 16:00:00
345284,9793,9317,177.08,2022-01-03 04:00:00
998002,2186,2742,33.29,2022-01-07 07:00:00
478174,5124,9472,19.59,2022-01-04 00:00:00
268629,9614,8689,114.73,2022-01-02 17:00:00
1193039,6477,2942,537.36,2022-01-08 12:00:00
309100,3798,9983,147.67,2022-01-02 23:00:00
391442,2784,1389,163.36,2022-01-03 11:00:00
200290,9173,7926,10.53,2022-01-02 07:00:00
1180123,9889,4051,3.3,2022-01-08 10:00:00
392916,9185,1991,7.27,2022-01-03 11:00:00
846939,7556,8244,582.04,2022-01-06 08:00:00
1238649,2102,6637,17.52,2022-01-08 19:00:00
419041,3194,883,23.93,2022-01-03 15:00:00
1053572,7107,3385,13.14,2022-01-07 15:00:00
132871,9658,9850,168.52,2022-01-01 20:00:00
1184332,7383,502,3.39,2022-01-08 11:00:00
223197,8568,7032,501.73,2022-01-02 10:00:00
762531,4486,642,551.95,2022-01-05 19:00:00
1217581,9163,9509,6.65,2022-01-08 16:00:00
320535,7401,2954,506.92,2022-01-03 01:00:00
758313,5005,9576,17.88,2022-01-05 19:00:00
490501,6036,2667,19.62,2022-01-04 02:00:00
635985,6682,4342,106.01,2022-01-05 00:00:00
1029936,2564,4495,16.07,2022-01-07 11:00:00
291669,7023,1005,10.74,2022-01-02 20:00:00
628842,4766,7973,193.08,2022-01-04 23:00:00
1141820,591,7351,431.23,2022-01-08 04:00:00
800183,4091,5206,23.38,2022-01-06 01:00:00
688396,7467,9216,577.75,2022-01-05 08:00:00
947312,8566,9881,577.19,2022-01-06 23:00:00
1123651,9412,5680,471.88,2022-01-08 02:00:00
580653,9714,9373,170.33,2022-01-04 16:00:00
856649,2128,9987,23.76,2022-01-06 09:00:00
545274,2649,5489,155.97,2022-01-04 10:00:00
1148409,7585,1977,13.76,2022-01-08 05:00:00
1105485,8134,9036,12.67,2022-01-07 23:00:00
1241419,2384,4866,3.97,2022-01-08 19:00:00
1140251,1620,9462,103.66,2022-01-08 04:00:00
269993,541,1484,483.95,2022-01-02 17:00:00
627155,3975,9452,257.88,2022-01-04 23:00:00
918681,9694,5395,105.93,2022-01-06 19:00:00
918510,5129,892,12.23,2022-01-06 19:00:00
1074737,4477,8024,574.88,2022-01-07 18:00:00
436089,8594,8883,513.0,2022-01-03 18:00:00
468856,6580,6241,557.39,2022-01-03 23:00:00
477225,6042,8581,16.42,2022-01-04 00:00:00
948609,7449,6570,427.51,2022-01-06 23:00:00
486194,9631,5823,137.3,2022-01-04 01:00:00
785280,9758,5062,183.74,2022-01-05 23:00:00
1027327,4242,1049,20452548.0,2022-01-07 11:00:00
416202,6682,6223,10.3,2022-01-03 15:00:00
173459,145,9900,45.28,2022-01-02 02:00:00
917976,2299,4935,4.41,2022-01-06 19:00:00
897447,7236,6773,1263370.75,2022-01-06 16:00:00
1003231,9791,8920,112.93,2022-01-07 07:00:00
1245027,4154,3790,13.93,2022-01-08 20:00:00
302316,9981,7590,16.21,2022-01-02 22:00:00
220819,7663,9694,164.63,2022-01-02 10:00:00
1116065,8072,3113,8.71,2022-01-08 00:00:00
975913,9789,9280,118.95,2022-01-07 03:00:00
810451,6162,2712,16.16,2022-01-06 02:00:00
200920,9669,9982,140.47,2022-01-02 07:00:00
445583,9491,7066,432.77,2022-01-03 19:00:00
769110,2919,3280,309.35,2022-01-05 20:00:00
108720,8223,6142,10367.81,2022-01-01 17:00:00
543109,8616,7099,3.35,2022-01-04 10:00:00
244454,9966,7081,14.31,2022-01-02 13:00:00
280640,8654,3652,152.27,2022-01-02 19:00:00
1022331,6160,9935,18.26,2022-01-07 10:00:00
451545,6060,9840,16.9,2022-01-03 20:00:00
182768,6190,2317,16.65,2022-01-02 04:00:00
566478,5709,322,161.97,2022-01-04 14:00:00
925178,9719,6902,161.86,2022-01-06 20:00:00
882314,5173,9102,16.94,2022-01-06 13:00:00
248422,7654,8184,127.73,2022-01-02 14:00:00
1042928,7765,5975,160.27,2022-01-07 13:00:00
730241,6698,8893,131.83,2022-01-05 14:00:00
902734,8764,8452,150.14,2022-01-06 16:00:00
823049,5740,8777,137.33,2022-01-06 04:00:00
506919,9045,9362,5.65,2022-01-04 05:00:00
775918,9750,8174,140.86,2022-01-05 21:00:00
969644,7679,7018,116.3,2022-01-07 02:00:00
1279026,6553,1888,578.11,2022-01-09 01:00:00
388641,2666,8241,187.89,2022-01-03 11:00:00
1026635,2266,5445,13508504.0,2022-01-07 11:00:00
1274562,5161,1418,18.61,2022-01-09 00:00:00
174327,7736,8601,150.85,2022-01-02 03:00:00
327794,3511,9980,488.51,2022-01-03 02:00:00
15518,547,5607,484.04,2022-01-01 02:00:00
863975,9453,2070,450.85,2022-01-06 10:00:00
373369,7466,8520,581.01,2022-01-03 09:00:00
602784,9712,9870,186.19,2022-01-04 19:00:00
266607,4757,2285,142.75,2022-01-02 17:00:00
907076,7138,8995,12.56,2022-01-06 17:00:00
264288,3067,9367,16.6,2022-01-02 16:00:00
514484,2677,9507,181.86,2022-01-04 06:00:00
967281,7621,1966,16.27,2022-01-07 02:00:00
1311478,5190,5220,15.32,2022-01-09 06:00:00
475989,8671,9959,109.5,2022-01-04 00:00:00
399365,8175,9944,12.12,2022-01-03 12:00:00
1054353,7561,8310,440.0,2022-01-07 15:00:00
1253918,9453,2070,450.85,2022-01-08 21:00:00
550916,9148,9425,8.24,2022-01-04 11:00:00
229374,6756,4281,190.61,2022-01-02 11:00:00
541757,1660,7575,142.55,2022-01-04 10:00:00
129150,4040,9881,24.95,2022-01-01 20:00:00
451920,2095,9431,30.51,2022-01-03 20:00:00
1064222,7168,7696,8.9,2022-01-07 17:00:00
96070,9600,9990,147.99,2022-01-01 15:00:00
491624,8250,5020,11.4,2022-01-04 02:00:00
496759,2050,3116,29.11,2022-01-04 03:00:00
758469,9600,3610,147.99,2022-01-05 19:00:00
963722,9469,5263,483.82,2022-01-07 02:00:00
473160,390,6112,4.36,2022-01-04 00:00:00
73522,3656,4430,104.12,2022-01-01 11:00:00
193143,9638,4278,179.27,2022-01-02 05:00:00
388191,7735,9665,140.6,2022-01-03 11:00:00
1251435,2488,9961,545.54,2022-01-08 21:00:00
692645,8425,9695,535.91,2022-01-05 09:00:00
783496,9670,7746,142.78,2022-01-05 22:00:00
1155770,5153,4072,18.47,2022-01-08 06:00:00
579200,5367,7993,12.84,2022-01-04 16:00:00
987653,1526,9641,463.42,2022-01-07 05:00:00
1217041,5673,9162,188.27,2022-01-08 16:00:00
1143818,5690,9926,153.91,2022-01-08 04:00:00
496911,530,5168,598.59,2022-01-04 03:00:00
841540,3972,9740,395.95,2022-01-06 07:00:00
308169,8081,563,10.03,2022-01-02 23:00:00
839649,3128,7543,23.76,2022-01-06 07:00:00
1251764,6596,5075,540.96,2022-01-08 21:00:00
561227,9133,6404,5.15,2022-01-04 13:00:00
70570,2497,3329,428.85,2022-01-01 11:00:00
1079843,7622,2462,166.21,2022-01-07 19:00:00
98583,4054,9978,13.79,2022-01-01 15:00:00
818005,516,9998,571.84,2022-01-06 04:00:00
904278,4018,7606,19.71,2022-01-06 17:00:00
984100,9996,1212,344.98,2022-01-07 05:00:00
1122453,7642,9930,156.82,2022-01-08 01:00:00
957240,8524,9499,403.47,2022-01-07 00:00:00
344735,7516,9543,564.64,2022-01-03 04:00:00
777955,5493,9967,18.98,2022-01-05 22:00:00
517066,9971,8256,356.47,2022-01-04 06:00:00
321177,4733,9530,138.77,2022-01-03 01:00:00
1187049,1123,7586,38.99,2022-01-08 11:00:00
902344,4098,6285,17.06,2022-01-06 16:00:00
764730,4695,9832,120.44,2022-01-05 20:00:00
126105,9743,9911,119.45,2022-01-01 19:00:00
255077,8006,5157,13.62,2022-01-02 15:00:00
592639,6445,9972,593.96,2022-01-04 18:00:00
296386,3793,7737,178.42,2022-01-02 21:00:00
706808,2559,5692,451.42,2022-01-05 11:00:00
1139281,3661,9262,158.83,2022-01-08 04:00:00
778920,9709,5523,176.14,2022-01-05 22:00:00
497650,8600,4411,123.47,2022-01-04 03:00:00
988812,9031,9954,8.34,2022-01-07 05:00:00
127575,182,6289,18.98,2022-01-01 20:00:00
770376,5153,2881,18.47,2022-01-05 20:00:00
256248,428,1275,477.33,2022-01-02 15:00:00
201296,8286,9831,9571.28,2022-01-02 07:00:00
1199147,3980,7702,13.76,2022-01-08 13:00:00
296359,9643,9695,190.14,2022-01-02 21:00:00
96898,8026,5750,10.19,2022-01-01 15:00:00
366083,1609,9835,12.15,2022-01-03 07:00:00
729906,487,1974,419.83,2022-01-05 14:00:00
698327,1344,9832,16.79,2022-01-05 10:00:00
919729,6019,6972,10.82,2022-01-06 19:00:00
121485,2008,2649,17.59,2022-01-01 19:00:00
885643,9175,2125,5.87,2022-01-06 14:00:00
256765,9610,9032,146.39,2022-01-02 15:00:00
512071,9753,9881,164.69,2022-01-04 05:00:00
1137224,8522,6088,577.21,2022-01-08 04:00:00
840171,3358,6984,537630.81,2022-01-06 07:00:00
1117784,8165,7014,12.92,2022-01-08 01:00:00
694363,2434,6861,456.57,2022-01-05 09:00:00
68715,7178,9786,14.51,2022-01-01 11:00:00
862704,7616,8672,166.69,2022-01-06 10:00:00
104385,8764,5349,150.14,2022-01-01 16:00:00
1164368,8528,9872,546.38,2022-01-08 08:00:00
665096,8003,9868,18.54,2022-01-05 05:00:00
68939,9076,8881,7.19,2022-01-01 11:00:00
600968,5495,9278,598.08,2022-01-04 19:00:00
1261637,2443,5619,562.22,2022-01-08 22:00:00
159463,7677,9590,101.44,2022-01-02 00:00:00
415673,8496,9972,502.47,2022-01-03 15:00:00
270118,9297,2283,18.29,2022-01-02 17:00:00
1276586,9695,7761,144.41,2022-01-09 00:00:00
980295,7751,9206,186.27,2022-01-07 04:00:00
1176436,9624,4091,114.15,2022-01-08 09:00:00
834276,7122,9651,12.33,2022-01-06 06:00:00
1303602,4478,9542,453.76,2022-01-09 05:00:00
1114689,7041,4232,12.63,2022-01-08 00:00:00
234447,8052,8355,11.47,2022-01-02 12:00:00
353310,6550,286,487.29,2022-01-03 05:00:00
961828,2478,6450,517.86,2022-01-07 01:00:00
1004677,7190,8011,15.51,2022-01-07 08:00:00
822296,8156,9998,8.86,2022-01-06 04:00:00
748249,4064,3854,24.97,2022-01-05 17:00:00
779924,9188,6173,5.85,2022-01-05 22:00:00
959184,7176,9811,8.92,2022-01-07 01:00:00
1137240,9976,1598,4.24,2022-01-08 04:00:00
1231306,1065,9052,38.56,2022-01-08 18:00:00
225452,1504,8982,495.95,2022-01-02 10:00:00
215818,9572,9664,493.67,2022-01-02 09:00:00
232030,8709,5430,4.44,2022-01-02 11:00:00
473765,9731,5088,150.02,2022-01-04 00:00:00
1137874,403,9015,436.39,2022-01-08 04:00:00
703844,8737,8830,104.93,2022-01-05 10:00:00
1176458,9624,5527,114.15,2022-01-08 09:00:00
1034806,3078,9882,18.17,2022-01-07 12:00:00
939524,6404,9465,460.76,2022-01-06 22:00:00
460828,8541,9015,573.71,2022-01-03 22:00:00
137329,7006,2718,15.4,2022-01-01 21:00:00
501629,6001,9451,10.07,2022-01-04 04:00:00
532722,2657,7639,151.3,2022-01-04 09:00:00
178805,7189,7363,8.84,2022-01-02 03:00:00
1016687,9111,9442,8.87,2022-01-07 09:00:00
1071350,9741,8717,118.93,2022-01-07 18:00:00
1283464,3186,7537,22.31,2022-01-09 01:00:00
895603,1632,5175,188.77,2022-01-06 15:00:00
961951,4308,2743,16.71,2022-01-07 01:00:00
718695,9565,8111,539.58,2022-01-05 13:00:00
543250,1439,6240,570.44,2022-01-04 10:00:00
456260,9576,2188,15.6,2022-01-03 21:00:00
1180362,6783,5397,152.88,2022-01-08 10:00:00
816550,2524,2298,442.6,2022-01-06 03:00:00
613132,6056,8301,10.96,2022-01-04 21:00:00
420513,4769,1382,132.55,2022-01-03 16:00:00
772022,9010,4593,7.91,2022-01-05 21:00:00
1151838,7663,9326,164.63,2022-01-08 06:00:00
1300557,6795,2804,129.58,2022-01-09 04:00:00
49875,9736,3345,141.24,2022-01-01 08:00:00
1073368,3063,3502,2.66,2022-01-07 18:00:00
338346,6948,5023,383.58,2022-01-03 03:00:00
75690,9751,7388,128.78,2022-01-01 12:00:00
125661,4897,9476,283.85,2022-01-01 19:00:00
423697,9705,2872,147.16,2022-01-03 16:00:00
1231419,5329,2886,4.96,2022-01-08 18:00:00
819554,8714,5909,137.05,2022-01-06 04:00:00
841282,1426,9048,517.64,2022-01-06 07:00:00
1154169,2123,9385,18.07,2022-01-08 06:00:00
410989,7696,6091,16.36,2022-01-03 14:00:00
714727,3009,7859,25.46,2022-01-05 12:00:00
209119,3160,9421,23.18,2022-01-02 08:00:00
753233,9747,9532,101.44,2022-01-05 18:00:00
36649,9096,9770,10.39,2022-01-01 06:00:00
846140,7959,7834,3.47,2022-01-06 08:00:00
229822,461,212,488.92,2022-01-02 11:00:00
790933,8616,8861,161.41,2022-01-06 00:00:00
540590,1658,9427,186.19,2022-01-04 10:00:00
344245,7711,9956,115.8,2022-01-03 04:00:00
55354,6575,9872,512.82,2022-01-01 09:00:00
113220,8596,8992,457.42,2022-01-01 17:00:00
760887,5747,8608,109.34,2022-01-05 19:00:00
367191,9037,9987,9.21,2022-01-03 08:00:00
431879,5693,6221,108.55,2022-01-03 17:00:00
319926,9604,5956,3.99,2022-01-03 01:00:00
83224,9035,9893,8.84,2022-01-01 13:00:00
864769,2624,9922,177.82,2022-01-06 11:00:00
76789,4217,8836,7773.63,2022-01-01 12:00:00
365147,8446,6791,488.14,2022-01-03 07:00:00
452760,9655,9433,107.23,2022-01-03 21:00:00
782570,9562,4572,480.57,2022-01-05 22:00:00
881655,8563,9113,534.76,2022-01-06 13:00:00
35407,1598,9147,404.77,2022-01-01 06:00:00
581206,8629,9077,159.5,2022-01-04 16:00:00
40058,4440,9574,468.83,2022-01-01 06:00:00
1200677,1145,7053,21.43,2022-01-08 13:00:00
575419,4661,9352,131.53,2022-01-04 15:00:00
26398,5743,3852,165.66,2022-01-01 04:00:00
379107,9773,8355,179.07,2022-01-03 09:00:00
242226,4541,2547,416.01,2022-01-02 13:00:00
400063,5315,6284,15.32,2022-01-03 13:00:00
555605,9562,4572,480.57,2022-01-04 12:00:00
436931,9725,3503,10.1,2022-01-03 18:00:00
140092,2163,8105,25.31,2022-01-01 21:00:00
1283805,2764,4128,144.03,2022-01-09 01:00:00
157348,3700,2549,156.52,2022-01-02 00:00:00
205250,9975,7285,334.92,2022-01-02 07:00:00
1249209,4602,9409,117.37,2022-01-08 20:00:00
351859,3747,9360,162.57,2022-01-03 05:00:00
1308613,9167,2182,9.46,2022-01-09 05:00:00
1074362,8799,7455,102.97,2022-01-07 18:00:00
951002,2079,9777,22.84,2022-01-07 00:00:00
226470,6787,9577,184.82,2022-01-02 11:00:00
989866,9743,7980,119.45,2022-01-07 05:00:00
22567,5673,7720,188.27,2022-01-01 04:00:00
663626,8760,5058,124.87,2022-01-05 04:00:00
1301962,5125,9964,19.9,2022-01-09 04:00:00
606436,3314,568,310534.09,2022-01-04 20:00:00
892851,1045,5230,17.62,2022-01-06 15:00:00
38366,6480,8035,575.34,2022-01-01 06:00:00
1227402,8174,4305,13.76,2022-01-08 17:00:00
1041674,9954,7824,4.36,2022-01-07 13:00:00
1166157,4881,2976,363.57,2022-01-08 08:00:00
549512,4412,8740,507.33,2022-01-04 11:00:00
640666,2048,9210,29.55,2022-01-05 01:00:00
488104,2714,2281,164.33,2022-01-04 02:00:00
648567,8447,9111,444.35,2022-01-05 02:00:00
990061,1651,6245,119.63,2022-01-07 05:00:00
591128,4632,9595,162.88,2022-01-04 17:00:00
1185678,4402,3913,551.0,2022-01-08 11:00:00
1121109,9484,7000,483.8,2022-01-08 01:00:00
1314895,9736,8814,141.24,2022-01-09 06:00:00
756258,2112,8251,22.2,2022-01-05 18:00:00
754141,491,3229,489.33,2022-01-05 18:00:00
175325,621,4996,141.47,2022-01-02 03:00:00
793036,2513,9972,411.72,2022-01-06 00:00:00
99820,8012,9399,10.92,2022-01-01 15:00:00
1070875,6547,9982,468.89,2022-01-07 18:00:00
1051312,5463,7099,497.41,2022-01-07 15:00:00
602284,5494,6098,587.95,2022-01-04 19:00:00
201036,869,4309,4.1,2022-01-02 07:00:00
1094480,6155,6184,20.23,2022-01-07 21:00:00
888371,7674,1480,171.08,2022-01-06 14:00:00
971335,9584,9047,563.7,2022-01-07 03:00:00
928206,7138,1050,13.85,2022-01-06 20:00:00
488611,6105,1383,17.65,2022-01-04 02:00:00
602938,8038,369,11.58,2022-01-04 19:00:00
905093,4176,9922,18.11,2022-01-06 17:00:00
440367,9046,9850,8.23,2022-01-03 19:00:00
241272,3689,9598,185.46,2022-01-02 13:00:00
730687,2790,3015,192.58,2022-01-05 15:00:00
1212083,8677,9979,161.38,2022-01-08 15:00:00
557638,9834,6873,200.63,2022-01-04 12:00:00
299528,2433,8630,403.57,2022-01-02 21:00:00
417743,5557,7708,555.59,2022-01-03 15:00:00
1204768,7173,8657,8.87,2022-01-08 14:00:00
301711,4817,5163,373.92,2022-01-02 22:00:00
228321,6811,8145,331.64,2022-01-02 11:00:00
789829,5772,9901,168.78,2022-01-05 23:00:00
304496,9187,6498,5.49,2022-01-02 22:00:00
537886,3195,4130,25.11,2022-01-04 09:00:00
756071,6185,7289,18.27,2022-01-05 18:00:00
336388,1146,475,32.96,2022-01-03 03:00:00
661667,8687,7030,195.63,2022-01-05 04:00:00
369530,8579,9849,4.16,2022-01-03 08:00:00
311121,9725,9630,135.53,2022-01-02 23:00:00
1264881,9567,9389,417.92,2022-01-08 23:00:00
281329,9994,9982,376.92,2022-01-02 19:00:00
787664,4118,5493,17.64,2022-01-05 23:00:00
912150,8696,4092,171.83,2022-01-06 18:00:00
195250,9971,6117,10.14,2022-01-02 06:00:00
377683,2107,2920,29.54,2022-01-03 09:00:00
955270,2920,8132,289.92,2022-01-07 00:00:00
909581,5186,9789,13.32,2022-01-06 17:00:00
123643,9579,7068,578.46,2022-01-01 19:00:00
791956,2412,8881,442.41,2022-01-06 00:00:00
524103,405,5896,450.89,2022-01-04 07:00:00
1280264,4046,2068,18.7,2022-01-09 01:00:00
262672,9540,9487,502.23,2022-01-02 16:00:00
1053074,5586,5096,474.57,2022-01-07 15:00:00
495999,8789,9945,182.41,2022-01-04 03:00:00
749542,5492,5372,434.48,2022-01-05 17:00:00
890386,6399,8562,13.02,2022-01-06 14:00:00
1055405,7739,7871,197.36,2022-01-07 15:00:00
1312349,4303,9256,19.45,2022-01-09 06:00:00
907226,9784,5877,168.92,2022-01-06 17:00:00
762680,5421,7363,588.16,2022-01-05 19:00:00
873145,9680,9993,128.36,2022-01-06 12:00:00
858735,6046,9077,19.33,2022-01-06 10:00:00
580283,9628,7350,111.52,2022-01-04 16:00:00
78357,9114,7908,5.03,2022-01-01 12:00:00
625210,6905,2658,200.35,2022-01-04 23:00:00
128323,4705,4325,177.47,2022-01-01 20:00:00
566599,4638,7836,162.07,2022-01-04 14:00:00
896357,1705,2425,176.74,2022-01-06 15:00:00
1215440,5462,9410,590.46,2022-01-08 15:00:00
1251763,8593,9586,467.58,2022-01-08 21:00:00
1079963,2112,2270,22.2,2022-01-07 19:00:00
333988,3453,9463,563.65,2022-01-03 03:00:00
366160,1053,3194,38.89,2022-01-03 07:00:00
415975,9114,6202,5.03,2022-01-03 15:00:00
641857,4708,8872,146.19,2022-01-05 01:00:00
278271,3385,7582,52938.21,2022-01-02 18:00:00
522826,8625,2414,109.44,2022-01-04 07:00:00
417255,9718,7968,122.94,2022-01-03 15:00:00
968384,32,9990,63.02,2022-01-07 02:00:00
315370,8143,9841,9.77,2022-01-03 00:00:00
1046138,7422,9364,560.15,2022-01-07 14:00:00
1031694,561,7719,464.13,2022-01-07 12:00:00
622513,2409,4708,594.94,2022-01-04 22:00:00
240210,9624,9288,114.15,2022-01-02 13:00:00
1026830,9663,2364,122.91,2022-01-07 11:00:00
28430,468,6395,497.23,2022-01-01 05:00:00
66428,9033,8301,5.88,2022-01-01 10:00:00
662793,9143,4393,7.43,2022-01-05 04:00:00
521162,6107,6969,12.76,2022-01-04 07:00:00
623179,7445,9773,513.27,2022-01-04 22:00:00
1089002,6524,8794,526.55,2022-01-07 20:00:00
528911,3619,4229,190.94,2022-01-04 08:00:00
30357,8724,9205,133.14,2022-01-01 05:00:00
43192,1466,8586,468.6,2022-01-01 07:00:00
146108,6454,2081,442.54,2022-01-01 22:00:00
427869,9600,3168,147.99,2022-01-03 17:00:00
604986,563,1423,458.66,2022-01-04 20:00:00
118963,7536,4084,535.05,2022-01-01 18:00:00
99731,7530,5341,575.4,2022-01-01 15:00:00
1069665,9475,6032,483.89,2022-01-07 17:00:00
616814,9080,6586,5.89,2022-01-04 21:00:00
1283516,4156,5983,24.9,2022-01-09 01:00:00
860489,1795,9872,161.16,2022-01-06 10:00:00
276655,4013,5391,23.14,2022-01-02 18:00:00
764484,6455,6492,13.1,2022-01-05 20:00:00
528757,7684,5995,114.81,2022-01-04 08:00:00
1066612,2437,4384,547.84,2022-01-07 17:00:00
479057,9047,4079,7.97,2022-01-04 00:00:00
284123,7086,9728,12.89,2022-01-02 19:00:00
730512,6459,8057,400.11,2022-01-05 14:00:00
801376,582,7594,440.73,2022-01-06 01:00:00
311753,7163,9968,9.42,2022-01-02 23:00:00
388998,5166,6859,17.35,2022-01-03 11:00:00
560417,8606,5756,156.53,2022-01-04 13:00:00
1215915,657,677,152.67,2022-01-08 15:00:00
564821,9760,5045,101.22,2022-01-04 13:00:00
767781,8669,8244,116.26,2022-01-05 20:00:00
1224332,1411,7178,569.9,2022-01-08 17:00:00
413380,9144,8458,8.77,2022-01-03 14:00:00
1113014,8068,8761,9.79,2022-01-08 00:00:00
179536,672,2122,128.78,2022-01-02 03:00:00
1055986,3921,3227,10.81,2022-01-07 15:00:00
1094608,2840,9987,3.35,2022-01-07 21:00:00
45473,8700,9475,199.08,2022-01-01 07:00:00
906445,9634,9663,136.67,2022-01-06 17:00:00
133367,9154,9114,9.03,2022-01-01 20:00:00
1189769,9707,8960,166.41,2022-01-08 11:00:00
1305959,6622,4274,129.25,2022-01-09 05:00:00
773869,6450,9278,578.55,2022-01-05 21:00:00
931745,754,8987,193.41,2022-01-06 21:00:00
1108606,7929,8354,14.96,2022-01-07 23:00:00
73920,5134,6413,11.26,2022-01-01 11:00:00
1143146,2656,9634,128.33,2022-01-08 04:00:00
747751,1025,9960,39.8,2022-01-05 17:00:00
452184,8500,9014,579.21,2022-01-03 20:00:00
956421,791,2569,111.87,2022-01-07 00:00:00
770909,4670,7989,197.08,2022-01-05 21:00:00
1300574,3547,7154,474.22,2022-01-09 04:00:00
1299496,5500,9850,535.72,2022-01-09 04:00:00
58950,9752,9985,115.98,2022-01-01 09:00:00
796341,2542,7395,461.26,2022-01-06 00:00:00
1107287,3130,9600,24.79,2022-01-07 23:00:00
652609,9757,5895,173.78,2022-01-05 03:00:00
333093,5034,9793,3.61,2022-01-03 02:00:00
192674,7196,9407,16.08,2022-01-02 05:00:00
348116,3008,6671,16.49,2022-01-03 05:00:00
1183414,777,5850,187.11,2022-01-08 11:00:00
238381,2742,1963,143.91,2022-01-02 12:00:00
414688,7552,8146,584.26,2022-01-03 15:00:00
294793,9966,9695,3.74,2022-01-02 21:00:00
233484,6610,6895,173.63,2022-01-02 12:00:00
1052156,9319,9934,13.75,2022-01-07 15:00:00
236322,8795,9999,195.92,2022-01-02 12:00:00
206895,3750,6513,121.06,2022-01-02 08:00:00
1206750,9701,747,163.08,2022-01-08 14:00:00
1084177,4184,574,22.9,2022-01-07 20:00:00
1027007,6756,2579,190.61,2022-01-07 11:00:00
1077490,2926,8189,203.33,2022-01-07 19:00:00
148147,5700,4048,155.66,2022-01-01 23:00:00
768379,2064,8316,18.97,2022-01-05 20:00:00
525638,424,1855,430.26,2022-01-04 08:00:00
504749,1048,9959,29.93,2022-01-04 04:00:00
1094233,7073,6642,16.59,2022-01-07 21:00:00
12519,6472,4066,501.51,2022-01-01 02:00:00
449272,3697,8619,119.69,2022-01-03 20:00:00
823399,7061,6063,17.75,2022-01-06 04:00:00
1128089,3413,9950,554.54,2022-01-08 02:00:00
1158901,7115,4697,14.44,2022-01-08 07:00:00
297781,8651,3176,122.02,2022-01-02 21:00:00
609751,6644,6882,155.66,2022-01-04 20:00:00
733015,9637,4986,104.5,2022-01-05 15:00:00
1143076,2124,6159,21.92,2022-01-08 04:00:00
907946,2172,9757,27.81,2022-01-06 17:00:00
354882,4325,6576,47903.45,2022-01-03 06:00:00
1016082,2438,8442,429.11,2022-01-07 09:00:00
147371,2763,8049,128.94,2022-01-01 22:00:00
65126,7693,8388,143.77,2022-01-01 10:00:00
273907,3505,6197,499.54,2022-01-02 18:00:00
816446,9809,8057,18.29,2022-01-06 03:00:00
1192960,6638,9930,112.81,2022-01-08 12:00:00
675415,4791,6763,100.95,2022-01-05 06:00:00
850260,6673,6054,165.58,2022-01-06 08:00:00
1183247,5639,9700,169.91,2022-01-08 11:00:00
335383,485,9477,587.15,2022-01-03 03:00:00
702800,5739,7432,116.98,2022-01-05 10:00:00
275948,7219,7270,12841.18,2022-01-02 18:00:00
1194593,9715,8296,101.62,2022-01-08 12:00:00
1268757,9141,9997,6.21,2022-01-08 23:00:00
1283454,3536,7719,488.95,2022-01-09 01:00:00
656952,7199,6246,13.99,2022-01-05 03:00:00
831209,9133,9793,5.15,2022-01-06 06:00:00
1260387,7437,1921,587.39,2022-01-08 22:00:00
1108362,8196,2682,10.52,2022-01-07 23:00:00
235892,6684,9594,168.92,2022-01-02 12:00:00
924465,7775,8308,122.33,2022-01-06 20:00:00
1171223,5257,6259,13.68,2022-01-08 09:00:00
445596,9507,4470,440.45,2022-01-03 19:00:00
1211513,9021,9926,7.06,2022-01-08 15:00:00
752279,7567,7992,474.95,2022-01-05 18:00:00
1241941,5138,9915,16.19,2022-01-08 19:00:00
419598,1479,6165,445.25,2022-01-03 15:00:00
635001,3535,7331,443.23,2022-01-05 00:00:00
345408,4614,6583,106.15,2022-01-03 04:00:00
1112513,6506,7066,415.79,2022-01-08 00:00:00
672229,9078,9963,18.54,2022-01-05 06:00:00
1155948,5696,1598,4.52,2022-01-08 06:00:00
312789,9770,4152,188.38,2022-01-02 23:00:00
1220043,2428,9964,530.8,2022-01-08 16:00:00
192802,9116,9423,7.53,2022-01-02 05:00:00
58708,2495,7494,520.21,2022-01-01 09:00:00
1172397,5535,9685,450.39,2022-01-08 09:00:00
890535,2831,2890,14.27,2022-01-06 14:00:00
549217,7973,9432,4.51,2022-01-04 11:00:00
1141042,4790,9445,185.02,2022-01-08 04:00:00
1256424,4538,6372,575.59,2022-01-08 22:00:00
111694,8783,1303,157.83,2022-01-01 17:00:00
684287,2694,6797,169.35,2022-01-05 07:00:00
988169,5533,2304,434.82,2022-01-07 05:00:00
585852,9835,8163,3.6,2022-01-04 17:00:00
1096671,5857,6928,376.07,2022-01-07 22:00:00
549789,1391,8257,16.62,2022-01-04 11:00:00
144739,9552,8992,535.76,2022-01-01 22:00:00
5711,9712,9148,186.19,2022-01-01 01:00:00
155360,4105,3746,3.55,2022-01-02 00:00:00
936515,652,4935,4.43,2022-01-06 21:00:00
583166,1168,6626,3.49,2022-01-04 16:00:00
249800,7502,7120,443.57,2022-01-02 14:00:00
174006,9912,5298,16.45,2022-01-02 03:00:00
230776,7551,3318,472.41,2022-01-02 11:00:00
1050105,8534,9487,574.92,2022-01-07 14:00:00
411475,2927,4162,17.2,2022-01-03 14:00:00
1295212,8188,9888,13.87,2022-01-09 03:00:00
324558,2700,9015,147.72,2022-01-03 01:00:00
748273,9646,9085,188.13,2022-01-05 17:00:00
977617,1404,9311,512.33,2022-01-07 04:00:00
336699,8200,9396,39827.62,2022-01-03 03:00:00
220089,1673,1549,146.86,2022-01-02 10:00:00
414427,5142,8345,15.87,2022-01-03 15:00:00
59364,7352,5776,10.27,2022-01-01 09:00:00
7477,7505,5296,580.78,2022-01-01 01:00:00
120979,2076,9857,23.54,2022-01-01 19:00:00
133980,5723,9950,164.91,2022-01-01 20:00:00
1149073,7105,1557,12.0,2022-01-08 05:00:00
70059,2080,8208,23.32,2022-01-01 11:00:00
601208,8782,9911,145.96,2022-01-04 19:00:00
11482,4790,7693,185.02,2022-01-01 02:00:00
125530,6530,7683,473.44,2022-01-01 19:00:00
458802,4103,7537,13.42,2022-01-03 21:00:00
954087,6116,9238,14.27,2022-01-07 00:00:00
581429,9854,2997,4.75,2022-01-04 16:00:00
932059,8754,9952,144.07,2022-01-06 21:00:00
919943,3695,7701,191.38,2022-01-06 19:00:00
360836,6719,9663,100.05,2022-01-03 07:00:00
521851,8121,4627,11.89,2022-01-04 07:00:00
69841,5521,9551,539.9,2022-01-01 11:00:00
51402,9774,4485,121.25,2022-01-01 08:00:00
1001247,7069,5832,11.16,2022-01-07 07:00:00
380189,6075,1362,13.81,2022-01-03 10:00:00
385567,6091,5323,16.36,2022-01-03 10:00:00
346848,4588,9220,11.02,2022-01-03 04:00:00
474784,4050,5155,21.77,2022-01-04 00:00:00
317678,9602,8385,149.35,2022-01-03 00:00:00
1234155,9689,6626,196.52,2022-01-08 18:00:00
1277444,2515,495,527.45,2022-01-09 01:00:00
818095,9344,9531,12.75,2022-01-06 04:00:00
1227262,5587,4293,478.92,2022-01-08 17:00:00
999118,4475,9496,420.64,2022-01-07 07:00:00
1170335,1283,9459,4.16,2022-01-08 09:00:00
1224181,3528,5493,505.64,2022-01-08 17:00:00
318363,4703,6056,195.64,2022-01-03 00:00:00
796772,8565,6351,590.58,2022-01-06 00:00:00
493982,9120,9967,5.4,2022-01-04 03:00:00
875219,8799,2077,102.97,2022-01-06 12:00:00
1189672,9132,8527,8.23,2022-01-08 11:00:00
1089046,6738,2539,195.61,2022-01-07 20:00:00
409671,8638,5638,149.53,2022-01-03 14:00:00
912249,7483,8123,559.79,2022-01-06 18:00:00
1135466,7867,9927,3.88,2022-01-08 03:00:00
224070,5468,9908,444.17,2022-01-02 10:00:00
1025072,5485,9640,445.55,2022-01-07 11:00:00
910479,9575,9983,555.5,2022-01-06 18:00:00
838000,3410,9213,597.03,2022-01-06 07:00:00
334311,637,8769,138.13,2022-01-03 03:00:00
78506,9680,3813,128.36,2022-01-01 12:00:00
1194941,6741,9767,190.61,2022-01-08 12:00:00
855185,4840,5283,208.11,2022-01-06 09:00:00
510045,6626,3429,163.99,2022-01-04 05:00:00
190403,6528,554,4.59,2022-01-02 05:00:00
504841,8712,7296,153.69,2022-01-04 04:00:00
922127,9603,8608,109.08,2022-01-06 19:00:00
997834,6664,9625,195.99,2022-01-07 07:00:00
320761,3764,9602,197.41,2022-01-03 01:00:00
257022,8002,6958,8.22,2022-01-02 15:00:00
1296275,5099,4098,14.84,2022-01-09 03:00:00
179334,9162,9429,5.25,2022-01-02 03:00:00
687164,86,9997,45.29,2022-01-05 08:00:00
789144,3141,5890,27.56,2022-01-05 23:00:00
932521,2643,8547,163.02,2022-01-06 21:00:00
1068286,744,5913,118.77,2022-01-07 17:00:00
155821,7478,8882,558.34,2022-01-02 00:00:00
1123766,8551,9311,486.92,2022-01-08 02:00:00
384689,7004,9657,16.22,2022-01-03 10:00:00
441375,6593,6289,595.54,2022-01-03 19:00:00
134533,3788,7112,190.69,2022-01-01 21:00:00
1292092,9980,7357,3.73,2022-01-09 03:00:00
776592,965,6198,241.41,2022-01-05 21:00:00
686439,9954,2443,17.29,2022-01-05 08:00:00
441457,6108,2680,13.16,2022-01-03 19:00:00
708625,9634,7892,136.67,2022-01-05 11:00:00
315220,9063,8504,5.42,2022-01-03 00:00:00
971678,9753,5558,164.69,2022-01-07 03:00:00
552344,9693,7941,159.42,2022-01-04 11:00:00
1124396,8681,868,107.56,2022-01-08 02:00:00
1155037,9009,7066,8.35,2022-01-08 06:00:00
943653,9710,4036,133.83,2022-01-06 22:00:00
188304,575,4087,449.58,2022-01-02 05:00:00
1202817,9084,2917,5.2,2022-01-08 13:00:00
653030,35,8307,50.7,2022-01-05 03:00:00
1184354,8151,9958,7.0,2022-01-08 11:00:00
893984,9692,7783,143.27,2022-01-06 15:00:00
1012318,9785,5352,150.92,2022-01-07 09:00:00
11703,9640,974,184.66,2022-01-01 02:00:00
748639,9631,1312,137.3,2022-01-05 17:00:00
439413,8669,7886,116.26,2022-01-03 18:00:00
655744,8035,6480,12.43,2022-01-05 03:00:00
602941,8038,9848,11.58,2022-01-04 19:00:00
987402,4419,8981,470.41,2022-01-07 05:00:00
506012,5129,9650,14.44,2022-01-04 05:00:00
193695,1510,7076,591.17,2022-01-02 06:00:00
228566,5036,9998,20.89,2022-01-02 11:00:00
1000271,442,8594,522.02,2022-01-07 07:00:00
727468,4752,9538,135.77,2022-01-05 14:00:00
1253465,3135,3126,25.67,2022-01-08 21:00:00
1056982,9121,7447,6.03,2022-01-07 15:00:00
242967,5426,9179,576.23,2022-01-02 13:00:00
5201,7700,9754,110.59,2022-01-01 01:00:00
1270110,9143,9018,7.43,2022-01-09 00:00:00
240633,9789,9147,118.95,2022-01-02 13:00:00
245635,692,9572,194.0,2022-01-02 13:00:00
300333,5531,6870,482.51,2022-01-02 22:00:00
360582,2383,368,19.6,2022-01-03 07:00:00
1163291,1135,9142,33.3,2022-01-08 08:00:00
941334,8641,3111,10.18,2022-01-06 22:00:00
1085676,8354,9886,14.96,2022-01-07 20:00:00
1305133,4028,1553,22.79,2022-01-09 05:00:00
461772,9043,9761,3.49,2022-01-03 22:00:00
616993,1519,574,523.61,2022-01-04 21:00:00
98824,6081,8439,10.18,2022-01-01 15:00:00
1022527,9772,7033,176.72,2022-01-07 10:00:00
387935,9610,4019,146.39,2022-01-03 11:00:00
639125,5434,7211,445.29,2022-01-05 01:00:00
1036255,9486,9487,501.98,2022-01-07 12:00:00
856693,5657,9358,179.94,2022-01-06 09:00:00
939873,3528,5493,505.64,2022-01-06 22:00:00
24288,557,1558,411.57,2022-01-01 04:00:00
1290285,3772,7511,171.61,2022-01-09 03:00:00
220380,8748,9210,100.8,2022-01-02 10:00:00
133557,3461,9795,507.58,2022-01-01 20:00:00
1079108,4585,8932,10.64,2022-01-07 19:00:00
1097863,2527,8226,553.03,2022-01-07 22:00:00
383710,8122,1658,11.55,2022-01-03 10:00:00
963421,9728,9950,172.55,2022-01-07 01:00:00
939877,534,6262,579.53,2022-01-06 22:00:00
611349,6551,9465,587.47,2022-01-04 20:00:00
346435,8668,9476,123.31,2022-01-03 04:00:00
856732,4162,4103,12.76,2022-01-06 09:00:00
428466,7109,8636,14.37,2022-01-03 17:00:00
1135058,8100,5413,7.53,2022-01-08 03:00:00
363371,3010,9545,26.36,2022-01-03 07:00:00
1132608,598,9562,456.01,2022-01-08 03:00:00
734197,1773,9999,196.19,2022-01-05 15:00:00
652897,9572,9664,493.67,2022-01-05 03:00:00
617684,9702,9592,193.36,2022-01-04 21:00:00
527214,1791,9559,130.83,2022-01-04 08:00:00
809073,5537,8002,563.63,2022-01-06 02:00:00
553987,2090,4651,16.36,2022-01-04 12:00:00
672335,7682,9941,135.21,2022-01-05 06:00:00
469211,9755,6333,104.26,2022-01-03 23:00:00
143279,9165,4883,5.01,2022-01-01 22:00:00
493891,7193,965,11.47,2022-01-04 03:00:00
1154381,8119,6128,8.87,2022-01-08 06:00:00
878577,309,9790,2101098.25,2022-01-06 13:00:00
622091,1189,9161,31.25,2022-01-04 22:00:00
163508,8600,9905,123.47,2022-01-02 01:00:00
255111,8055,9930,8.66,2022-01-02 15:00:00
922832,7153,4621,15.09,2022-01-06 19:00:00
365145,8115,3749,15.43,2022-01-03 07:00:00
384821,3870,9587,213.64,2022-01-03 10:00:00
747993,7545,3208,525.72,2022-01-05 17:00:00
653232,1542,7440,400.89,2022-01-05 03:00:00
586140,9687,880,159.92,2022-01-04 17:00:00
610285,639,5111,113.94,2022-01-04 20:00:00
895500,7601,1871,149.33,2022-01-06 15:00:00
326979,8749,9397,113.79,2022-01-03 02:00:00
588703,5657,8580,179.94,2022-01-04 17:00:00
897838,6647,9333,194.11,2022-01-06 16:00:00
503578,2510,9244,541.65,2022-01-04 04:00:00
209837,6501,8167,454.85,2022-01-02 08:00:00
170498,8086,507,12.76,2022-01-02 02:00:00
724372,7648,9489,136.66,2022-01-05 14:00:00
1054381,5035,9739,18.54,2022-01-07 15:00:00
596156,9063,2910,4.18,2022-01-04 18:00:00
20597,493,908,406.02,2022-01-01 03:00:00
441139,7678,9971,179.13,2022-01-03 19:00:00
288286,7197,5909,12.92,2022-01-02 20:00:00
853674,9982,7602,4.13,2022-01-06 09:00:00
400583,3658,9877,125.88,2022-01-03 13:00:00
29474,1542,7440,400.89,2022-01-01 05:00:00
297023,8909,6232,305.32,2022-01-02 21:00:00
1252533,5013,6480,17.94,2022-01-08 21:00:00
885514,4303,8146,172480.68,2022-01-06 14:00:00
294574,9064,3558,6.8,2022-01-02 21:00:00
794368,4792,4206,161.72,2022-01-06 00:00:00
570464,5087,6887,19.95,2022-01-04 14:00:00
1005433,8803,7461,347.45,2022-01-07 08:00:00
373083,664,782,104.12,2022-01-03 08:00:00
648093,6794,653,190.42,2022-01-05 02:00:00
1028032,1492,3317,480.23,2022-01-07 11:00:00
245487,2985,9417,3.41,2022-01-02 13:00:00
727524,8506,5360,415.85,2022-01-05 14:00:00
1085884,9173,4603,6.04,2022-01-07 20:00:00
733823,7539,9785,517.44,2022-01-05 15:00:00
698254,3503,3337,594.95,2022-01-05 10:00:00
983935,9084,1440,3.92,2022-01-07 05:00:00
433052,9181,768,5.18,2022-01-03 17:00:00
610688,3143,9665,23.94,2022-01-04 20:00:00
76628,8718,4628,145.97,2022-01-01 12:00:00
478552,8485,7022,462.51,2022-01-04 00:00:00
269699,9080,9696,5.89,2022-01-02 17:00:00
570010,469,9961,580.21,2022-01-04 14:00:00
879024,9745,7432,184.44,2022-01-06 13:00:00
1120449,1542,7440,400.89,2022-01-08 01:00:00
444252,9789,4954,118.95,2022-01-03 19:00:00
179103,8051,1107,8.8,2022-01-02 03:00:00
484507,9994,9501,376.92,2022-01-04 01:00:00
637334,8560,8266,563.25,2022-01-05 00:00:00
1040352,9422,9201,460.1,2022-01-07 13:00:00
887279,9365,7010,2320256.25,2022-01-06 14:00:00
1126035,6015,8639,18.93,2022-01-08 02:00:00
130290,3046,9945,25.29,2022-01-01 20:00:00
606494,1439,6240,570.44,2022-01-04 20:00:00
396573,7530,5341,575.4,2022-01-03 12:00:00
715602,9013,6909,9.19,2022-01-05 12:00:00
924632,7778,9553,177.86,2022-01-06 20:00:00
4317,1459,8398,511.66,2022-01-01 00:00:00
438498,7908,9518,18.56,2022-01-03 18:00:00
1093455,8685,5789,148.38,2022-01-07 21:00:00
418282,2777,6228,133.17,2022-01-03 15:00:00
1026485,1739,9953,103.18,2022-01-07 11:00:00
133949,6027,9222,19.92,2022-01-01 20:00:00
410996,4033,7906,17.45,2022-01-03 14:00:00
322402,7490,7264,591.53,2022-01-03 01:00:00
657565,9625,9008,199.88,2022-01-05 04:00:00
836047,340,3593,4308162.0,2022-01-06 06:00:00
787108,6679,9956,136.61,2022-01-05 23:00:00
123382,9771,512,189.02,2022-01-01 19:00:00
942325,3108,8793,15.62,2022-01-06 22:00:00
247849,1287,8499,13178.62,2022-01-02 14:00:00
281910,7640,9893,116.65,2022-01-02 19:00:00
461584,2622,6706,131.25,2022-01-03 22:00:00
775104,3760,9980,166.25,2022-01-05 21:00:00
929799,9700,4374,167.86,2022-01-06 20:00:00
544386,9990,9980,209.22,2022-01-04 10:00:00
338880,5836,7263,202.02,2022-01-03 03:00:00
1076984,5052,9507,12.28,2022-01-07 18:00:00
1039059,4488,1304,597.84,2022-01-07 13:00:00
1222871,9730,1736,102.51,2022-01-08 16:00:00
318799,9639,717,190.83,2022-01-03 00:00:00
587164,9098,5830,6.04,2022-01-04 17:00:00
284430,6629,9691,196.75,2022-01-02 19:00:00
644734,8613,141,136.19,2022-01-05 02:00:00
497790,770,9699,142.69,2022-01-04 03:00:00
677308,7602,9804,125.54,2022-01-05 06:00:00
758888,792,3356,178.35,2022-01-05 19:00:00
1010080,8139,5263,12.21,2022-01-07 08:00:00
1143933,4944,9694,3.46,2022-01-08 05:00:00
699535,7695,9996,142.44,2022-01-05 10:00:00
732506,7863,6274,359.69,2022-01-05 15:00:00
1145380,657,8206,152.67,2022-01-08 05:00:00
994205,8049,4955,7.31,2022-01-07 06:00:00
311512,4070,4399,12.81,2022-01-02 23:00:00
483592,6013,9898,14.43,2022-01-04 01:00:00
353212,3083,3789,25.12,2022-01-03 05:00:00
147664,2038,3733,3.27,2022-01-01 23:00:00
785861,2131,6040,27.4,2022-01-05 23:00:00
817494,447,7087,536.51,2022-01-06 03:00:00
966551,5152,5907,18.73,2022-01-07 02:00:00
359920,3117,9830,24.32,2022-01-03 06:00:00
903661,8716,2912,158.47,2022-01-06 16:00:00
1303956,1678,3874,139.41,2022-01-09 05:00:00
787841,7002,2186,15.51,2022-01-05 23:00:00
1100205,6615,4852,160.97,2022-01-07 22:00:00
687192,5177,9044,3.06,2022-01-05 08:00:00
46372,6190,9548,16.65,2022-01-01 07:00:00
1321179,3579,5607,569.39,2022-01-09 07:00:00
985530,9191,3684,5.39,2022-01-07 05:00:00
442698,5576,9289,432.36,2022-01-03 19:00:00
569664,9998,9188,323.79,2022-01-04 14:00:00
1118405,597,8165,552.4,2022-01-08 01:00:00
1166494,7159,7073,15.67,2022-01-08 08:00:00
1179719,4774,1940,109.37,2022-01-08 10:00:00
277013,6115,9961,16.51,2022-01-02 18:00:00
950358,9718,8481,122.94,2022-01-06 23:00:00
959337,3516,7871,504.95,2022-01-07 01:00:00
286670,8056,9768,8.54,2022-01-02 19:00:00
1195439,4526,6916,487.02,2022-01-08 12:00:00
294950,1768,8225,134.72,2022-01-02 21:00:00
995140,1266,7930,7183795.5,2022-01-07 06:00:00
158091,8644,4686,175.38,2022-01-02 00:00:00
332457,8147,5971,13.31,2022-01-03 02:00:00
713957,7145,9784,9.3,2022-01-05 12:00:00
150786,1431,532,420.35,2022-01-01 23:00:00
241084,8400,7056,498.92,2022-01-02 13:00:00
1166012,8402,8783,434.86,2022-01-08 08:00:00
184131,420,6828,498.36,2022-01-02 04:00:00
411474,6432,9167,441.7,2022-01-03 14:00:00
299089,7156,5273,8.51,2022-01-02 21:00:00
88643,5674,6620,133.1,2022-01-01 14:00:00
1154420,8768,7522,178.69,2022-01-08 06:00:00
1217818,8514,5066,497.26,2022-01-08 16:00:00
354785,5674,9339,133.1,2022-01-03 06:00:00
62978,8484,6076,413.45,2022-01-01 10:00:00
958043,8180,7559,8.78,2022-01-07 01:00:00
961933,1416,1106,541.63,2022-01-07 01:00:00
414523,9659,9996,191.0,2022-01-03 15:00:00
1085735,703,4130,161.25,2022-01-07 20:00:00
850206,9709,1163,176.14,2022-01-06 08:00:00
18825,9050,7166,5.91,2022-01-01 03:00:00
789233,5469,9961,507.63,2022-01-05 23:00:00
562443,5075,6596,16.32,2022-01-04 13:00:00
1119112,493,1149,3.88,2022-01-08 01:00:00
378429,9654,5575,17.54,2022-01-03 09:00:00
1255028,9154,6210,9.03,2022-01-08 21:00:00
307941,9634,4755,136.67,2022-01-02 23:00:00
1135865,9720,159,114.62,2022-01-08 03:00:00
697622,6611,9979,182.3,2022-01-05 10:00:00
115361,472,8600,514.35,2022-01-01 18:00:00
60136,3598,7896,501.32,2022-01-01 09:00:00
1098907,4765,9841,112.19,2022-01-07 22:00:00
469899,8730,9784,172.02,2022-01-03 23:00:00
197200,4084,4355,20.86,2022-01-02 06:00:00
909949,5851,7198,283.63,2022-01-06 17:00:00
994345,4340,9953,11183895.0,2022-01-07 06:00:00
473597,992,8380,3.48,2022-01-04 00:00:00
1187043,9640,7007,16.7,2022-01-08 11:00:00
966539,1584,724,3.12,2022-01-07 02:00:00
311336,7605,6625,126.51,2022-01-02 23:00:00
364926,9760,5340,101.22,2022-01-03 07:00:00
263186,9658,9990,168.52,2022-01-02 16:00:00
6584,7549,1412,560.08,2022-01-01 01:00:00
910820,9714,7899,170.33,2022-01-06 18:00:00
302088,9759,6189,197.52,2022-01-02 22:00:00
1136397,9734,3112,15.03,2022-01-08 03:00:00
949977,8126,3941,4.53,2022-01-06 23:00:00
592204,4617,7570,164.6,2022-01-04 18:00:00
1186897,9752,2850,115.98,2022-01-08 11:00:00
1219724,2472,6650,585.34,2022-01-08 16:00:00
366814,7730,6378,120.69,2022-01-03 08:00:00
340846,8702,5145,123.54,2022-01-03 04:00:00
806974,9028,9313,7.58,2022-01-06 02:00:00
378406,2172,7790,17.54,2022-01-03 09:00:00
1216619,9646,7050,188.13,2022-01-08 15:00:00
1103747,8676,3574,128.36,2022-01-07 23:00:00
705048,1046,5330,32.61,2022-01-05 11:00:00
1177371,7413,99,462.54,2022-01-08 10:00:00
1199410,1656,9818,122.4,2022-01-08 13:00:00
223069,1812,9173,10.53,2022-01-02 10:00:00
207208,9579,7068,578.46,2022-01-02 08:00:00
1233514,1861,8047,244.25,2022-01-08 18:00:00
1051713,5639,9973,169.91,2022-01-07 15:00:00
708389,5574,3925,425.42,2022-01-05 11:00:00
399730,7772,2003,186.82,2022-01-03 12:00:00
1065745,7042,3694,13.1,2022-01-07 17:00:00
25992,7645,9524,192.8,2022-01-01 04:00:00
556801,5162,4474,3.84,2022-01-04 12:00:00
1096561,7611,792,186.36,2022-01-07 22:00:00
102087,6429,8222,502.54,2022-01-01 16:00:00
1067150,2681,1040,160.16,2022-01-07 17:00:00
933867,9158,8614,5.56,2022-01-06 21:00:00
947319,4747,8879,184.77,2022-01-06 23:00:00
992393,4092,9405,19.31,2022-01-07 06:00:00
917131,5338,9371,864358.25,2022-01-06 19:00:00
406011,4781,244,106.55,2022-01-03 13:00:00
1008569,2412,8881,442.41,2022-01-07 08:00:00
1197338,3844,1657,200.36,2022-01-08 13:00:00
188840,6748,8447,167.6,2022-01-02 05:00:00
683770,3286,4252,161099.92,2022-01-05 07:00:00
444517,5685,5924,12.64,2022-01-03 19:00:00
1120018,9758,1351,183.74,2022-01-08 01:00:00
765725,468,6395,497.23,2022-01-05 20:00:00
1277267,810,7083,19.45,2022-01-09 01:00:00
1159069,4766,9337,193.08,2022-01-08 07:00:00
540118,1006,7820,28.47,2022-01-04 10:00:00
1321748,7571,6252,598.1,2022-01-09 07:00:00
919758,9788,9864,158.57,2022-01-06 19:00:00
1088448,3705,9742,162.88,2022-01-07 20:00:00
37362,7635,9827,185.28,2022-01-01 06:00:00
290721,5100,7493,14.0,2022-01-02 20:00:00
715155,197,6616,35.45,2022-01-05 12:00:00
602241,1364,1447,42377.57,2022-01-04 19:00:00
712999,9652,4640,111.47,2022-01-05 12:00:00
1069819,8730,5247,172.02,2022-01-07 17:00:00
993101,8025,724,3.87,2022-01-07 06:00:00
1252997,8625,9878,109.44,2022-01-08 21:00:00
222273,577,5691,587.41,2022-01-02 10:00:00
825867,7157,5978,9.51,2022-01-06 05:00:00
725194,3234,9892,14.48,2022-01-05 14:00:00
439886,8890,8343,365.73,2022-01-03 19:00:00
1165331,7563,9641,465.23,2022-01-08 08:00:00
57298,6504,9354,438.55,2022-01-01 09:00:00
341579,2138,9120,26.08,2022-01-03 04:00:00
51748,4180,8501,18.48,2022-01-01 08:00:00
873101,6674,2616,184.63,2022-01-06 12:00:00
215577,7124,9957,13.81,2022-01-02 09:00:00
851978,6133,4117,16.31,2022-01-06 09:00:00
1136874,9713,2808,178.52,2022-01-08 03:00:00
52271,6751,9746,167.88,2022-01-01 08:00:00
334678,6410,9576,510.08,2022-01-03 03:00:00
1003214,9791,9737,112.93,2022-01-07 07:00:00
109052,3414,5262,562.09,2022-01-01 17:00:00
242989,1668,4037,3.3,2022-01-02 13:00:00
1007531,8668,6454,123.31,2022-01-07 08:00:00
441086,9495,6394,553.77,2022-01-03 19:00:00
715198,7614,5672,161.41,2022-01-05 12:00:00
901167,9766,9489,108.37,2022-01-06 16:00:00
722335,4185,8796,17.54,2022-01-05 13:00:00
229987,4736,6937,181.96,2022-01-02 11:00:00
508178,3545,9034,538.88,2022-01-04 05:00:00
468535,9637,3564,104.5,2022-01-03 23:00:00
1159185,7089,9207,19.03,2022-01-08 07:00:00
336981,8470,9674,423.7,2022-01-03 03:00:00
237624,7655,1618,143.0,2022-01-02 12:00:00
1141468,9114,4159,5.03,2022-01-08 04:00:00
584688,7090,6137,12.56,2022-01-04 17:00:00
834473,6107,8770,12.76,2022-01-06 06:00:00
11417,8058,6010,10.09,2022-01-01 02:00:00
1215901,3806,2833,218.22,2022-01-08 15:00:00
1279631,9693,1720,159.42,2022-01-09 01:00:00
27643,9542,8750,543.57,2022-01-01 04:00:00
204195,3189,9982,15.42,2022-01-02 07:00:00
327037,9658,8496,168.52,2022-01-03 02:00:00
1268775,9921,5284,13.93,2022-01-08 23:00:00
793468,4655,562,194.08,2022-01-06 00:00:00
1301567,8105,9569,11.54,2022-01-09 04:00:00
1174090,8463,9994,563.13,2022-01-08 09:00:00
632085,9792,1600,103.69,2022-01-05 00:00:00
368084,8140,9551,12.4,2022-01-03 08:00:00
978641,9644,8079,189.14,2022-01-07 04:00:00
982094,4120,9906,13.94,2022-01-07 04:00:00
1092118,9198,9537,5.79,2022-01-07 21:00:00
937482,440,5085,498.05,2022-01-06 22:00:00
27416,8743,6162,156.97,2022-01-01 04:00:00
1158751,8507,9598,580.38,2022-01-08 07:00:00
924851,9797,3821,141.02,2022-01-06 20:00:00
170179,4464,8244,456.89,2022-01-02 02:00:00
1061791,9031,1528,8.34,2022-01-07 16:00:00
55495,6510,7376,539.32,2022-01-01 09:00:00
700636,511,3938,424.64,2022-01-05 10:00:00
360322,1072,9967,21.81,2022-01-03 07:00:00
471032,4439,3957,591.6,2022-01-03 23:00:00
1107485,1556,8323,476.39,2022-01-07 23:00:00
337783,1572,2523,454.57,2022-01-03 03:00:00
922324,5148,4901,12.88,2022-01-06 19:00:00
1014194,9631,5823,137.3,2022-01-07 09:00:00
820558,2875,1822,206.39,2022-01-06 04:00:00
1028847,4160,9603,13.31,2022-01-07 11:00:00
680286,3563,9453,405.36,2022-01-05 07:00:00
1217692,4575,2548,533.03,2022-01-08 16:00:00
194274,9787,9652,190.13,2022-01-02 06:00:00
859095,7196,9459,16.08,2022-01-06 10:00:00
291491,3861,8265,347.58,2022-01-02 20:00:00
260538,7925,9422,4.57,2022-01-02 16:00:00
923946,6747,8351,138.47,2022-01-06 20:00:00
528519,1522,4131,497.33,2022-01-04 08:00:00
458398,6873,6295,200.19,2022-01-03 21:00:00
854794,4539,6263,464.01,2022-01-06 09:00:00
226365,1228,803,3058.06,2022-01-02 11:00:00
433539,8002,9941,8.22,2022-01-03 18:00:00
886304,9661,8192,183.52,2022-01-06 14:00:00
275733,9701,9986,163.08,2022-01-02 18:00:00
560077,6561,1734,565.39,2022-01-04 13:00:00
1007603,9178,9949,4.67,2022-01-07 08:00:00
633783,9990,8642,12.56,2022-01-05 00:00:00
652827,560,126,545.64,2022-01-05 03:00:00
189475,9095,7766,6.23,2022-01-02 05:00:00
1239259,6123,4574,11.52,2022-01-08 19:00:00
357636,9103,9772,6.22,2022-01-03 06:00:00
210778,8787,5817,150.75,2022-01-02 08:00:00
695479,6716,9711,100.88,2022-01-05 09:00:00
288299,1708,8483,4.3,2022-01-02 20:00:00
524136,9655,4235,107.23,2022-01-04 07:00:00
624647,9511,5880,501.77,2022-01-04 23:00:00
449321,588,8957,13.15,2022-01-03 20:00:00
433513,5619,2443,178.03,2022-01-03 18:00:00
1161951,6531,2522,558.46,2022-01-08 07:00:00
581867,5638,8937,123.58,2022-01-04 16:00:00
149644,3722,5648,131.21,2022-01-01 23:00:00
123702,1694,7758,148.97,2022-01-01 19:00:00
640365,8101,1171,9.32,2022-01-05 01:00:00
749773,8771,6574,168.13,2022-01-05 17:00:00
832757,9061,9918,7.87,2022-01-06 06:00:00
731098,9153,9475,5.85,2022-01-05 15:00:00
120140,6427,9245,501.42,2022-01-01 18:00:00
1129400,8193,9948,7.49,2022-01-08 02:00:00
1030099,2032,607,31.59,2022-01-07 11:00:00
1235005,9727,9989,130.36,2022-01-08 18:00:00
156596,9496,8079,414.98,2022-01-02 00:00:00
309257,8570,8442,514.95,2022-01-02 23:00:00
477721,9619,8822,166.1,2022-01-04 00:00:00
298874,8156,9998,8.86,2022-01-02 21:00:00
490478,609,9876,4.31,2022-01-04 02:00:00
990056,3417,7230,521.65,2022-01-07 05:00:00
250572,5449,9212,474.73,2022-01-02 14:00:00
185454,4143,3825,24.96,2022-01-02 04:00:00
827476,9685,8191,188.24,2022-01-06 05:00:00
561541,4459,9620,585.46,2022-01-04 13:00:00
1090480,469,9961,580.21,2022-01-07 21:00:00
350916,5282,649,41472.46,2022-01-03 05:00:00
366288,2591,9103,490.57,2022-01-03 07:00:00
897754,8548,6220,468.5,2022-01-06 16:00:00
1091643,3518,9014,479.92,2022-01-07 21:00:00
1304606,3025,9223,27.62,2022-01-09 05:00:00
497105,6687,9876,112.33,2022-01-04 03:00:00
284802,9193,9970,4.63,2022-01-02 19:00:00
1299702,8612,7983,122.63,2022-01-09 04:00:00
139544,3660,9445,121.98,2022-01-01 21:00:00
229215,9454,1505,12.6,2022-01-02 11:00:00
180056,8780,8689,109.8,2022-01-02 03:00:00
656505,9084,7459,5.2,2022-01-05 03:00:00
884354,9609,7169,177.6,2022-01-06 13:00:00
949027,9550,8770,431.67,2022-01-06 23:00:00
462518,8690,4977,138.89,2022-01-03 22:00:00
216222,6771,5931,165.25,2022-01-02 09:00:00
390230,9611,4192,112.83,2022-01-03 11:00:00
1108892,5691,9862,165.02,2022-01-07 23:00:00
1256482,8725,5817,185.8,2022-01-08 22:00:00
390390,4081,2687,17.8,2022-01-03 11:00:00
322884,1465,1128,574.94,2022-01-03 01:00:00
1221040,8538,7792,513.51,2022-01-08 16:00:00
388316,3053,7404,21.23,2022-01-03 11:00:00
964992,560,126,545.64,2022-01-07 02:00:00
694686,6725,6369,178.66,2022-01-05 09:00:00
997757,6582,3192,525.05,2022-01-07 07:00:00
1190376,8320,9972,15113604.0,2022-01-08 12:00:00
1057924,9436,7222,459.07,2022-01-07 16:00:00
1279837,7767,9582,122.87,2022-01-09 01:00:00
548570,9539,9300,518.03,2022-01-04 11:00:00
1215227,7524,1602,453.42,2022-01-08 15:00:00
960904,5491,9971,584.33,2022-01-07 01:00:00
1236810,9814,7385,248.1,2022-01-08 19:00:00
289105,4691,9704,127.98,2022-01-02 20:00:00
1008313,9423,2245,3.41,2022-01-07 08:00:00
1158428,597,8165,552.4,2022-01-08 07:00:00
255666,8788,4496,153.3,2022-01-02 15:00:00
1090308,8629,5878,18.64,2022-01-07 21:00:00
754465,1614,7949,108.76,2022-01-05 18:00:00
1210606,9742,9595,160.02,2022-01-08 15:00:00
1195342,8105,5254,11.54,2022-01-08 12:00:00
239843,6487,4721,15.93,2022-01-02 13:00:00
698507,2499,8794,430.86,2022-01-05 10:00:00
298539,3044,9990,28.51,2022-01-02 21:00:00
132980,9606,2677,174.96,2022-01-01 20:00:00
511612,8542,5471,408.94,2022-01-04 05:00:00
6800,5490,1778,588.08,2022-01-01 01:00:00
464148,3570,9763,460.11,2022-01-03 22:00:00
668683,4665,9498,123.33,2022-01-05 05:00:00
582396,6751,6936,167.88,2022-01-04 16:00:00
689204,6118,4877,12.56,2022-01-05 08:00:00
78513,9680,9338,128.36,2022-01-01 12:00:00
168428,4322,113,2.94,2022-01-02 02:00:00
1196065,8106,9626,11.22,2022-01-08 12:00:00
655677,741,9961,136.86,2022-01-05 03:00:00
1291278,4410,8486,426.14,2022-01-09 03:00:00
230766,510,9884,587.65,2022-01-02 11:00:00
460982,3968,9058,227.3,2022-01-03 22:00:00
321971,5090,5861,12.8,2022-01-03 01:00:00
1263551,665,4905,162.08,2022-01-08 23:00:00
1274811,4675,9445,142.33,2022-01-09 00:00:00
386478,411,9663,562.01,2022-01-03 10:00:00
454572,6515,9235,517.53,2022-01-03 21:00:00
371770,8133,3814,11.1,2022-01-03 08:00:00
1263013,6182,9519,15.74,2022-01-08 23:00:00
256154,9422,9327,13.56,2022-01-02 15:00:00
968354,3672,1651,198.82,2022-01-07 02:00:00
1082476,9522,6675,12.02,2022-01-07 19:00:00
694252,1438,1654,431.91,2022-01-05 09:00:00
571919,5894,5394,327.22,2022-01-04 15:00:00
532760,8709,5430,116.66,2022-01-04 09:00:00
1112431,9023,9074,8.45,2022-01-08 00:00:00
752833,1183,3911,21.54,2022-01-05 18:00:00
736518,9769,837,191.19,2022-01-05 15:00:00
312208,2736,7989,136.97,2022-01-02 23:00:00
1114531,508,8563,440.95,2022-01-08 00:00:00
666222,652,4935,162.11,2022-01-05 05:00:00
690999,8155,8593,7.94,2022-01-05 08:00:00
711325,5355,5000,17.29,2022-01-05 12:00:00
206087,5267,554,4.59,2022-01-02 07:00:00
565432,1932,7446,239.91,2022-01-04 14:00:00
913094,6455,8622,423.66,2022-01-06 18:00:00
106182,3011,5582,11.75,2022-01-01 16:00:00
187086,1024,9871,31.09,2022-01-02 05:00:00
1173065,7019,9978,16.7,2022-01-08 09:00:00
306653,8057,9218,11.54,2022-01-02 23:00:00
574549,3126,6494,17.3,2022-01-04 15:00:00
93745,8716,4758,3.09,2022-01-01 14:00:00
914373,3398,5459,3.76,2022-01-06 18:00:00
448760,7572,9540,455.19,2022-01-03 20:00:00
328387,3611,9553,111.29,2022-01-03 02:00:00
734558,192,6848,46.88,2022-01-05 15:00:00
234697,1061,6979,3.28,2022-01-02 12:00:00
1106242,9525,7165,496.2,2022-01-07 23:00:00
1279875,8066,2246,7.15,2022-01-09 01:00:00
378416,7065,6464,9.49,2022-01-03 09:00:00
930516,2399,1701,11.68,2022-01-06 21:00:00
968687,6438,9740,475.75,2022-01-07 02:00:00
973801,4539,6263,464.01,2022-01-07 03:00:00
589017,5537,8002,563.63,2022-01-04 17:00:00
887703,9013,9371,9.19,2022-01-06 14:00:00
406761,9141,9524,6.21,2022-01-03 14:00:00
897937,4735,4271,128.22,2022-01-06 16:00:00
100366,4699,7161,117.59,2022-01-01 15:00:00
582441,2598,7310,527.4,2022-01-04 16:00:00
1266854,9173,9844,6.04,2022-01-08 23:00:00
464199,9775,8455,147.67,2022-01-03 22:00:00
743397,8692,9033,108.27,2022-01-05 16:00:00
720762,8173,4672,7.25,2022-01-05 13:00:00
1037538,9317,9869,17.04,2022-01-07 13:00:00
817993,3065,8299,3.17,2022-01-06 04:00:00
365595,9117,4140,7.47,2022-01-03 07:00:00
916621,3082,9082,19.69,2022-01-06 18:00:00
299355,7610,8314,156.08,2022-01-02 21:00:00
54503,3615,8338,194.19,2022-01-01 09:00:00
716971,9606,9960,17.85,2022-01-05 12:00:00
513148,9619,9567,14.44,2022-01-04 06:00:00
1261347,438,8589,476.67,2022-01-08 22:00:00
63392,7435,9894,586.45,2022-01-01 10:00:00
789445,5657,9358,179.94,2022-01-05 23:00:00
315960,9030,9742,5.72,2022-01-03 00:00:00
330437,3421,9983,507.32,2022-01-03 02:00:00
547479,8734,9971,106.87,2022-01-04 11:00:00
46837,2466,6893,12.93,2022-01-01 07:00:00
586082,6162,3089,16.16,2022-01-04 17:00:00
499690,4104,3564,22.59,2022-01-04 04:00:00
544716,9099,8766,6.17,2022-01-04 10:00:00
398536,7631,5399,130.13,2022-01-03 12:00:00
251622,4192,7931,20.1,2022-01-02 14:00:00
701532,6636,6619,183.22,2022-01-05 10:00:00
1017161,4502,994,526.03,2022-01-07 09:00:00
1111127,2494,5495,428.7,2022-01-08 00:00:00
460226,6442,7374,563.73,2022-01-03 22:00:00
967616,9125,6467,9.06,2022-01-07 02:00:00
269181,9868,8970,267.13,2022-01-02 17:00:00
1141920,6878,3568,308.77,2022-01-08 04:00:00
476968,3514,8762,583.78,2022-01-04 00:00:00
782026,505,6860,414.1,2022-01-05 22:00:00
1255068,3201,5578,21474836.47,2022-01-08 21:00:00
524172,1141,3804,32.82,2022-01-04 07:00:00
274602,9404,6032,536.79,2022-01-02 18:00:00
411616,9619,8822,166.1,2022-01-03 14:00:00
498871,2039,9914,26.8,2022-01-04 04:00:00
231396,9643,2370,190.14,2022-01-02 11:00:00
1106202,2962,9997,4.8,2022-01-07 23:00:00
1194380,9749,8263,127.41,2022-01-08 12:00:00
212847,4517,9972,408.85,2022-01-02 08:00:00
853266,9154,7789,9.03,2022-01-06 09:00:00
319293,9477,9267,445.3,2022-01-03 00:00:00
748806,7609,9802,4.32,2022-01-05 17:00:00
375472,6445,9972,593.96,2022-01-03 09:00:00
857264,5592,9212,587.9,2022-01-06 09:00:00
632228,9567,9389,417.92,2022-01-05 00:00:00
665201,8262,2271,407753.87,2022-01-05 05:00:00
243779,2647,8796,146.3,2022-01-02 13:00:00
884017,4686,9765,191.75,2022-01-06 13:00:00
641643,7748,8459,135.0,2022-01-05 01:00:00
973417,9089,5837,5.32,2022-01-07 03:00:00
553647,2148,3617,31.74,2022-01-04 12:00:00
458110,9112,2519,9.26,2022-01-03 21:00:00
1102792,9724,9145,160.66,2022-01-07 22:00:00
112358,3711,6987,191.25,2022-01-01 17:00:00
391735,39,9999,83.41,2022-01-03 11:00:00
1162098,6784,9971,111.55,2022-01-08 07:00:00
517484,6210,9723,159274.81,2022-01-04 06:00:00
919979,7781,790,166.97,2022-01-06 19:00:00
925386,5401,1437,504.83,2022-01-06 20:00:00
1086674,4021,9982,23.76,2022-01-07 20:00:00
24831,8056,9780,8.54,2022-01-01 04:00:00
573828,9577,8773,427.82,2022-01-04 15:00:00
1111367,5083,8967,11.68,2022-01-08 00:00:00
911117,8757,903,112.16,2022-01-06 18:00:00
870338,8128,9323,6.85,2022-01-06 11:00:00
162795,1972,4593,358.77,2022-01-02 01:00:00
574605,5186,9956,13.32,2022-01-04 15:00:00
64046,8742,6292,4.39,2022-01-01 10:00:00
390042,3695,9980,191.38,2022-01-03 11:00:00
764163,8758,6401,117.31,2022-01-05 20:00:00
202635,467,6906,586.85,2022-01-02 07:00:00
378645,3463,2458,402.73,2022-01-03 09:00:00
932113,6487,2537,414.36,2022-01-06 21:00:00
117671,9505,6110,527.17,2022-01-01 18:00:00
671405,6545,2006,530.98,2022-01-05 06:00:00
911959,3787,4227,151.67,2022-01-06 18:00:00
1081661,3185,3669,14.3,2022-01-07 19:00:00
1201976,2802,5914,16.6,2022-01-08 13:00:00
1247635,9960,9864,369.89,2022-01-08 20:00:00
1143793,4427,9642,532.26,2022-01-08 04:00:00
1056660,3414,5262,562.09,2022-01-07 15:00:00
1298636,4579,8178,574.53,2022-01-09 04:00:00
199777,736,7780,132.28,2022-01-02 06:00:00
633383,4793,5545,134.46,2022-01-05 00:00:00
144743,5585,9355,497.73,2022-01-01 22:00:00
732715,8124,9714,10.86,2022-01-05 15:00:00
582810,3538,6592,555.9,2022-01-04 16:00:00
291747,7645,1800,192.8,2022-01-02 20:00:00
600594,9819,4251,386.8,2022-01-04 19:00:00
460985,9442,9762,529.29,2022-01-03 22:00:00
669638,5030,7143,15.21,2022-01-05 05:00:00
1253017,3666,4866,3.97,2022-01-08 21:00:00
1205367,3309,4225,15031373.0,2022-01-08 14:00:00
1072198,8503,3181,453.32,2022-01-07 18:00:00
850338,1449,9685,422.17,2022-01-06 08:00:00
446996,3165,6526,26.18,2022-01-03 20:00:00
566820,9762,8214,103.43,2022-01-04 14:00:00
1307014,8715,8368,150.44,2022-01-09 05:00:00
411050,457,9114,503.79,2022-01-03 14:00:00
426231,7560,9520,535.13,2022-01-03 16:00:00
1247090,8899,498,2.66,2022-01-08 20:00:00
1030596,2050,3116,29.11,2022-01-07 12:00:00
174530,4555,2413,531.21,2022-01-02 03:00:00
553515,2782,3093,121.98,2022-01-04 12:00:00
1134641,5696,4806,196.99,2022-01-08 03:00:00
671519,8759,5973,104.93,2022-01-05 06:00:00
796889,9554,7187,598.6,2022-01-06 00:00:00
484689,4042,9783,23.02,2022-01-04 01:00:00
90112,9619,8752,14.52,2022-01-01 14:00:00
872618,7919,9558,3.32,2022-01-06 12:00:00
751358,977,4708,336.26,2022-01-05 18:00:00
924662,8310,7849,3124840.25,2022-01-06 20:00:00
808881,4445,2976,509.22,2022-01-06 02:00:00
1262041,3020,8518,27.08,2022-01-08 22:00:00
1133117,4040,6840,24.95,2022-01-08 03:00:00
359783,5642,3305,186.21,2022-01-03 06:00:00
297041,3328,8721,16598.12,2022-01-02 21:00:00
1109067,7406,5186,475.26,2022-01-07 23:00:00
777270,4128,8420,24.67,2022-01-05 21:00:00
1215486,4351,5336,10552360.0,2022-01-08 15:00:00
842195,2479,523,493.13,2022-01-06 07:00:00
957934,1136,9545,19.25,2022-01-07 01:00:00
971753,9954,2415,3.91,2022-01-07 03:00:00
449867,1894,9244,202.33,2022-01-03 20:00:00
544181,4257,2491,3.3,2022-01-04 10:00:00
668602,6538,5085,435.13,2022-01-05 05:00:00
592535,7993,9514,12.84,2022-01-04 18:00:00
977075,7189,1915,8.84,2022-01-07 04:00:00
1064479,9791,9638,112.93,2022-01-07 17:00:00
1019025,9686,9989,128.75,2022-01-07 10:00:00
118846,5164,9388,16.94,2022-01-01 18:00:00
788885,8018,8020,8.32,2022-01-05 23:00:00
559241,3097,9597,15.79,2022-01-04 13:00:00
63121,2673,9840,167.55,2022-01-01 10:00:00
436459,1560,6164,553.07,2022-01-03 18:00:00
471391,4712,4423,191.36,2022-01-03 23:00:00
1311945,1071,8063,32.19,2022-01-09 06:00:00
1218565,2464,7110,583.21,2022-01-08 16:00:00
448312,8602,8857,3.24,2022-01-03 20:00:00
709674,9784,1513,168.92,2022-01-05 11:00:00
1167683,8693,6745,128.33,2022-01-08 08:00:00
912107,8477,7132,508.64,2022-01-06 18:00:00
397688,8298,8067,78945.67,2022-01-03 12:00:00
9859,9892,6553,399.57,2022-01-01 01:00:00
1143471,9751,1003,128.78,2022-01-08 04:00:00
8141,7153,5614,15.09,2022-01-01 01:00:00
1146834,5662,9485,188.13,2022-01-08 05:00:00
911244,5110,5927,17.7,2022-01-06 18:00:00
183446,9602,7900,149.35,2022-01-02 04:00:00
1279644,5069,9988,4.75,2022-01-09 01:00:00
882463,9810,9103,388.76,2022-01-06 13:00:00
865091,3819,9059,337.41,2022-01-06 11:00:00
383060,9754,3481,173.49,2022-01-03 10:00:00
255918,5576,9289,432.36,2022-01-02 15:00:00
1213645,9131,9982,5.82,2022-01-08 15:00:00
795717,80,1512,63.27,2022-01-06 00:00:00
558094,4688,3055,140.86,2022-01-04 12:00:00
312408,8937,8618,19.14,2022-01-02 23:00:00
397515,7783,9267,183.46,2022-01-03 12:00:00
1098737,2528,3417,484.17,2022-01-07 22:00:00
660715,5446,3691,491.39,2022-01-05 04:00:00
620270,8265,330,363055.71,2022-01-04 22:00:00
1055651,9620,2375,150.11,2022-01-07 15:00:00
197828,5482,4859,585.84,2022-01-02 06:00:00
783215,7577,4945,3.83,2022-01-05 22:00:00
177639,6469,5591,453.7,2022-01-02 03:00:00
214261,1629,8528,178.69,2022-01-02 09:00:00
538597,8100,9414,7.53,2022-01-04 09:00:00
49601,1725,4541,156.36,2022-01-01 08:00:00
954233,9001,9986,10.33,2022-01-07 00:00:00
50694,1576,6707,475.77,2022-01-01 08:00:00
744629,8008,9977,16.85,2022-01-05 17:00:00
268606,9614,4296,114.73,2022-01-02 17:00:00
1148580,9972,7961,299.26,2022-01-08 05:00:00
676053,697,198,108.47,2022-01-05 06:00:00
563932,3849,9906,14.09,2022-01-04 13:00:00
1234410,836,5731,363.23,2022-01-08 18:00:00
614668,1641,9811,163.35,2022-01-04 21:00:00
548343,9737,8818,181.52,2022-01-04 11:00:00
1279816,9077,6721,7.99,2022-01-09 01:00:00
1153025,7545,3208,525.72,2022-01-08 06:00:00
592501,8200,9645,3.88,2022-01-04 18:00:00
135755,7168,6058,8.9,2022-01-01 21:00:00
939430,8692,1300,108.27,2022-01-06 22:00:00
773105,9145,5471,8.23,2022-01-05 21:00:00
959934,6799,9597,160.72,2022-01-07 01:00:00
629299,9171,9353,7.91,2022-01-04 23:00:00
961900,5173,9849,16.94,2022-01-07 01:00:00
1268818,2596,3614,530.91,2022-01-08 23:00:00
116483,6776,4511,149.41,2022-01-01 18:00:00
849995,3268,8299,3.64,2022-01-06 08:00:00
887731,559,9557,483.45,2022-01-06 14:00:00
909872,6705,5000,181.52,2022-01-06 17:00:00
62206,590,9487,509.04,2022-01-01 10:00:00
929745,6685,7834,180.66,2022-01-06 20:00:00
182683,2002,8875,19.94,2022-01-02 04:00:00
1055010,2499,8794,430.86,2022-01-07 15:00:00
1141129,2027,9988,27.61,2022-01-08 04:00:00
752268,9998,9188,323.79,2022-01-05 18:00:00
784558,8894,7071,15.31,2022-01-05 23:00:00
213495,9740,3264,115.29,2022-01-02 09:00:00
1069292,5116,3873,19.35,2022-01-07 17:00:00
992456,9110,6611,7.35,2022-01-07 06:00:00
1262517,1717,825,138.41,2022-01-08 22:00:00
630749,6040,4770,18.9,2022-01-05 00:00:00
446486,9670,2970,142.78,2022-01-03 20:00:00
1159560,7061,8168,17.75,2022-01-08 07:00:00
687663,4659,9838,157.27,2022-01-05 08:00:00
1067404,5546,5441,584.23,2022-01-07 17:00:00
557712,7677,5300,101.44,2022-01-04 12:00:00
766695,7850,9890,15.0,2022-01-05 20:00:00
674282,6550,286,487.29,2022-01-05 06:00:00
546608,713,9715,195.47,2022-01-04 11:00:00
503219,4589,7430,580.13,2022-01-04 04:00:00
679626,3482,2424,535.53,2022-01-05 07:00:00
1215496,2752,2474,106.91,2022-01-08 15:00:00
656914,2131,6040,27.4,2022-01-05 03:00:00
1069545,6443,7650,529.44,2022-01-07 17:00:00
654637,6769,382,129.08,2022-01-05 03:00:00
1281981,3339,2760,6354746.5,2022-01-09 01:00:00
220912,7477,9197,4.54,2022-01-02 10:00:00
838207,9029,1708,6.46,2022-01-06 07:00:00
1073943,9043,9865,8.65,2022-01-07 18:00:00
62896,9850,3066,17.04,2022-01-01 10:00:00
194447,8647,6531,197.05,2022-01-02 06:00:00
379524,1592,3603,467.11,2022-01-03 09:00:00
317995,1245,7670,132021.92,2022-01-03 00:00:00
264354,9674,9899,134.86,2022-01-02 16:00:00
438647,9990,9871,16.36,2022-01-03 18:00:00
47852,2108,7985,30.54,2022-01-01 08:00:00
900459,3566,9623,486.73,2022-01-06 16:00:00
1319795,2651,9538,142.55,2022-01-09 07:00:00
1318765,733,6143,110.23,2022-01-09 07:00:00
639461,3592,2416,465.54,2022-01-05 01:00:00
1148081,9004,9582,7.32,2022-01-08 05:00:00
89564,8013,9635,11.26,2022-01-01 14:00:00
1206526,6468,5041,576.52,2022-01-08 14:00:00
216474,1548,9950,439.54,2022-01-02 09:00:00
1007463,1747,7282,154.19,2022-01-07 08:00:00
947134,6790,1791,180.61,2022-01-06 23:00:00
716506,4422,2534,547.94,2022-01-05 12:00:00
307261,8520,6031,598.32,2022-01-02 23:00:00
645727,9602,7900,149.35,2022-01-05 02:00:00
700012,2743,9041,144.08,2022-01-05 10:00:00
14730,9665,9955,151.64,2022-01-01 02:00:00
870765,144,5912,39.97,2022-01-06 11:00:00
877044,4534,9499,597.84,2022-01-06 12:00:00
824750,2707,9500,176.96,2022-01-06 05:00:00
676365,3085,7320,4.09,2022-01-05 06:00:00
719150,5130,6604,18.28,2022-01-05 13:00:00
1230650,4231,7202,3.68,2022-01-08 18:00:00
111968,9430,6374,509.82,2022-01-01 17:00:00
592187,5077,9270,12.19,2022-01-04 18:00:00
1174230,469,9961,580.21,2022-01-08 09:00:00
582940,2355,7072,381814.21,2022-01-04 16:00:00
1248977,9554,7187,598.6,2022-01-08 20:00:00
543227,2552,3280,522.26,2022-01-04 10:00:00
154773,3609,8572,159.33,2022-01-02 00:00:00
680999,9495,6394,553.77,2022-01-05 07:00:00
1103439,8013,3384,11.26,2022-01-07 23:00:00
1097390,7157,5978,9.51,2022-01-07 22:00:00
665802,6470,6189,4.2,2022-01-05 05:00:00
1130430,7082,8582,14.28,2022-01-08 03:00:00
408818,6774,9613,110.12,2022-01-03 14:00:00
13434,7788,6810,130.88,2022-01-01 02:00:00
372515,3148,7284,16.2,2022-01-03 08:00:00
274804,7093,5869,11.33,2022-01-02 18:00:00
634232,4165,8677,14.22,2022-01-05 00:00:00
352635,2012,361,17.56,2022-01-03 05:00:00
354318,4691,9684,127.98,2022-01-03 06:00:00
1182234,9058,2817,8.23,2022-01-08 10:00:00
436440,8964,5315,15.32,2022-01-03 18:00:00
762922,1573,8442,538.46,2022-01-05 19:00:00
1001716,9998,7126,14.77,2022-01-07 07:00:00
1043461,5765,5465,125.98,2022-01-07 13:00:00
250061,9839,9570,3.34,2022-01-02 14:00:00
1317852,9446,790,11.64,2022-01-09 07:00:00
972518,2530,4583,595.83,2022-01-07 03:00:00
1216610,9646,4888,188.13,2022-01-08 15:00:00
910030,1993,9981,316.42,2022-01-06 17:00:00
612537,3548,2886,458.76,2022-01-04 21:00:00
935303,7721,9924,133.82,2022-01-06 21:00:00
826881,7130,7579,14.48,2022-01-06 05:00:00
167255,4793,2250,134.46,2022-01-02 02:00:00
790124,8238,8260,3.6,2022-01-05 23:00:00
923176,7735,9968,140.6,2022-01-06 19:00:00
541588,7165,4881,12.42,2022-01-04 10:00:00
984654,2447,2019,484.76,2022-01-07 05:00:00
934927,5414,5472,583.02,2022-01-06 21:00:00
625529,5653,823,160.08,2022-01-04 23:00:00
60618,2639,5678,156.07,2022-01-01 09:00:00
120379,3635,9963,159.82,2022-01-01 18:00:00
72498,7847,1616,2.99,2022-01-01 11:00:00
78626,2016,9556,32.18,2022-01-01 12:00:00
88236,1463,3638,586.25,2022-01-01 14:00:00
742731,9741,9840,118.93,2022-01-05 16:00:00
94792,5485,9640,445.55,2022-01-01 15:00:00
766422,9786,468,101.3,2022-01-05 20:00:00
1061737,4755,6763,176.75,2022-01-07 16:00:00
589765,8625,4213,109.44,2022-01-04 17:00:00
794600,9608,7328,133.19,2022-01-06 00:00:00
663398,5722,9992,196.03,2022-01-05 04:00:00
777172,4507,497,531.15,2022-01-05 21:00:00
1264024,7669,5149,153.08,2022-01-08 23:00:00
526415,1472,333,444.92,2022-01-04 08:00:00
895135,1527,9843,578.2,2022-01-06 15:00:00
853058,636,6615,169.69,2022-01-06 09:00:00
1227073,768,1869,144.05,2022-01-08 17:00:00
477311,3175,8058,18.82,2022-01-04 00:00:00
356990,6522,4927,556.13,2022-01-03 06:00:00
461864,9631,3033,4.14,2022-01-03 22:00:00
473128,5161,1418,18.61,2022-01-04 00:00:00
730164,9775,7527,147.67,2022-01-05 14:00:00
277886,9751,4396,128.78,2022-01-02 18:00:00
390387,4081,7561,17.8,2022-01-03 11:00:00
293863,8460,8299,502.25,2022-01-02 21:00:00
679168,9631,8970,137.3,2022-01-05 07:00:00
93382,3608,2347,11.75,2022-01-01 14:00:00
290615,2588,8689,516.82,2022-01-02 20:00:00
495390,7542,3170,554.0,2022-01-04 03:00:00
354602,9776,7822,114.16,2022-01-03 06:00:00
2654,4752,8590,135.77,2022-01-01 00:00:00
208426,6150,4461,19.44,2022-01-02 08:00:00
657221,8643,1755,160.52,2022-01-05 03:00:00
1321284,3143,9596,23.94,2022-01-09 07:00:00
946418,8583,8107,3.79,2022-01-06 23:00:00
1254878,1451,3849,562.36,2022-01-08 21:00:00
39083,4735,7624,128.22,2022-01-01 06:00:00
531547,4445,2976,509.22,2022-01-04 08:00:00
1254989,9752,8728,115.98,2022-01-08 21:00:00
1270184,8535,4293,534.82,2022-01-09 00:00:00
50413,3150,4763,19.34,2022-01-01 08:00:00
436033,7611,7794,186.36,2022-01-03 18:00:00
864344,9752,9985,12.75,2022-01-06 10:00:00
1210131,9631,2629,137.3,2022-01-08 15:00:00
1012104,9981,9865,10.36,2022-01-07 09:00:00
498627,8181,3815,8.31,2022-01-04 03:00:00
1115282,1758,1004,141.77,2022-01-08 00:00:00
272261,9990,2427,209.22,2022-01-02 17:00:00
143231,8702,4791,123.54,2022-01-01 22:00:00
504085,8683,1931,198.67,2022-01-04 04:00:00
362915,9446,5580,494.39,2022-01-03 07:00:00
1129575,9658,6134,168.52,2022-01-08 02:00:00
156732,9507,113,2.94,2022-01-02 00:00:00
544986,9816,4294,264.82,2022-01-04 10:00:00
134138,9791,9838,112.93,2022-01-01 21:00:00
949842,5778,9998,149.35,2022-01-06 23:00:00
727858,9608,9531,133.19,2022-01-05 14:00:00
574887,7122,2268,12.33,2022-01-04 15:00:00
917529,7118,6400,11.46,2022-01-06 19:00:00
881807,168,7430,52.02,2022-01-06 13:00:00
588168,9283,9854,67142.78,2022-01-04 17:00:00
1136295,6592,4282,500.47,2022-01-08 03:00:00
11414,5620,9974,191.83,2022-01-01 02:00:00
1000149,4437,9971,436.92,2022-01-07 07:00:00
702070,6017,9538,18.45,2022-01-05 10:00:00
813942,7767,2223,122.87,2022-01-06 03:00:00
2044,8690,9985,138.89,2022-01-01 00:00:00
979090,7110,6770,10.5,2022-01-07 04:00:00
997703,9980,9615,10.94,2022-01-07 07:00:00
793792,1422,6274,512.98,2022-01-06 00:00:00
559021,2593,9992,589.91,2022-01-04 13:00:00
316122,3754,3844,159.47,2022-01-03 00:00:00
402232,9791,9959,112.93,2022-01-03 13:00:00
928028,1507,1091,468.79,2022-01-06 20:00:00
439431,660,1550,168.63,2022-01-03 18:00:00
539678,9993,8654,225.91,2022-01-04 10:00:00
486577,8752,9665,172.69,2022-01-04 02:00:00
836101,7951,1692,3.3,2022-01-06 06:00:00
24051,1745,2296,118.94,2022-01-01 04:00:00
425190,4662,8262,175.24,2022-01-03 16:00:00
1033820,2120,6817,22.19,2022-01-07 12:00:00
979536,3581,7495,458.94,2022-01-07 04:00:00
450507,4703,8411,195.64,2022-01-03 20:00:00
119394,7654,9425,127.73,2022-01-01 18:00:00
409978,1527,9843,578.2,2022-01-03 14:00:00
427225,5689,5081,171.55,2022-01-03 17:00:00
506965,6000,9995,11.36,2022-01-04 05:00:00
73357,6187,7222,18.27,2022-01-01 11:00:00
815655,3494,6562,465.98,2022-01-06 03:00:00
327948,6414,2888,460.83,2022-01-03 02:00:00
977,1173,9858,23.86,2022-01-01 00:00:00
282376,6403,77,576.52,2022-01-02 19:00:00
602042,9179,9710,7.65,2022-01-04 19:00:00
1245324,1494,9266,494.19,2022-01-08 20:00:00
75670,3100,6673,20.91,2022-01-01 12:00:00
423918,687,9292,138.88,2022-01-03 16:00:00
1200451,9030,8359,5.72,2022-01-08 13:00:00
298146,7827,9796,315.45,2022-01-02 21:00:00
1046288,1451,3849,562.36,2022-01-07 14:00:00
855274,5090,9480,12.8,2022-01-06 09:00:00
522162,8729,9891,143.67,2022-01-04 07:00:00
695335,170,8085,58.05,2022-01-05 09:00:00
647579,6418,1600,469.42,2022-01-05 02:00:00
384703,6428,5661,450.69,2022-01-03 10:00:00
206994,4674,9205,176.19,2022-01-02 08:00:00
254558,6653,2852,127.65,2022-01-02 15:00:00
1300878,4874,7064,4.29,2022-01-09 04:00:00
131752,8540,8189,429.95,2022-01-01 20:00:00
979238,4750,9921,104.63,2022-01-07 04:00:00
563600,3686,6683,130.82,2022-01-04 13:00:00
207539,9091,7552,7.27,2022-01-02 08:00:00
1160868,9533,6611,19.54,2022-01-08 07:00:00
325782,9499,9883,434.76,2022-01-03 01:00:00
504387,9668,4821,103.16,2022-01-04 04:00:00
334797,7727,7288,178.11,2022-01-03 03:00:00
353398,3101,8781,23.76,2022-01-03 05:00:00
316563,8720,9279,127.76,2022-01-03 00:00:00
729671,7779,3747,166.11,2022-01-05 14:00:00
1294067,7009,5006,12.73,2022-01-09 03:00:00
1322020,6969,9529,3.86,2022-01-09 07:00:00
955355,9772,9969,176.72,2022-01-07 00:00:00
983130,9670,3906,142.78,2022-01-07 04:00:00
218227,8688,7604,142.24,2022-01-02 09:00:00
615688,2591,9103,490.57,2022-01-04 21:00:00
957483,4587,7780,401.04,2022-01-07 01:00:00
558829,5089,9955,18.18,2022-01-04 13:00:00
938439,4449,2504,533.19,2022-01-06 22:00:00
104650,1351,6928,2.87,2022-01-01 16:00:00
795886,9006,7772,7.91,2022-01-06 00:00:00
999326,9145,8144,8.23,2022-01-07 07:00:00
486247,464,9433,557.9,2022-01-04 01:00:00
896993,3600,7288,176.57,2022-01-06 16:00:00
883615,9983,9701,3.62,2022-01-06 13:00:00
1243394,7586,9531,572.32,2022-01-08 20:00:00
366672,4039,9648,19.47,2022-01-03 08:00:00
1166267,6666,9942,103.8,2022-01-08 08:00:00
640162,4651,9986,12.56,2022-01-05 01:00:00
648725,3086,8965,26.63,2022-01-05 02:00:00
767325,6528,8498,480.42,2022-01-05 20:00:00
173569,9058,9200,8.23,2022-01-02 03:00:00
539598,3064,6292,19.02,2022-01-04 10:00:00
659624,9496,2785,4.32,2022-01-05 04:00:00
159532,5756,8662,189.11,2022-01-02 00:00:00
891057,9735,6714,113.13,2022-01-06 15:00:00
1199792,2620,7868,110.7,2022-01-08 13:00:00
853841,9655,9600,107.23,2022-01-06 09:00:00
446151,7503,7197,530.95,2022-01-03 20:00:00
145415,3419,6034,487.57,2022-01-01 22:00:00
1270181,1506,3449,489.2,2022-01-09 00:00:00
251912,9402,9966,14.31,2022-01-02 14:00:00
537851,9160,5138,6.5,2022-01-04 09:00:00
975277,9784,9779,168.92,2022-01-07 03:00:00
958613,9038,8949,6.83,2022-01-07 01:00:00
976585,2531,1107,542.15,2022-01-07 03:00:00
30023,7410,1634,422.55,2022-01-01 05:00:00
446135,4486,642,551.95,2022-01-03 19:00:00
869409,8782,4471,145.96,2022-01-06 11:00:00
1080502,2484,1107,432.48,2022-01-07 19:00:00
1002803,2189,7605,21.46,2022-01-07 07:00:00
1050376,8455,9862,448.39,2022-01-07 15:00:00
1119994,9758,6193,183.74,2022-01-08 01:00:00
267314,9027,5263,4.82,2022-01-02 17:00:00
546768,2429,8561,446.01,2022-01-04 11:00:00
994043,9674,9806,134.86,2022-01-07 06:00:00
1204703,3627,2356,165.17,2022-01-08 14:00:00
796662,9625,9967,199.88,2022-01-06 00:00:00
520001,9771,4843,189.02,2022-01-04 07:00:00
1026571,2482,9433,540.53,2022-01-07 11:00:00
975897,3798,6627,147.67,2022-01-07 03:00:00
131364,7659,6523,142.58,2022-01-01 20:00:00
782879,9982,9621,383.22,2022-01-05 22:00:00
82354,5608,6259,118.68,2022-01-01 13:00:00
247367,5989,9454,12.6,2022-01-02 14:00:00
448048,4458,9630,543.86,2022-01-03 20:00:00
275632,2781,9974,182.89,2022-01-02 18:00:00
273585,258,9928,16.7,2022-01-02 18:00:00
57571,4183,5457,20.03,2022-01-01 09:00:00
849898,5704,9984,140.13,2022-01-06 08:00:00
475232,9402,9201,461.73,2022-01-04 00:00:00
248925,1039,9155,32.28,2022-01-02 14:00:00
100066,6166,9993,15.85,2022-01-01 15:00:00
894055,3402,7583,564.65,2022-01-06 15:00:00
352951,4771,9935,171.24,2022-01-03 05:00:00
687785,166,9941,61.25,2022-01-05 08:00:00
89298,2607,8138,100.01,2022-01-01 14:00:00
574369,5531,6870,482.51,2022-01-04 15:00:00
564123,9211,8273,63730.01,2022-01-04 13:00:00
434360,3693,9782,183.52,2022-01-03 18:00:00
488710,9776,314,114.16,2022-01-04 02:00:00
1285590,8378,91,11.64,2022-01-09 02:00:00
809092,9793,9921,177.08,2022-01-06 02:00:00
1206348,9640,9075,184.66,2022-01-08 14:00:00
50741,4464,9850,17.04,2022-01-01 08:00:00
616736,5752,8843,153.91,2022-01-04 21:00:00
1238742,5095,3203,12.9,2022-01-08 19:00:00
1123355,1122,9102,18.5,2022-01-08 02:00:00
354504,7052,9829,13.0,2022-01-03 06:00:00
877850,9647,4623,172.64,2022-01-06 12:00:00
1302911,9428,9669,16.27,2022-01-09 04:00:00
1221662,8585,2886,4.96,2022-01-08 16:00:00
1165676,9090,4981,6.0,2022-01-08 08:00:00
1262805,2831,1789,339.75,2022-01-08 22:00:00
1259289,9489,2886,4.96,2022-01-08 22:00:00
67700,7717,1953,134.35,2022-01-01 11:00:00
1180296,9639,9452,190.83,2022-01-08 10:00:00
281600,1015,8653,32.09,2022-01-02 19:00:00
1292026,8682,7285,153.53,2022-01-09 03:00:00
1271990,6048,8823,15.61,2022-01-09 00:00:00
164549,9779,9904,168.61,2022-01-02 01:00:00
636463,1197,4854,22.46,2022-01-05 00:00:00
1056265,7035,6629,15.81,2022-01-07 15:00:00
325132,9698,8443,126.26,2022-01-03 01:00:00
158609,2754,9912,16.45,2022-01-02 00:00:00
518102,5791,9505,161.94,2022-01-04 06:00:00
1163498,9504,4052,430.72,2022-01-08 08:00:00
1283704,9798,4955,144.36,2022-01-09 01:00:00
364684,6695,1920,193.97,2022-01-03 07:00:00
677169,5768,7957,139.24,2022-01-05 06:00:00
985792,7305,189,3.14,2022-01-07 05:00:00
434899,6413,8387,576.66,2022-01-03 18:00:00
226954,9692,7355,143.27,2022-01-02 11:00:00
323649,9106,7517,2.66,2022-01-03 01:00:00
616591,9590,1300,11.25,2022-01-04 21:00:00
1110318,6593,6289,595.54,2022-01-08 00:00:00
834425,1066,6509,32.69,2022-01-06 06:00:00
250538,6710,6633,119.55,2022-01-02 14:00:00
1176910,7764,3675,132.38,2022-01-08 10:00:00
151549,5414,5472,583.02,2022-01-01 23:00:00
729719,7083,9701,10.77,2022-01-05 14:00:00
939378,9935,8176,207.83,2022-01-06 22:00:00
495003,8107,4535,9.47,2022-01-04 03:00:00
1266256,6022,3864,12.25,2022-01-08 23:00:00
854618,7138,5669,13.85,2022-01-06 09:00:00
674140,4628,8765,193.3,2022-01-05 06:00:00
509740,9107,9270,9.05,2022-01-04 05:00:00
68714,7178,4398,14.51,2022-01-01 11:00:00
1129898,5125,4243,19.9,2022-01-08 02:00:00
1063378,8144,8509,8.3,2022-01-07 16:00:00
454689,5144,6012,16.44,2022-01-03 21:00:00
683394,8646,3251,157.08,2022-01-05 07:00:00
574229,8808,8163,3.55,2022-01-04 15:00:00
783698,4122,5510,13.63,2022-01-05 22:00:00
1275727,5091,7679,17.69,2022-01-09 00:00:00
439614,2446,4419,504.29,2022-01-03 18:00:00
526463,8556,6594,456.16,2022-01-04 08:00:00
861564,509,8311,534.75,2022-01-06 10:00:00
561292,9779,9305,168.61,2022-01-04 13:00:00
1196753,6013,9419,14.43,2022-01-08 13:00:00
103682,2793,9597,105.8,2022-01-01 16:00:00
641716,9634,5849,136.67,2022-01-05 01:00:00
221776,435,9323,421.05,2022-01-02 10:00:00
447669,8757,8000,112.16,2022-01-03 20:00:00
662201,4795,9973,173.33,2022-01-05 04:00:00
394500,7408,9243,500.75,2022-01-03 12:00:00
944597,3897,9982,369.82,2022-01-06 23:00:00
1190854,6691,8527,166.25,2022-01-08 12:00:00
319718,2541,9992,580.65,2022-01-03 00:00:00
1020687,1753,5478,186.3,2022-01-07 10:00:00
1023800,5622,7344,10.81,2022-01-07 10:00:00
1143180,9161,5681,8.72,2022-01-08 04:00:00
865726,8709,5430,116.66,2022-01-06 11:00:00
791697,2507,6155,556.01,2022-01-06 00:00:00
12039,5755,6254,100.0,2022-01-01 02:00:00
1184522,6785,9969,198.28,2022-01-08 11:00:00
1010299,2089,4227,31.3,2022-01-07 08:00:00
1026758,3169,1096,21.86,2022-01-07 11:00:00
49068,798,8857,165.96,2022-01-01 08:00:00
471754,8169,9824,10.41,2022-01-03 23:00:00
162246,8039,4304,13.12,2022-01-02 01:00:00
821112,8731,6032,3.71,2022-01-06 04:00:00
158490,3160,9021,23.18,2022-01-02 00:00:00
782999,5127,5394,11.82,2022-01-05 22:00:00
1045415,2534,4551,597.65,2022-01-07 14:00:00
476662,7493,8857,4.09,2022-01-04 00:00:00
365373,5095,7557,12.9,2022-01-03 07:00:00
1171654,601,5674,188.36,2022-01-08 09:00:00
631068,6575,4621,4.35,2022-01-05 00:00:00
95409,7617,7041,129.41,2022-01-01 15:00:00
164411,3788,3963,16.64,2022-01-02 01:00:00
1308231,760,9990,197.88,2022-01-09 05:00:00
8157,2733,6554,158.61,2022-01-01 01:00:00
1019332,4128,9967,24.67,2022-01-07 10:00:00
761420,4046,6955,18.7,2022-01-05 19:00:00
13299,4215,3070,2049.48,2022-01-01 02:00:00
76171,9619,6595,166.1,2022-01-01 12:00:00
1032852,8526,7792,414.32,2022-01-07 12:00:00
814302,1024,8473,31.09,2022-01-06 03:00:00
368866,8123,2456,7.15,2022-01-03 08:00:00
121944,8016,7764,9.11,2022-01-01 19:00:00
1217572,9163,6908,6.65,2022-01-08 16:00:00
1060295,3407,4012,507.14,2022-01-07 16:00:00
30251,3608,9813,106.62,2022-01-01 05:00:00
681852,2529,9399,503.85,2022-01-05 07:00:00
720736,5840,7829,289.98,2022-01-05 13:00:00
864114,5184,9655,3.66,2022-01-06 10:00:00
962554,9764,5823,195.19,2022-01-07 01:00:00
1194425,5022,2304,4.65,2022-01-08 12:00:00
846504,9991,5263,365.57,2022-01-06 08:00:00
577219,8608,1600,147.5,2022-01-04 15:00:00
25270,1436,8112,436.2,2022-01-01 04:00:00
1252198,6454,2081,442.54,2022-01-08 21:00:00
748843,6616,8554,132.03,2022-01-05 17:00:00
3477,2621,2545,172.47,2022-01-01 00:00:00
930072,7444,7571,505.61,2022-01-06 20:00:00
175145,8715,8444,150.44,2022-01-02 03:00:00
640371,8101,7827,9.32,2022-01-05 01:00:00
995291,5190,5756,15.32,2022-01-07 06:00:00
382955,3176,5316,25.65,2022-01-03 10:00:00
1111399,8115,2218,10.51,2022-01-08 00:00:00
1127157,9159,9467,9.33,2022-01-08 02:00:00
348253,9995,8898,394.35,2022-01-03 05:00:00
333791,1820,5133,10.69,2022-01-03 03:00:00
999910,6674,9183,4.74,2022-01-07 07:00:00
198125,5953,6252,272.35,2022-01-02 06:00:00
1101585,3478,9026,503.76,2022-01-07 22:00:00
891493,2746,9007,133.13,2022-01-06 15:00:00
426991,5627,7860,115.33,2022-01-03 17:00:00
166138,8724,4333,133.14,2022-01-02 01:00:00
1223110,2540,2536,529.46,2022-01-08 17:00:00
893262,3405,1646,415.36,2022-01-06 15:00:00
1004325,9979,914,13.15,2022-01-07 08:00:00
368327,1672,1902,184.6,2022-01-03 08:00:00
630780,9613,8043,141.46,2022-01-05 00:00:00
754486,7506,4945,3.87,2022-01-05 18:00:00
554768,7192,7731,15.97,2022-01-04 12:00:00
189007,1498,5460,486.38,2022-01-02 05:00:00
251446,1461,8451,498.07,2022-01-02 14:00:00
543284,6742,9984,124.59,2022-01-04 10:00:00
1136662,163,4741,50.28,2022-01-08 03:00:00
890322,7036,3673,9.89,2022-01-06 14:00:00
865500,7400,8046,475.38,2022-01-06 11:00:00
681659,9609,8103,177.6,2022-01-05 07:00:00
619714,2556,4492,401.5,2022-01-04 22:00:00
119603,430,9971,494.17,2022-01-01 18:00:00
316792,8138,9627,14.01,2022-01-03 00:00:00
330870,7616,9577,166.69,2022-01-03 02:00:00
14433,8706,8565,181.8,2022-01-01 02:00:00
1311759,2142,9689,22.53,2022-01-09 06:00:00
476045,2378,7909,137752.26,2022-01-04 00:00:00
62392,7162,7431,12.55,2022-01-01 10:00:00
291065,9686,9723,128.75,2022-01-02 20:00:00
665037,7727,9892,178.11,2022-01-05 05:00:00
259275,2128,2596,23.76,2022-01-02 15:00:00
1144129,7411,8024,442.01,2022-01-08 05:00:00
188284,7495,9124,514.57,2022-01-02 05:00:00
311130,9725,3004,135.53,2022-01-02 23:00:00
1231902,463,9942,491.08,2022-01-08 18:00:00
974805,3452,352,519.4,2022-01-07 03:00:00
1225235,3131,9986,26.7,2022-01-08 17:00:00
934073,4447,8553,560.1,2022-01-06 21:00:00
335790,2080,9992,23.32,2022-01-03 03:00:00
96136,4116,2196,20.45,2022-01-01 15:00:00
1042968,2565,6018,14.55,2022-01-07 13:00:00
396905,7006,349,15.4,2022-01-03 12:00:00
348923,8585,6364,561.1,2022-01-03 05:00:00
889342,7454,4706,579.96,2022-01-06 14:00:00
388124,8614,2734,177.89,2022-01-03 11:00:00
890891,8542,5471,408.94,2022-01-06 15:00:00
894518,7884,9781,11.1,2022-01-06 15:00:00
723434,777,9699,187.11,2022-01-05 13:00:00
919392,8442,8311,496.14,2022-01-06 19:00:00
293877,3825,7499,211.39,2022-01-02 21:00:00
787353,7379,5791,2409233.75,2022-01-05 23:00:00
377594,7513,5086,475.8,2022-01-03 09:00:00
444702,1452,2922,427.73,2022-01-03 19:00:00
1319736,8450,9994,543.11,2022-01-09 07:00:00
759990,5798,919,174.13,2022-01-05 19:00:00
1137509,9654,6085,165.25,2022-01-08 04:00:00
1144720,8745,1528,127.45,2022-01-08 05:00:00
540913,6063,9899,19.17,2022-01-04 10:00:00
1227011,8651,7981,122.02,2022-01-08 17:00:00
422997,7579,8252,15.6,2022-01-03 16:00:00
1125438,8981,9734,15.03,2022-01-08 02:00:00
926220,6101,5914,14.54,2022-01-06 20:00:00
1095726,6654,9419,103.94,2022-01-07 21:00:00
946623,5046,8854,13.55,2022-01-06 23:00:00
308466,9426,9564,473.32,2022-01-02 23:00:00
627107,5486,4493,512.08,2022-01-04 23:00:00
887347,9772,5319,176.72,2022-01-06 14:00:00
1154901,6606,9657,116.87,2022-01-08 06:00:00
899117,9724,3263,160.66,2022-01-06 16:00:00
1261718,7662,9617,124.02,2022-01-08 22:00:00
561629,2717,4362,176.14,2022-01-04 13:00:00
328032,9621,6432,168.11,2022-01-03 02:00:00
1115103,1138,7898,31.05,2022-01-08 00:00:00
664677,9649,9899,192.25,2022-01-05 05:00:00
141141,8540,8189,429.95,2022-01-01 22:00:00
19859,4491,8365,513.59,2022-01-01 03:00:00
1032193,6504,9354,438.55,2022-01-07 12:00:00
1164326,8764,8395,150.14,2022-01-08 08:00:00
1055217,9084,9053,13.63,2022-01-07 15:00:00
1260311,6509,1029,540.42,2022-01-08 22:00:00
367618,2497,3329,428.85,2022-01-03 08:00:00
476243,9799,334,138.71,2022-01-04 00:00:00
833338,5726,9974,133.61,2022-01-06 06:00:00
424424,6609,1493,109.98,2022-01-03 16:00:00
481163,7564,9972,2.69,2022-01-04 01:00:00
97980,5412,9364,517.53,2022-01-01 15:00:00
35446,8091,9946,7.81,2022-01-01 06:00:00
446072,6440,9397,532.82,2022-01-03 19:00:00
1099982,8109,3302,9.45,2022-01-07 22:00:00
841054,5428,9840,508.45,2022-01-06 07:00:00
1092695,5006,6053,13.26,2022-01-07 21:00:00
203891,2555,5594,432.05,2022-01-02 07:00:00
1012972,5048,8046,15.06,2022-01-07 09:00:00
333531,6689,4320,198.41,2022-01-03 03:00:00
566771,4793,5545,134.46,2022-01-04 14:00:00
1059233,2012,2826,17.56,2022-01-07 16:00:00
59600,8542,1089,10.27,2022-01-01 09:00:00
1024431,4532,6077,494.55,2022-01-07 11:00:00
821744,8052,8871,11.47,2022-01-06 04:00:00
695488,8408,5195,478.77,2022-01-05 09:00:00
1001335,9970,4731,10.43,2022-01-07 07:00:00
1023975,9939,9980,276.64,2022-01-07 11:00:00
707328,7670,9399,195.08,2022-01-05 11:00:00
771478,9967,8768,18.98,2022-01-05 21:00:00
805479,497,4507,415.7,2022-01-06 02:00:00
1292806,7782,155,112.3,2022-01-09 03:00:00
708173,9508,7973,4.47,2022-01-05 11:00:00
136192,9351,7696,19.62,2022-01-01 21:00:00
1071877,9118,5402,5.1,2022-01-07 18:00:00
163187,4569,6692,537.89,2022-01-02 01:00:00
673216,9465,6551,545.61,2022-01-05 06:00:00
1175118,8680,9861,139.82,2022-01-08 09:00:00
503310,3687,8513,179.38,2022-01-04 04:00:00
581803,7130,8117,14.48,2022-01-04 16:00:00
1299260,8548,6220,468.5,2022-01-09 04:00:00
903652,8716,3428,158.47,2022-01-06 16:00:00
624106,5198,8549,21.22,2022-01-04 22:00:00
530529,9632,3996,110.36,2022-01-04 08:00:00
493752,8110,8858,7.96,2022-01-04 03:00:00
1251900,1571,1921,542.96,2022-01-08 21:00:00
997255,9171,1795,7.91,2022-01-07 07:00:00
996509,1527,9843,578.2,2022-01-07 06:00:00
458591,9694,9795,105.93,2022-01-03 21:00:00
910269,3690,9877,111.87,2022-01-06 17:00:00
798872,1877,9761,249.58,2022-01-06 01:00:00
457462,9926,9741,378.51,2022-01-03 21:00:00
1175221,579,9554,492.48,2022-01-08 09:00:00
1074056,8338,7308,12118694.0,2022-01-07 18:00:00
1278827,3598,7896,501.32,2022-01-09 01:00:00
43000,9770,9985,188.38,2022-01-01 07:00:00
641849,1190,8130,36.07,2022-01-05 01:00:00
545227,1193,1617,30.04,2022-01-04 10:00:00
1027870,5758,1290,101.73,2022-01-07 11:00:00
483721,2462,3218,588.35,2022-01-04 01:00:00
547816,3584,7220,588.03,2022-01-04 11:00:00
908449,5748,2062,141.52,2022-01-06 17:00:00
9905,7721,9735,133.82,2022-01-01 01:00:00
763470,1412,7395,575.72,2022-01-05 19:00:00
849389,8720,8164,127.76,2022-01-06 08:00:00
285224,6063,3141,19.17,2022-01-02 19:00:00
647585,7483,8123,559.79,2022-01-05 02:00:00
770315,5422,5496,500.48,2022-01-05 20:00:00
659403,3626,1053,116.3,2022-01-05 04:00:00
863960,9834,9754,18.78,2022-01-06 10:00:00
125509,3480,6451,562.3,2022-01-01 19:00:00
599019,3762,8749,182.11,2022-01-04 19:00:00
1217460,5106,9337,17.53,2022-01-08 16:00:00
575097,6144,7861,17.64,2022-01-04 15:00:00
130348,5758,9685,2.73,2022-01-01 20:00:00
178737,9800,4309,3.57,2022-01-02 03:00:00
539078,6479,9653,496.86,2022-01-04 10:00:00
485134,9737,7768,181.52,2022-01-04 01:00:00
1015412,9026,9212,8.21,2022-01-07 09:00:00
561869,5141,9928,14.62,2022-01-04 13:00:00
144834,2418,366,458.0,2022-01-01 22:00:00
983778,6053,9183,4.74,2022-01-07 05:00:00
1189299,8516,9872,471.69,2022-01-08 11:00:00
1109776,2443,5619,562.22,2022-01-07 23:00:00
518169,5149,9202,12.92,2022-01-04 06:00:00
370803,9054,9947,7.91,2022-01-03 08:00:00
29030,6078,9573,12.25,2022-01-01 05:00:00
64633,9409,8432,567.46,2022-01-01 10:00:00
1316104,7060,9483,13.59,2022-01-09 06:00:00
1268782,5793,9818,189.22,2022-01-08 23:00:00
732741,80,9887,63.27,2022-01-05 15:00:00
681647,9609,3611,177.6,2022-01-05 07:00:00
139152,7160,5469,12.16,2022-01-01 21:00:00
295749,9928,9065,16.7,2022-01-02 21:00:00
1195362,669,1167,172.71,2022-01-08 12:00:00
196598,9715,7120,101.62,2022-01-02 06:00:00
627519,9119,9751,2.92,2022-01-04 23:00:00
287655,1150,3198,4.78,2022-01-02 20:00:00
918915,8168,7493,14.08,2022-01-06 19:00:00
884166,9664,7968,117.54,2022-01-06 13:00:00
1199148,9540,9487,502.23,2022-01-08 13:00:00
570357,6667,99,197.19,2022-01-04 14:00:00
771514,7488,9993,592.48,2022-01-05 21:00:00
52163,7751,9420,186.27,2022-01-01 08:00:00
664656,9649,9068,192.25,2022-01-05 05:00:00
564368,6402,4728,516.41,2022-01-04 13:00:00
786733,3414,5262,562.09,2022-01-05 23:00:00
735988,9161,9889,8.72,2022-01-05 15:00:00
1108626,4066,6472,16.08,2022-01-07 23:00:00
455070,9757,1854,4.05,2022-01-03 21:00:00
852145,9116,9089,7.53,2022-01-06 09:00:00
51984,8711,9708,4.02,2022-01-01 08:00:00
1113492,3093,8294,17.72,2022-01-08 00:00:00
1069041,1055,9806,21.55,2022-01-07 17:00:00
877606,7718,5320,162.6,2022-01-06 12:00:00
906633,4431,2644,491.89,2022-01-06 17:00:00
735485,1461,8451,498.07,2022-01-05 15:00:00
1249724,4028,9969,22.79,2022-01-08 21:00:00
521906,8529,4282,416.02,2022-01-04 07:00:00
22749,4619,7315,165.89,2022-01-01 04:00:00
10295,7565,6175,587.01,2022-01-01 02:00:00
1074182,7023,9823,10.74,2022-01-07 18:00:00
205872,2766,7969,103.79,2022-01-02 07:00:00
1227911,9021,9965,7.06,2022-01-08 17:00:00
770752,4719,9802,4.32,2022-01-05 21:00:00
88078,9723,1734,134.22,2022-01-01 14:00:00
1148897,4565,9774,596.22,2022-01-08 05:00:00
630655,6722,4675,124.05,2022-01-05 00:00:00
298261,3518,9014,479.92,2022-01-02 21:00:00
511225,1493,6609,500.04,2022-01-04 05:00:00
565986,7790,9622,184.17,2022-01-04 14:00:00
202374,5569,7818,472.66,2022-01-02 07:00:00
501358,5757,9865,193.13,2022-01-04 04:00:00
1017409,2520,7907,555.22,2022-01-07 09:00:00
322376,3440,4580,516.15,2022-01-03 01:00:00
1058549,6197,5398,10.32,2022-01-07 16:00:00
1186712,1872,3969,248.66,2022-01-08 11:00:00
194474,6242,2673,2839.42,2022-01-02 06:00:00
16999,8164,9899,9.98,2022-01-01 03:00:00
1225825,4512,1788,560.55,2022-01-08 17:00:00
1049669,416,6163,565.98,2022-01-07 14:00:00
175311,5541,4509,569.46,2022-01-02 03:00:00
702213,4229,36,402015.93,2022-01-05 10:00:00
3467,1021,9965,34.35,2022-01-01 00:00:00
367679,8716,9537,158.47,2022-01-03 08:00:00
1115852,4079,6131,10.56,2022-01-08 00:00:00
1117732,5118,1175,14.43,2022-01-08 01:00:00
1162393,9455,360,11.43,2022-01-08 07:00:00
146387,3799,8737,133.1,2022-01-01 22:00:00
494237,8786,4178,14.17,2022-01-04 03:00:00
363824,8082,5332,9.72,2022-01-03 07:00:00
26149,2799,7149,108.12,2022-01-01 04:00:00
679637,4222,6906,4.71,2022-01-05 07:00:00
271976,7121,4194,12.48,2022-01-02 17:00:00
438488,2469,9971,494.04,2022-01-03 18:00:00
902809,8052,7022,11.47,2022-01-06 16:00:00
228348,2791,9797,136.88,2022-01-02 11:00:00
1225612,2606,4216,167.77,2022-01-08 17:00:00
731854,7785,3624,166.61,2022-01-05 15:00:00
100627,9764,4171,195.19,2022-01-01 15:00:00
664835,9196,9099,7.32,2022-01-05 05:00:00
518916,5657,9358,179.94,2022-01-04 07:00:00
6280,9999,9530,2.74,2022-01-01 01:00:00
1174834,8404,8420,509.54,2022-01-08 09:00:00
846081,2005,4854,27.63,2022-01-06 08:00:00
1213743,3707,9977,146.08,2022-01-08 15:00:00
397813,4494,5840,4.57,2022-01-03 12:00:00
204359,4431,2644,491.89,2022-01-02 07:00:00
772850,2049,9064,26.26,2022-01-05 21:00:00
543188,3035,9809,19.38,2022-01-04 10:00:00
680080,4636,8871,167.86,2022-01-05 07:00:00
831464,445,9877,467.57,2022-01-06 06:00:00
207799,5028,9961,18.07,2022-01-02 08:00:00
1069518,4537,275,482.55,2022-01-07 17:00:00
933650,1177,2894,27.78,2022-01-06 21:00:00
1093132,9692,7355,143.27,2022-01-07 21:00:00
840001,8060,5055,11.55,2022-01-06 07:00:00
1267408,3428,9983,504.2,2022-01-08 23:00:00
468825,7485,3192,422.57,2022-01-03 23:00:00
777499,9037,8803,9.21,2022-01-05 22:00:00
720097,410,4305,481.6,2022-01-05 13:00:00
344454,5755,6430,100.0,2022-01-03 04:00:00
903487,2946,6265,399.89,2022-01-06 16:00:00
735792,5417,3924,539.21,2022-01-05 15:00:00
781964,6708,9434,165.16,2022-01-05 22:00:00
134933,1656,9818,122.4,2022-01-01 21:00:00
44964,7561,8310,440.0,2022-01-01 07:00:00
1223576,5479,9189,477.48,2022-01-08 17:00:00
1254580,9679,8715,155.69,2022-01-08 21:00:00
1185023,9698,6637,126.26,2022-01-08 11:00:00
590131,2644,9905,138.13,2022-01-04 17:00:00
621437,9206,2396,365884.03,2022-01-04 22:00:00
76973,5573,8222,455.29,2022-01-01 12:00:00
487213,8511,8634,14.17,2022-01-04 02:00:00
327420,5667,3644,193.58,2022-01-03 02:00:00
1109231,8461,9872,543.02,2022-01-07 23:00:00
563292,907,8783,227.64,2022-01-04 13:00:00
339434,5637,9464,176.36,2022-01-03 03:00:00
949566,8615,9517,104.56,2022-01-06 23:00:00
1083313,4068,9615,15.98,2022-01-07 19:00:00
313553,8609,9989,196.44,2022-01-03 00:00:00
798452,5259,8574,783923.56,2022-01-06 01:00:00
238860,8712,6210,153.69,2022-01-02 12:00:00
13928,5548,2548,432.83,2022-01-01 02:00:00
1203665,3557,7253,475.69,2022-01-08 14:00:00
650745,5425,5173,499.1,2022-01-05 03:00:00
760129,120,9088,52.53,2022-01-05 19:00:00
1213807,8078,1848,9.97,2022-01-08 15:00:00
1229461,7969,8157,360.54,2022-01-08 17:00:00
1123067,8532,9663,469.27,2022-01-08 01:00:00
99130,7427,2679,558.42,2022-01-01 15:00:00
1119120,6577,8474,494.64,2022-01-08 01:00:00
261326,6043,7884,19.25,2022-01-02 16:00:00
22903,9763,3937,105.8,2022-01-01 04:00:00
61961,501,9872,469.57,2022-01-01 10:00:00
643687,3595,870,597.29,2022-01-05 01:00:00
165707,2649,9646,17.59,2022-01-02 01:00:00
453677,7533,7950,530.8,2022-01-03 21:00:00
72432,8774,8659,165.19,2022-01-01 11:00:00
333256,8173,1211,7.25,2022-01-03 02:00:00
1123391,468,6395,497.23,2022-01-08 02:00:00
533031,1556,8323,476.39,2022-01-04 09:00:00
91698,3173,3281,23.69,2022-01-01 14:00:00
630481,8724,9631,133.14,2022-01-04 23:00:00
42243,9708,4828,161.83,2022-01-01 07:00:00
930670,4179,8514,15.77,2022-01-06 21:00:00
1049454,798,7756,165.96,2022-01-07 14:00:00
677104,9159,4004,9.33,2022-01-05 06:00:00
290969,3016,6300,19.44,2022-01-02 20:00:00
200877,9499,7284,12.6,2022-01-02 07:00:00
1178929,8613,5416,136.19,2022-01-08 10:00:00
1060198,9787,9631,190.13,2022-01-07 16:00:00
400636,9980,8015,318.45,2022-01-03 13:00:00
630221,412,1513,412.45,2022-01-04 23:00:00
850885,8018,9882,8.32,2022-01-06 09:00:00
493278,9600,3610,147.99,2022-01-04 03:00:00
1189826,4634,7607,198.0,2022-01-08 11:00:00
188950,470,1215,588.96,2022-01-02 05:00:00
912442,9670,9873,142.78,2022-01-06 18:00:00
106384,6404,9465,460.76,2022-01-01 16:00:00
1281833,7135,8006,10.48,2022-01-09 01:00:00
142720,9677,8742,149.38,2022-01-01 22:00:00
1187492,8655,6526,113.47,2022-01-08 11:00:00
865163,7596,6011,540.0,2022-01-06 11:00:00
959528,9519,7385,437.2,2022-01-07 01:00:00
1137630,8479,4480,590.44,2022-01-08 04:00:00
951406,1547,2328,548.21,2022-01-07 00:00:00
280940,8784,9597,135.19,2022-01-02 19:00:00
458711,9752,1426,115.98,2022-01-03 21:00:00
573548,9160,9281,6.5,2022-01-04 15:00:00
1191054,9625,8789,199.88,2022-01-08 12:00:00
112100,5775,6269,3.25,2022-01-01 17:00:00
988424,1735,7789,176.16,2022-01-07 05:00:00
90054,2797,9298,186.78,2022-01-01 14:00:00
613080,475,8688,563.88,2022-01-04 21:00:00
653486,7091,9903,9.46,2022-01-05 03:00:00
267922,7749,6829,108.44,2022-01-02 17:00:00
994593,6603,9999,115.98,2022-01-07 06:00:00
104347,8009,5391,13.16,2022-01-01 16:00:00
1227408,2068,5573,31.43,2022-01-08 17:00:00
230789,9600,2640,147.99,2022-01-02 11:00:00
784554,9401,8157,588.02,2022-01-05 23:00:00
271315,9032,7824,8.93,2022-01-02 17:00:00
337431,5671,9986,167.91,2022-01-03 03:00:00
423535,1230,9960,147531.98,2022-01-03 16:00:00
600465,9756,3172,137.42,2022-01-04 19:00:00
720595,3009,5352,25.46,2022-01-05 13:00:00
1068257,7727,8912,178.11,2022-01-07 17:00:00
221430,9686,9005,128.75,2022-01-02 10:00:00
443947,3503,4720,10.1,2022-01-03 19:00:00
391115,8046,7400,11.8,2022-01-03 11:00:00
476384,1876,5299,233.6,2022-01-04 00:00:00
416010,137,5310,54.89,2022-01-03 15:00:00
1280246,2446,4419,504.29,2022-01-09 01:00:00
1269593,747,8940,18.51,2022-01-08 23:00:00
407739,629,9959,140.33,2022-01-03 14:00:00
411087,9711,5618,187.85,2022-01-03 14:00:00
1309134,5719,3590,3.08,2022-01-09 05:00:00
214446,8498,7341,437.98,2022-01-02 09:00:00
806047,6619,7736,144.44,2022-01-06 02:00:00
1260289,7147,8497,10.02,2022-01-08 22:00:00
924371,4795,9712,173.33,2022-01-06 20:00:00
68501,1975,3748,3.02,2022-01-01 11:00:00
837312,4466,9752,438.57,2022-01-06 06:00:00
1255642,4199,8463,15.14,2022-01-08 21:00:00
103759,8024,9760,12.25,2022-01-01 16:00:00
43329,6559,2768,468.88,2022-01-01 07:00:00
816301,9895,6584,10.44,2022-01-06 03:00:00
99344,8752,4897,14.52,2022-01-01 15:00:00
99589,5589,5371,564.28,2022-01-01 15:00:00
306133,1445,1544,590.6,2022-01-02 22:00:00
771100,7703,6774,192.82,2022-01-05 21:00:00
336011,581,3526,496.66,2022-01-03 03:00:00
960354,9961,4273,3.32,2022-01-07 01:00:00
533114,8158,4745,8.26,2022-01-04 09:00:00
1168179,9668,3793,103.16,2022-01-08 08:00:00
197574,6498,5790,531.47,2022-01-02 06:00:00
259116,6584,9598,509.58,2022-01-02 15:00:00
1116849,5761,9007,157.07,2022-01-08 01:00:00
809798,2781,658,182.89,2022-01-06 02:00:00
1214105,7429,3705,492.36,2022-01-08 15:00:00
480984,6573,7451,450.64,2022-01-04 01:00:00
686319,174,5539,41.33,2022-01-05 08:00:00
635758,5465,8541,436.04,2022-01-05 00:00:00
892405,6539,9410,591.76,2022-01-06 15:00:00
69931,3795,9644,194.5,2022-01-01 11:00:00
1182927,6449,7660,573.2,2022-01-08 11:00:00
170864,2020,3189,15.42,2022-01-02 02:00:00
1087788,9243,9309,17108728.0,2022-01-07 20:00:00
589893,9745,5066,14.78,2022-01-04 17:00:00
903860,8608,8565,147.5,2022-01-06 17:00:00
201581,368,4037,3.46,2022-01-02 07:00:00
870921,4784,8341,164.77,2022-01-06 11:00:00
630869,7116,7084,8.36,2022-01-05 00:00:00
907649,6126,5523,10.94,2022-01-06 17:00:00
474747,6935,4819,12.39,2022-01-04 00:00:00
684573,8033,3867,10.43,2022-01-05 07:00:00
1112525,9673,7982,122.95,2022-01-08 00:00:00
1266452,8122,4866,3.97,2022-01-08 23:00:00
236389,351,6742,2642.95,2022-01-02 12:00:00
699499,5618,7377,107.38,2022-01-05 10:00:00
842130,4460,246,511.16,2022-01-06 07:00:00
354528,6651,9977,109.44,2022-01-03 06:00:00
1237782,8627,4300,121.76,2022-01-08 19:00:00
177333,1599,3109,544.67,2022-01-02 03:00:00
53333,3678,9905,135.28,2022-01-01 08:00:00
206786,6104,697,11.29,2022-01-02 08:00:00
1271787,9619,9917,166.1,2022-01-09 00:00:00
1156323,7544,9881,512.29,2022-01-08 06:00:00
51079,9485,9685,478.29,2022-01-01 08:00:00
482561,8727,6862,131.5,2022-01-04 01:00:00
329449,5788,9501,180.36,2022-01-03 02:00:00
57472,4670,3748,3.02,2022-01-01 09:00:00
12443,3178,8612,19.01,2022-01-01 02:00:00
556167,1737,9961,111.88,2022-01-04 12:00:00
1083020,5066,9908,13.36,2022-01-07 19:00:00
57447,1748,6772,133.86,2022-01-01 09:00:00
888003,8390,9527,2157791.5,2022-01-06 14:00:00
504071,9700,9485,4.7,2022-01-04 04:00:00
898184,7183,8580,13.64,2022-01-06 16:00:00
1102744,6611,8391,182.3,2022-01-07 22:00:00
852975,8067,3198,14.14,2022-01-06 09:00:00
785448,7447,7450,573.9,2022-01-05 23:00:00
622959,6712,9183,152.17,2022-01-04 22:00:00
820107,8056,3234,8.54,2022-01-06 04:00:00
527932,8531,3180,451.94,2022-01-04 08:00:00
304524,7525,7385,584.9,2022-01-02 22:00:00
905562,6044,8331,11.78,2022-01-06 17:00:00
140377,5040,9784,18.68,2022-01-01 21:00:00
550716,3527,6120,527.53,2022-01-04 11:00:00
501994,6735,5593,187.61,2022-01-04 04:00:00
207996,9456,7000,465.67,2022-01-02 08:00:00
163280,9796,6037,168.05,2022-01-02 01:00:00
123976,706,9775,128.44,2022-01-01 19:00:00
1094046,6137,9156,15.02,2022-01-07 21:00:00
773029,8675,2047,178.66,2022-01-05 21:00:00
327685,9625,1404,199.88,2022-01-03 02:00:00
743635,9595,8332,523.82,2022-01-05 16:00:00
359731,9886,2383,19.6,2022-01-03 06:00:00
861286,7926,8201,305.32,2022-01-06 10:00:00
513075,8230,7633,3.32,2022-01-04 06:00:00
446225,2188,7130,15.6,2022-01-03 20:00:00
152285,7675,9999,187.97,2022-01-01 23:00:00
795400,1132,9895,10.44,2022-01-06 00:00:00
639945,1300,9970,11.25,2022-01-05 01:00:00
1176149,6025,9748,14.46,2022-01-08 09:00:00
433769,2573,4053,462.02,2022-01-03 18:00:00
5847,5806,771,225.92,2022-01-01 01:00:00
503957,6175,7565,16.15,2022-01-04 04:00:00
733934,1514,9998,477.73,2022-01-05 15:00:00
1076499,9902,1224,3.59,2022-01-07 18:00:00
590329,6094,9437,14.21,2022-01-04 17:00:00
1177978,7046,1598,4.31,2022-01-08 10:00:00
1288873,8013,9966,11.26,2022-01-09 02:00:00
1259098,9303,9773,16.9,2022-01-08 22:00:00
1198092,9991,1567,13.14,2022-01-08 13:00:00
279407,9195,9995,7.07,2022-01-02 18:00:00
444974,7192,9352,15.97,2022-01-03 19:00:00
1054206,923,1892,4.98,2022-01-07 15:00:00
442850,422,7153,543.44,2022-01-03 19:00:00
65671,6764,951,105.75,2022-01-01 10:00:00
762307,2433,8630,403.57,2022-01-05 19:00:00
573541,9160,9388,6.5,2022-01-04 15:00:00
64636,2566,9233,434.39,2022-01-01 10:00:00
1018854,7122,9651,12.33,2022-01-07 10:00:00
291569,4503,3527,405.51,2022-01-02 20:00:00
593430,939,9620,271.16,2022-01-04 18:00:00
12780,8692,8385,108.27,2022-01-01 02:00:00
1272238,8759,4607,104.93,2022-01-09 00:00:00
139614,5226,9875,6234.91,2022-01-01 21:00:00
1062476,4166,8746,21.43,2022-01-07 16:00:00
893350,9549,9070,16.77,2022-01-06 15:00:00
548389,9798,9654,144.36,2022-01-04 11:00:00
767889,6667,6305,197.19,2022-01-05 20:00:00
1137587,7427,2679,558.42,2022-01-08 04:00:00
660373,8726,9716,116.26,2022-01-05 04:00:00
1240593,9455,8673,432.23,2022-01-08 19:00:00
74076,3565,7908,408.75,2022-01-01 11:00:00
628882,3983,6794,4.4,2022-01-04 23:00:00
261252,5011,9184,12.92,2022-01-02 16:00:00
894162,7472,8861,415.39,2022-01-06 15:00:00
1247441,1505,9499,458.26,2022-01-08 20:00:00
1009701,8087,5558,13.82,2022-01-07 08:00:00
812145,9077,2069,7.99,2022-01-06 03:00:00
44777,5604,9535,145.97,2022-01-01 07:00:00
1077827,8680,8959,13.63,2022-01-07 19:00:00
264822,1173,9960,23.86,2022-01-02 16:00:00
543181,3794,5909,126.41,2022-01-04 10:00:00
1243152,4633,4742,184.75,2022-01-08 20:00:00
188018,9676,9973,123.52,2022-01-02 05:00:00
329788,7778,8123,177.86,2022-01-03 02:00:00
287065,2083,4070,12.81,2022-01-02 20:00:00
582702,9102,7945,6.97,2022-01-04 16:00:00
72908,7699,4624,168.33,2022-01-01 11:00:00
524734,1551,4260,569.21,2022-01-04 07:00:00
1285722,9486,9487,501.98,2022-01-09 02:00:00
706864,4171,6244,15.59,2022-01-05 11:00:00
852820,9960,9864,369.89,2022-01-06 09:00:00
745539,4620,8018,104.79,2022-01-05 17:00:00
1272824,1152,9564,33.1,2022-01-09 00:00:00
66064,6748,6928,4.25,2022-01-01 10:00:00
1292635,8074,7774,11.34,2022-01-09 03:00:00
508927,576,9465,490.69,2022-01-04 05:00:00
598513,2090,9990,12.56,2022-01-04 19:00:00
807119,8657,9580,197.8,2022-01-06 02:00:00
801419,8782,9875,145.96,2022-01-06 01:00:00
1104049,6602,9542,131.77,2022-01-07 23:00:00
840973,7121,4296,12.48,2022-01-06 07:00:00
1186614,9630,9353,122.22,2022-01-08 11:00:00
973120,6587,960,494.64,2022-01-07 03:00:00
1033487,9591,8850,500.36,2022-01-07 12:00:00
79919,615,9799,130.55,2022-01-01 12:00:00
1010874,8376,8744,16.07,2022-01-07 09:00:00
70083,8154,9099,13.09,2022-01-01 11:00:00
1073336,7566,5274,588.63,2022-01-07 18:00:00
198189,1011,7565,23.14,2022-01-02 06:00:00
776499,2417,2876,567.19,2022-01-05 21:00:00
708144,7623,9552,142.61,2022-01-05 11:00:00
1027543,9008,3301,8.95,2022-01-07 11:00:00
1062510,9053,8237,8.68,2022-01-07 16:00:00
70006,8564,6154,427.48,2022-01-01 11:00:00
373309,3567,176,421.89,2022-01-03 09:00:00
1155543,9526,9564,435.35,2022-01-08 06:00:00
226316,6495,4518,507.05,2022-01-02 11:00:00
655645,9554,7187,598.6,2022-01-05 03:00:00
556896,8178,6203,7.92,2022-01-04 12:00:00
862896,4613,9770,165.82,2022-01-06 10:00:00
468873,8208,5733,94414.05,2022-01-03 23:00:00
1006424,6028,7536,16.98,2022-01-07 08:00:00
88107,4448,9993,437.7,2022-01-01 14:00:00
850017,6001,9599,10.07,2022-01-06 08:00:00
975123,3150,9760,19.34,2022-01-07 03:00:00
164223,9552,8992,535.76,2022-01-02 01:00:00
966449,4460,246,511.16,2022-01-07 02:00:00
1171944,6343,9969,19.23,2022-01-08 09:00:00
1044400,7591,8374,553.53,2022-01-07 14:00:00
786211,4013,9701,23.14,2022-01-05 23:00:00
556320,6003,1894,13.12,2022-01-04 12:00:00
1280947,1636,9992,118.31,2022-01-09 01:00:00
613878,7606,9185,130.41,2022-01-04 21:00:00
42156,2410,8792,488.1,2022-01-01 07:00:00
402265,7517,4580,401.45,2022-01-03 13:00:00
680640,6630,8519,149.75,2022-01-05 07:00:00
834259,7149,8582,8.69,2022-01-06 06:00:00
963913,5664,9880,181.69,2022-01-07 02:00:00
179646,7552,8146,584.26,2022-01-02 03:00:00
101169,5431,1788,474.2,2022-01-01 16:00:00
68327,2795,5724,104.3,2022-01-01 11:00:00
388083,6602,4769,3.36,2022-01-03 11:00:00
903184,1436,8112,436.2,2022-01-06 16:00:00
58482,2658,9784,147.28,2022-01-01 09:00:00
1169000,7163,8637,9.42,2022-01-08 08:00:00
931444,4644,9602,106.73,2022-01-06 21:00:00
752535,9716,9855,101.77,2022-01-05 18:00:00
872802,3129,7556,19.39,2022-01-06 12:00:00
157529,5649,9027,188.07,2022-01-02 00:00:00
798225,6012,7486,10.26,2022-01-06 01:00:00
537066,9106,1385,5.37,2022-01-04 09:00:00
472629,9678,4986,133.36,2022-01-03 23:00:00
1003401,1515,9873,502.7,2022-01-07 07:00:00
758395,6696,9921,124.97,2022-01-05 19:00:00
950729,1178,9900,21.04,2022-01-06 23:00:00
699243,6025,9393,14.46,2022-01-05 10:00:00
462074,5426,9179,576.23,2022-01-03 22:00:00
1044464,4909,385,363.04,2022-01-07 14:00:00
877707,6398,8277,2748746.75,2022-01-06 12:00:00
694085,9407,6395,460.72,2022-01-05 09:00:00
97433,7577,9257,507.17,2022-01-01 15:00:00
601522,8650,4752,180.63,2022-01-04 19:00:00
1041242,4089,3181,19.9,2022-01-07 13:00:00
1110846,9527,9389,572.75,2022-01-08 00:00:00
716516,4169,4056,17.24,2022-01-05 12:00:00
162846,9013,9793,9.19,2022-01-02 01:00:00
682832,1494,9266,494.19,2022-01-05 07:00:00
599431,7006,526,15.4,2022-01-04 19:00:00
628056,9738,9872,139.5,2022-01-04 23:00:00
1178714,8535,4293,534.82,2022-01-08 10:00:00
29974,1433,3748,3.02,2022-01-01 05:00:00
888591,9716,8757,101.77,2022-01-06 14:00:00
347360,9164,8423,8.84,2022-01-03 05:00:00
48830,7635,6326,3.38,2022-01-01 08:00:00
397669,7758,3342,129.41,2022-01-03 12:00:00
664011,8532,7320,3.47,2022-01-05 04:00:00
866083,9490,9762,579.54,2022-01-06 11:00:00
263087,7624,4898,141.91,2022-01-02 16:00:00
540586,645,8426,169.47,2022-01-04 10:00:00
46833,7061,6858,17.75,2022-01-01 07:00:00
296049,9131,8419,5.82,2022-01-02 21:00:00
553460,9772,7969,176.72,2022-01-04 12:00:00
1099551,9063,7628,5.42,2022-01-07 22:00:00
1112137,9913,9832,19.03,2022-01-08 00:00:00
103248,2759,4758,3.09,2022-01-01 16:00:00
516834,8067,4243,14.14,2022-01-04 06:00:00
221603,4349,5786,8644.99,2022-01-02 10:00:00
33693,1835,9696,289.76,2022-01-01 05:00:00
84093,9329,3608,11.75,2022-01-01 13:00:00
134220,9032,5668,8.93,2022-01-01 21:00:00
1279478,5153,9360,18.47,2022-01-09 01:00:00
1062200,4407,9101,455.79,2022-01-07 16:00:00
8657,2421,2514,532.85,2022-01-01 01:00:00
577127,3698,9903,165.5,2022-01-04 15:00:00
593297,9996,9980,344.98,2022-01-04 18:00:00
457991,5465,8541,436.04,2022-01-03 21:00:00
1314908,8147,6931,13.31,2022-01-09 06:00:00
962657,2540,2536,529.46,2022-01-07 01:00:00
1137222,3703,6129,131.74,2022-01-08 04:00:00
906839,3388,9974,2948727.25,2022-01-06 17:00:00
926875,9648,2328,193.36,2022-01-06 20:00:00
514439,1451,3849,562.36,2022-01-04 06:00:00
326686,1614,5681,14.0,2022-01-03 02:00:00
817748,1668,4037,135.64,2022-01-06 03:00:00
797293,6408,8721,557.15,2022-01-06 01:00:00
1023835,9615,165,177.72,2022-01-07 10:00:00
412182,9741,9617,118.93,2022-01-03 14:00:00
25234,4146,5829,15.14,2022-01-01 04:00:00
686212,8522,6088,577.21,2022-01-05 08:00:00
543567,2084,5322,31.53,2022-01-04 10:00:00
972239,9770,8820,188.38,2022-01-07 03:00:00
1118738,43,8628,62.19,2022-01-08 01:00:00
301194,3183,2235,24.83,2022-01-02 22:00:00
781093,1749,9967,4.7,2022-01-05 22:00:00
297821,9377,7859,11.52,2022-01-02 21:00:00
963411,9728,752,172.55,2022-01-07 01:00:00
1147143,2529,9455,2.98,2022-01-08 05:00:00
1164381,9635,7778,195.19,2022-01-08 08:00:00
611879,4754,9906,130.0,2022-01-04 21:00:00
327867,4496,6099,432.14,2022-01-03 02:00:00
771800,2371,7990,15.0,2022-01-05 21:00:00
774987,9681,5141,128.88,2022-01-05 21:00:00
442196,9098,7495,6.04,2022-01-03 19:00:00
961574,2081,9935,26.0,2022-01-07 01:00:00
12355,6744,9302,154.57,2022-01-01 02:00:00
1195100,9068,9645,6.65,2022-01-08 12:00:00
950747,3330,8772,1299308.87,2022-01-06 23:00:00
404155,3508,6055,482.01,2022-01-03 13:00:00
1026008,67,7824,3.08,2022-01-07 11:00:00
392474,4634,9326,198.0,2022-01-03 11:00:00
786104,1767,2863,178.19,2022-01-05 23:00:00
602366,6846,9982,399.14,2022-01-04 19:00:00
1015338,9622,6688,147.66,2022-01-07 09:00:00
193917,9569,9982,518.08,2022-01-02 06:00:00
400850,9637,2275,104.5,2022-01-03 13:00:00
1120364,3645,1647,173.47,2022-01-08 01:00:00
1013451,9659,8531,191.0,2022-01-07 09:00:00
1163836,2618,1364,140.02,2022-01-08 08:00:00
104857,9734,8440,151.13,2022-01-01 16:00:00
906878,3111,4436,10.18,2022-01-06 17:00:00
1215391,9939,7662,16.6,2022-01-08 15:00:00
733166,3401,4808,564.77,2022-01-05 15:00:00
750928,1570,8552,589.03,2022-01-05 17:00:00
657145,9178,1605,8.29,2022-01-05 03:00:00
1057889,7138,5669,13.85,2022-01-07 16:00:00
495968,6116,5352,14.27,2022-01-04 03:00:00
683132,292,5793,79060.35,2022-01-05 07:00:00
163366,8789,9927,182.41,2022-01-02 01:00:00
149361,8656,8032,4.58,2022-01-01 23:00:00
1077536,6027,9239,19.92,2022-01-07 19:00:00
1220458,8961,8992,343.48,2022-01-08 16:00:00
275032,7135,586,10.48,2022-01-02 18:00:00
523162,7672,8865,109.76,2022-01-04 07:00:00
378379,7753,4073,134.33,2022-01-03 09:00:00
1185556,9889,8800,13.68,2022-01-08 11:00:00
515219,2586,9985,569.8,2022-01-04 06:00:00
489148,467,6906,586.85,2022-01-04 02:00:00
1076583,9883,9701,14.81,2022-01-07 18:00:00
1245508,9030,5077,5.72,2022-01-08 20:00:00
945324,1458,9854,572.4,2022-01-06 23:00:00
884395,6456,9069,465.05,2022-01-06 13:00:00
504409,9668,5825,103.16,2022-01-04 04:00:00
505382,9701,8380,3.46,2022-01-04 04:00:00
975451,8544,9664,445.39,2022-01-07 03:00:00
357857,180,1241,40.84,2022-01-03 06:00:00
1282189,9950,3221,11.64,2022-01-09 01:00:00
379869,3545,9983,4.21,2022-01-03 09:00:00
137220,3143,8301,19.62,2022-01-01 21:00:00
754796,5052,816,12.28,2022-01-05 18:00:00
519035,9946,88,240.72,2022-01-04 07:00:00
1123812,7612,9998,110.73,2022-01-08 02:00:00
569255,1119,6011,17.39,2022-01-04 14:00:00
561310,9779,8322,168.61,2022-01-04 13:00:00
944934,8579,9366,440.75,2022-01-06 23:00:00
1281134,40,9993,50.05,2022-01-09 01:00:00
1250956,9707,9816,166.41,2022-01-08 21:00:00
452155,8182,7092,7.32,2022-01-03 20:00:00
871410,2699,9655,3.65,2022-01-06 12:00:00
582398,3508,6055,482.01,2022-01-04 16:00:00
961320,6524,8794,526.55,2022-01-07 01:00:00
1109769,9770,5709,188.38,2022-01-07 23:00:00
1042689,8636,1104,119.2,2022-01-07 13:00:00
489805,8037,3675,12.47,2022-01-04 02:00:00
121933,4888,2008,17.59,2022-01-01 19:00:00
348427,9409,8432,567.46,2022-01-03 05:00:00
489978,9061,9424,7.87,2022-01-04 02:00:00
187136,9051,9684,5.45,2022-01-02 05:00:00
471765,7761,8633,112.98,2022-01-03 23:00:00
529505,3569,1975,440.2,2022-01-04 08:00:00
481737,6363,4318,26566.22,2022-01-04 01:00:00
1255983,8292,412,21474836.47,2022-01-08 21:00:00
366509,8485,7022,462.51,2022-01-03 07:00:00
1035329,9635,9321,195.19,2022-01-07 12:00:00
405348,1723,5890,115.48,2022-01-03 13:00:00
189147,8183,2080,11.89,2022-01-02 05:00:00
37798,437,7495,469.32,2022-01-01 06:00:00
921961,9888,6229,219.91,2022-01-06 19:00:00
975448,9506,6097,409.72,2022-01-07 03:00:00
1274355,7179,5696,10.9,2022-01-09 00:00:00
140142,188,1180,33.36,2022-01-01 21:00:00
587911,9494,7562,563.65,2022-01-04 17:00:00
1094979,7799,9797,162.28,2022-01-07 21:00:00
805199,9124,8361,5.1,2022-01-06 02:00:00
860947,7049,8990,16.55,2022-01-06 10:00:00
181245,1694,2206,11.71,2022-01-02 04:00:00
1276770,737,9801,145.57,2022-01-09 00:00:00
284788,3444,9861,592.59,2022-01-02 19:00:00
1314749,9780,9944,164.21,2022-01-09 06:00:00
510274,4139,4780,21.91,2022-01-04 05:00:00
903142,8928,8783,345.97,2022-01-06 16:00:00
1022997,4575,2548,533.03,2022-01-07 10:00:00
1199529,6091,8763,12.98,2022-01-08 13:00:00
727487,4153,4024,16.59,2022-01-05 14:00:00
1211817,5569,7818,472.66,2022-01-08 15:00:00
3855,9775,7253,147.67,2022-01-01 00:00:00
101569,4045,9719,21.15,2022-01-01 16:00:00
528158,9460,6670,578.2,2022-01-04 08:00:00
531048,2101,9562,27.27,2022-01-04 08:00:00
347966,1092,5230,31.31,2022-01-03 05:00:00
104620,1019,5645,28.57,2022-01-01 16:00:00
1228182,4194,2669,23.24,2022-01-08 17:00:00
660423,7616,6560,166.69,2022-01-05 04:00:00
1227207,9278,8928,21474836.47,2022-01-08 17:00:00
739801,7099,9904,12.33,2022-01-05 16:00:00
312121,9982,8014,383.22,2022-01-02 23:00:00
839863,9773,1275,179.07,2022-01-06 07:00:00
975609,3737,5667,104.15,2022-01-07 03:00:00
863460,7615,9434,180.49,2022-01-06 10:00:00
744681,9015,8818,5.93,2022-01-05 17:00:00
391453,7530,5341,575.4,2022-01-03 11:00:00
764945,9696,8182,118.33,2022-01-05 20:00:00
1150807,2120,6817,22.19,2022-01-08 06:00:00
692833,9174,9943,6.45,2022-01-05 09:00:00
99194,6478,9861,585.09,2022-01-01 15:00:00
149122,5501,1478,587.47,2022-01-01 23:00:00
671976,8585,6364,561.1,2022-01-05 06:00:00
226263,9783,554,4.59,2022-01-02 11:00:00
1020858,5632,375,110.31,2022-01-07 10:00:00
686988,2550,9345,524.4,2022-01-05 08:00:00
833406,3130,4669,24.79,2022-01-06 06:00:00
1303675,9187,8117,5.49,2022-01-09 05:00:00
93770,2403,1657,520.57,2022-01-01 14:00:00
235112,7648,9617,14.39,2022-01-02 12:00:00
187617,1083,7658,29.3,2022-01-02 05:00:00
992405,749,4584,186.0,2022-01-07 06:00:00
575521,6558,2734,577.77,2022-01-04 15:00:00
315825,4491,8365,513.59,2022-01-03 00:00:00
221752,2187,3174,19.92,2022-01-02 10:00:00
153387,8146,9991,10.44,2022-01-01 23:00:00
1193697,9444,8374,448.73,2022-01-08 12:00:00
57405,9676,2495,123.52,2022-01-01 09:00:00
1142165,7788,25,130.88,2022-01-08 04:00:00
62055,8717,8191,158.0,2022-01-01 10:00:00
1270779,8166,8779,7.57,2022-01-09 00:00:00
1111444,6625,5998,2.74,2022-01-08 00:00:00
1056941,84,2061,56.84,2022-01-07 15:00:00
562332,485,9477,587.15,2022-01-04 13:00:00
166132,8724,9488,133.14,2022-01-02 01:00:00
1049269,3633,2498,143.21,2022-01-07 14:00:00
42826,783,2770,154.11,2022-01-01 07:00:00
1242060,9784,9779,168.92,2022-01-08 19:00:00
254127,9140,1085,8.37,2022-01-02 15:00:00
933985,1773,9999,196.19,2022-01-06 21:00:00
241626,4060,4114,23.41,2022-01-02 13:00:00
891732,8162,9948,16.77,2022-01-06 15:00:00
842146,5628,9669,156.52,2022-01-06 07:00:00
161904,9945,7321,338.1,2022-01-02 01:00:00
962394,7575,55,585.63,2022-01-07 01:00:00
1229274,9575,9983,555.5,2022-01-08 17:00:00
633969,9094,9179,6.08,2022-01-05 00:00:00
625127,9760,9993,101.22,2022-01-04 23:00:00
668579,9699,6748,180.38,2022-01-05 05:00:00
814395,5495,9278,598.08,2022-01-06 03:00:00
327035,564,6044,494.17,2022-01-03 02:00:00
1016407,5198,8329,21.22,2022-01-07 09:00:00
727397,6134,5369,11.59,2022-01-05 14:00:00
239070,9795,9710,146.25,2022-01-02 12:00:00
1135373,264,9873,21474836.47,2022-01-08 03:00:00
838638,9133,8167,5.15,2022-01-06 07:00:00
1125824,7134,8517,13.3,2022-01-08 02:00:00
322704,7688,1271,132.66,2022-01-03 01:00:00
840771,4133,9258,12.64,2022-01-06 07:00:00
924993,6434,6240,448.92,2022-01-06 20:00:00
872196,2469,9886,3.48,2022-01-06 12:00:00
1305811,2418,366,458.0,2022-01-09 05:00:00
513406,5130,7804,10.06,2022-01-04 06:00:00
768849,2578,9950,425.5,2022-01-05 20:00:00
755508,551,7263,484.44,2022-01-05 18:00:00
1255340,6641,2565,158.5,2022-01-08 21:00:00
1082320,4494,4790,556.89,2022-01-07 19:00:00
1160562,6091,8763,12.98,2022-01-08 07:00:00
453094,6607,9822,184.99,2022-01-03 21:00:00
970220,9601,8670,165.6,2022-01-07 03:00:00
568719,9838,6274,256.07,2022-01-04 14:00:00
628915,8129,7681,7.17,2022-01-04 23:00:00
850265,6673,5298,165.58,2022-01-06 08:00:00
462624,3741,6112,3.69,2022-01-03 22:00:00
363167,4713,5235,196.77,2022-01-03 07:00:00
877094,1766,9380,152.02,2022-01-06 12:00:00
498472,3772,8706,171.61,2022-01-04 03:00:00
170434,6647,9994,194.11,2022-01-02 02:00:00
172064,4651,9382,112.05,2022-01-02 02:00:00
1226218,4097,9725,17.33,2022-01-08 17:00:00
116939,3575,7134,510.57,2022-01-01 18:00:00
525128,3888,2029,229.94,2022-01-04 07:00:00
746918,3642,2602,151.33,2022-01-05 17:00:00
698567,3002,2228,20.76,2022-01-05 10:00:00
602060,1697,5926,107.83,2022-01-04 19:00:00
256565,1472,333,444.92,2022-01-02 15:00:00
1241996,7036,3673,9.89,2022-01-08 19:00:00
1130269,4168,9730,18.45,2022-01-08 03:00:00
955239,5230,7581,17.62,2022-01-07 00:00:00
1292023,9988,5804,2.71,2022-01-09 03:00:00
30032,681,9974,170.88,2022-01-01 05:00:00
286010,8761,8748,103.8,2022-01-02 19:00:00
184155,3460,5729,514.58,2022-01-02 04:00:00
1095974,4859,572,306.7,2022-01-07 21:00:00
1307420,8738,9902,154.41,2022-01-09 05:00:00
940382,9131,7904,5.82,2022-01-06 22:00:00
1079875,9790,5450,138.44,2022-01-07 19:00:00
761558,6485,8387,560.46,2022-01-05 19:00:00
622562,9763,7131,105.8,2022-01-04 22:00:00
1216766,7746,8345,171.88,2022-01-08 16:00:00
704681,4285,9703,267783.21,2022-01-05 11:00:00
260583,9719,6902,161.86,2022-01-02 16:00:00
595431,8040,7742,8.71,2022-01-04 18:00:00
866585,9671,9971,192.36,2022-01-06 11:00:00
500265,8769,7199,161.58,2022-01-04 04:00:00
703893,9734,4113,151.13,2022-01-05 10:00:00
536680,8722,9642,175.32,2022-01-04 09:00:00
227674,459,9617,437.82,2022-01-02 11:00:00
617804,6009,6490,16.57,2022-01-04 21:00:00
663153,4752,8590,135.77,2022-01-05 04:00:00
269954,6085,2917,10.39,2022-01-02 17:00:00
841411,8551,9311,486.92,2022-01-06 07:00:00
135286,5351,8733,3829.34,2022-01-01 21:00:00
793113,9988,3640,340.27,2022-01-06 00:00:00
710255,4863,8530,383.1,2022-01-05 11:00:00
1190304,163,5792,50.28,2022-01-08 12:00:00
1124525,5788,6699,180.36,2022-01-08 02:00:00
475207,1475,6191,501.79,2022-01-04 00:00:00
257693,4741,1615,120.75,2022-01-02 15:00:00
25460,7160,9405,12.16,2022-01-01 04:00:00
62956,9357,7044,4761.46,2022-01-01 10:00:00
642682,9725,9490,135.53,2022-01-05 01:00:00
765423,9415,9960,521.0,2022-01-05 20:00:00
431043,9977,2396,324.7,2022-01-03 17:00:00
629849,4440,9574,468.83,2022-01-04 23:00:00
151941,9642,5400,159.52,2022-01-01 23:00:00
30527,3093,2200,17.72,2022-01-01 05:00:00
332554,7147,9060,10.02,2022-01-03 02:00:00
898640,9795,9299,146.25,2022-01-06 16:00:00
999533,1495,3814,531.23,2022-01-07 07:00:00
1233554,9766,5879,108.37,2022-01-08 18:00:00
1114232,9774,8318,121.25,2022-01-08 00:00:00
445095,2736,9997,136.97,2022-01-03 19:00:00
1091106,6089,1843,15.18,2022-01-07 21:00:00
1289661,1959,9216,295.17,2022-01-09 02:00:00
442135,3518,9014,479.92,2022-01-03 19:00:00
443191,4110,9986,15.14,2022-01-03 19:00:00
651185,6171,231,16.85,2022-01-05 03:00:00
1068795,5515,7462,552.55,2022-01-07 17:00:00
4419,9606,7080,174.96,2022-01-01 00:00:00
1323189,547,5607,484.04,2022-01-09 07:00:00
1095507,1732,7764,143.41,2022-01-07 21:00:00
245539,9147,6835,6.49,2022-01-02 13:00:00
345064,3442,1789,482.51,2022-01-03 04:00:00
895256,2852,9862,225.16,2022-01-06 15:00:00
321323,3353,2315,38571.21,2022-01-03 01:00:00
352542,8745,8203,127.45,2022-01-03 05:00:00
681217,9113,8384,5.61,2022-01-05 07:00:00
647948,9709,1352,176.14,2022-01-05 02:00:00
278492,7033,5038,17.61,2022-01-02 18:00:00
1018633,75,8310,36.32,2022-01-07 10:00:00
562341,9175,7893,5.87,2022-01-04 13:00:00
750686,6416,3626,403.76,2022-01-05 17:00:00
362888,3749,9711,15.43,2022-01-03 07:00:00
883524,9948,9549,16.77,2022-01-06 13:00:00
7185,6047,8994,12.82,2022-01-01 01:00:00
970937,7138,8537,13.85,2022-01-07 03:00:00
1049725,9902,9986,353.01,2022-01-07 14:00:00
312619,5972,9841,217.17,2022-01-02 23:00:00
342067,9537,8079,552.29,2022-01-03 04:00:00
801465,594,6201,535.64,2022-01-06 01:00:00
706352,8618,8464,149.16,2022-01-05 11:00:00
750950,8175,5189,12.12,2022-01-05 17:00:00
853700,9630,5135,122.22,2022-01-06 09:00:00
563817,9085,9528,5.66,2022-01-04 13:00:00
306984,1427,9133,466.91,2022-01-02 23:00:00
836800,3620,2661,156.6,2022-01-06 06:00:00
1132706,9656,9526,179.97,2022-01-08 03:00:00
926994,7167,64,14.71,2022-01-06 20:00:00
1304849,9903,9988,4.75,2022-01-09 05:00:00
1217694,8042,9540,9.84,2022-01-08 16:00:00
379650,8649,9176,133.63,2022-01-03 09:00:00
1230508,9792,8261,103.69,2022-01-08 18:00:00
723756,6096,3736,13.11,2022-01-05 13:00:00
412488,5583,9025,502.89,2022-01-03 14:00:00
714606,717,1046,149.02,2022-01-05 12:00:00
1007085,3101,7494,23.76,2022-01-07 08:00:00
507448,560,126,545.64,2022-01-04 05:00:00
543798,9031,9440,8.34,2022-01-04 10:00:00
1059829,6631,4361,144.16,2022-01-07 16:00:00
439096,9503,9564,569.97,2022-01-03 18:00:00
1075973,1191,9993,28.24,2022-01-07 18:00:00
614981,2258,9990,254858.76,2022-01-04 21:00:00
186596,7131,4309,3.54,2022-01-02 05:00:00
303982,8612,1827,122.63,2022-01-02 22:00:00
367683,8716,4328,158.47,2022-01-03 08:00:00
647872,5147,9558,20.52,2022-01-05 02:00:00
1104166,4029,8379,18.37,2022-01-07 23:00:00
1117713,4611,8876,164.07,2022-01-08 01:00:00
1132269,2790,7929,192.58,2022-01-08 03:00:00
1017340,3016,6300,19.44,2022-01-07 09:00:00
935293,7721,4194,133.82,2022-01-06 21:00:00
588700,5657,6734,179.94,2022-01-04 17:00:00
364051,9663,929,122.91,2022-01-03 07:00:00
994242,1873,2877,311.98,2022-01-07 06:00:00
1218967,2502,4606,524.11,2022-01-08 16:00:00
35519,1043,7447,15.86,2022-01-01 06:00:00
53768,4179,9443,15.77,2022-01-01 08:00:00
1171213,8780,2332,109.8,2022-01-08 09:00:00
839095,8684,6572,102.15,2022-01-06 07:00:00
544626,8257,9109,84415.94,2022-01-04 10:00:00
1121626,2476,7796,572.16,2022-01-08 01:00:00
767799,8862,9971,358.07,2022-01-05 20:00:00
90137,8735,4511,185.41,2022-01-01 14:00:00
72981,6130,2824,13.06,2022-01-01 11:00:00
1194869,8194,3639,10.88,2022-01-08 12:00:00
884473,7701,9954,127.73,2022-01-06 13:00:00
650088,2704,6388,161.66,2022-01-05 02:00:00
286082,1746,9626,182.44,2022-01-02 19:00:00
619484,7026,8376,14.49,2022-01-04 22:00:00
407932,1531,2812,515.08,2022-01-03 14:00:00
593090,7075,9923,10.86,2022-01-04 18:00:00
829475,7043,9118,13.6,2022-01-06 05:00:00
868526,1595,9701,2.98,2022-01-06 11:00:00
454662,4634,9953,198.0,2022-01-03 21:00:00
978185,9778,3648,143.66,2022-01-07 04:00:00
1125619,9700,9490,167.86,2022-01-08 02:00:00
950133,9642,7722,159.52,2022-01-06 23:00:00
374898,8783,8445,157.83,2022-01-03 09:00:00
545904,6014,4398,18.56,2022-01-04 11:00:00
1249056,3491,9870,407.14,2022-01-08 20:00:00
411419,645,7725,169.47,2022-01-03 14:00:00
780614,9960,8378,369.89,2022-01-05 22:00:00
24966,3010,9338,26.36,2022-01-01 04:00:00
610808,1976,226,237.0,2022-01-04 20:00:00
1169169,2759,9899,198.75,2022-01-08 08:00:00
1024380,4491,8365,513.59,2022-01-07 11:00:00
750058,3128,5107,11.5,2022-01-05 17:00:00
22350,9629,4535,135.11,2022-01-01 04:00:00
1270600,8671,238,109.5,2022-01-09 00:00:00
537309,2516,9432,3.35,2022-01-04 09:00:00
1003837,9695,9948,144.41,2022-01-07 08:00:00
277201,9695,7761,144.41,2022-01-02 18:00:00
362782,6657,8184,181.97,2022-01-03 07:00:00
534989,9671,3502,192.36,2022-01-04 09:00:00
835271,8711,9708,149.61,2022-01-06 06:00:00
919534,5782,9933,122.69,2022-01-06 19:00:00
334092,5656,1424,165.5,2022-01-03 03:00:00
583018,4653,6181,118.63,2022-01-04 16:00:00
196253,4966,4293,294.07,2022-01-02 06:00:00
704271,3098,4202,17.23,2022-01-05 10:00:00
766632,6610,8428,173.63,2022-01-05 20:00:00
343039,8785,5383,141.08,2022-01-03 04:00:00
871794,639,1573,113.94,2022-01-06 12:00:00
185877,6037,9082,19.03,2022-01-02 04:00:00
993521,6524,8794,526.55,2022-01-07 06:00:00
1256170,4803,5580,202.69,2022-01-08 21:00:00
113191,6495,4518,507.05,2022-01-01 17:00:00
450093,8552,9344,571.44,2022-01-03 20:00:00
1010668,7581,5154,413.08,2022-01-07 09:00:00
296014,3753,8000,167.27,2022-01-02 21:00:00
242832,1596,8321,496.1,2022-01-02 13:00:00
929606,3622,5271,174.17,2022-01-06 20:00:00
119858,8653,9897,143.74,2022-01-01 18:00:00
1101957,9660,7806,15.27,2022-01-07 22:00:00
771485,9505,6110,527.17,2022-01-05 21:00:00
64173,704,5570,170.49,2022-01-01 10:00:00
1193674,6084,9574,12.98,2022-01-08 12:00:00
358007,2792,2328,129.46,2022-01-03 06:00:00
1182903,8182,5177,7.32,2022-01-08 10:00:00
732086,3465,3936,418.17,2022-01-05 15:00:00
368158,1481,5383,476.23,2022-01-03 08:00:00
678721,3539,2635,572.28,2022-01-05 07:00:00
121893,446,2655,424.85,2022-01-01 19:00:00
497639,4797,8526,3.06,2022-01-04 03:00:00
390118,6126,2741,10.94,2022-01-03 11:00:00
861852,9625,8878,199.88,2022-01-06 10:00:00
511584,8102,6015,8.29,2022-01-04 05:00:00
1306013,8009,4203,13.16,2022-01-09 05:00:00
318330,4462,9315,502.69,2022-01-03 00:00:00
1045311,8468,9872,576.09,2022-01-07 14:00:00
146284,3309,9115,1009.07,2022-01-01 22:00:00
1024481,8561,6175,568.03,2022-01-07 11:00:00
668614,7699,9891,168.33,2022-01-05 05:00:00
664477,8774,9217,165.19,2022-01-05 05:00:00
976472,3001,7695,25.54,2022-01-07 03:00:00
1291494,4553,2003,17.63,2022-01-09 03:00:00
557249,1053,9924,38.89,2022-01-04 12:00:00
252519,9062,560,7.36,2022-01-02 14:00:00
737357,2106,9567,21.41,2022-01-05 15:00:00
388519,5000,6777,12.7,2022-01-03 11:00:00
1195201,9929,3816,4.7,2022-01-08 12:00:00
704476,9717,8676,183.36,2022-01-05 11:00:00
637789,3689,7915,185.46,2022-01-05 01:00:00
1158490,4532,6077,494.55,2022-01-08 07:00:00
1135099,8958,4687,18.5,2022-01-08 03:00:00
65950,5403,234,540.42,2022-01-01 10:00:00
149430,6483,6818,484.54,2022-01-01 23:00:00
1153384,8752,3641,172.69,2022-01-08 06:00:00
103841,1445,1544,590.6,2022-01-01 16:00:00
846717,3757,8785,156.69,2022-01-06 08:00:00
548442,9745,7188,184.44,2022-01-04 11:00:00
371741,3791,4277,185.72,2022-01-03 08:00:00
971609,247,8331,583227.93,2022-01-07 03:00:00
201959,1376,8488,1405.45,2022-01-02 07:00:00
207071,2577,9236,555.86,2022-01-02 08:00:00
995606,7187,9866,13.55,2022-01-07 06:00:00
251032,4107,9552,21.41,2022-01-02 14:00:00
1046909,7532,8233,435.55,2022-01-07 14:00:00
948656,7696,3143,174.55,2022-01-06 23:00:00
213533,9664,5464,117.54,2022-01-02 09:00:00
57983,9466,7781,599.57,2022-01-01 09:00:00
475551,4242,9571,558070.25,2022-01-04 00:00:00
541321,7619,2678,101.52,2022-01-04 10:00:00
82905,8525,7397,426.58,2022-01-01 13:00:00
1209650,8061,9396,11.97,2022-01-08 14:00:00
339849,3087,4066,16.98,2022-01-03 03:00:00
42492,5765,5465,125.98,2022-01-01 07:00:00
853089,3731,7558,184.3,2022-01-06 09:00:00
767169,9732,4720,121.75,2022-01-05 20:00:00
1154086,3778,3579,132.91,2022-01-08 06:00:00
451541,7218,9638,81032.12,2022-01-03 20:00:00
862036,4694,8166,133.55,2022-01-06 10:00:00
79480,6498,5790,531.47,2022-01-01 12:00:00
297238,8120,8745,9.07,2022-01-02 21:00:00
349162,9737,8515,181.52,2022-01-03 05:00:00
1172483,8800,5257,13.68,2022-01-08 09:00:00
1323039,9078,1025,6.11,2022-01-09 07:00:00
1086995,8959,9084,13.63,2022-01-07 20:00:00
1291085,9600,9825,147.99,2022-01-09 03:00:00
870398,2626,7005,110.23,2022-01-06 11:00:00
1090710,3621,6821,140.42,2022-01-07 21:00:00
1093319,5062,8716,17.25,2022-01-07 21:00:00
1022779,5743,6963,165.66,2022-01-07 10:00:00
381456,520,1148,591.83,2022-01-03 10:00:00
796320,6514,9485,552.15,2022-01-06 00:00:00
172818,745,6602,120.16,2022-01-02 02:00:00
532161,5738,9851,180.19,2022-01-04 09:00:00
1080100,3031,7248,23.27,2022-01-07 19:00:00
168326,7679,9749,116.3,2022-01-02 02:00:00
96431,8600,9956,123.47,2022-01-01 15:00:00
1119614,9046,9465,8.23,2022-01-08 01:00:00
389620,9648,3954,19.47,2022-01-03 11:00:00
55161,8401,9982,566.92,2022-01-01 09:00:00
406954,7656,6899,155.5,2022-01-03 14:00:00
551411,2175,2567,20.6,2022-01-04 11:00:00
198456,2014,3746,3.55,2022-01-02 06:00:00
28636,9728,9989,172.55,2022-01-01 05:00:00
699421,3019,2069,21.92,2022-01-05 10:00:00
799786,2643,4897,163.02,2022-01-06 01:00:00
188302,2424,7954,417.73,2022-01-02 05:00:00
248083,8629,9340,159.5,2022-01-02 14:00:00
942951,8120,5078,9.07,2022-01-06 22:00:00
1166265,6666,4142,103.8,2022-01-08 08:00:00
970722,8045,9238,12.48,2022-01-07 03:00:00
1277607,5428,9840,508.45,2022-01-09 01:00:00
553571,8554,6770,518.73,2022-01-04 12:00:00
1236830,7019,4683,16.7,2022-01-08 19:00:00
1070874,4415,5196,430.7,2022-01-07 18:00:00
168562,5664,6821,181.69,2022-01-02 02:00:00
969609,2557,8300,421.39,2022-01-07 02:00:00
98657,2682,9044,155.16,2022-01-01 15:00:00
787029,8656,9910,176.1,2022-01-05 23:00:00
588138,1544,484,520.92,2022-01-04 17:00:00
705962,9777,4645,133.52,2022-01-05 11:00:00
1201386,7185,6180,16.04,2022-01-08 13:00:00
708758,2101,4900,27.27,2022-01-05 11:00:00
772901,2081,9645,26.0,2022-01-05 21:00:00
94400,4789,8979,169.47,2022-01-01 14:00:00
203332,6095,9819,18.11,2022-01-02 07:00:00
586444,7076,3519,16.59,2022-01-04 17:00:00
137351,9614,8137,114.73,2022-01-01 21:00:00
1033977,7024,8510,17.36,2022-01-07 12:00:00
1013820,8517,5272,490.95,2022-01-07 09:00:00
861032,3426,9111,498.51,2022-01-06 10:00:00
963521,8737,7567,104.93,2022-01-07 02:00:00
1101473,7408,9243,500.75,2022-01-07 22:00:00
1042038,8622,9046,112.36,2022-01-07 13:00:00
876733,9710,6011,133.83,2022-01-06 12:00:00
715233,5791,9731,161.94,2022-01-05 12:00:00
267550,2136,9473,19.26,2022-01-02 17:00:00
25946,8037,9787,12.47,2022-01-01 04:00:00
933347,8642,5736,147.82,2022-01-06 21:00:00
1110606,4633,4872,184.75,2022-01-08 00:00:00
902805,746,3440,167.27,2022-01-06 16:00:00
352405,1444,9441,478.64,2022-01-03 05:00:00
961371,9685,9485,188.24,2022-01-07 01:00:00
1156054,9568,22,465.02,2022-01-08 06:00:00
306996,4599,3715,519.39,2022-01-02 23:00:00
802025,9441,8112,403.39,2022-01-06 01:00:00
232242,8074,9947,11.34,2022-01-02 11:00:00
888954,9402,9201,461.73,2022-01-06 14:00:00
682196,7668,5587,108.41,2022-01-05 07:00:00
255350,1767,2863,178.19,2022-01-02 15:00:00
142434,2405,5042,469.07,2022-01-01 22:00:00
983090,6427,8264,4.34,2022-01-07 04:00:00
1156322,1419,9399,426.85,2022-01-08 06:00:00
620714,9073,8370,5.35,2022-01-04 22:00:00
102958,2742,6467,143.91,2022-01-01 16:00:00
397408,7013,9865,15.72,2022-01-03 12:00:00
190323,8797,9892,111.76,2022-01-02 05:00:00
130346,9872,113,2.94,2022-01-01 20:00:00
810800,9701,5663,163.08,2022-01-06 02:00:00
466253,3593,6361,577.84,2022-01-03 23:00:00
1231405,7301,6343,18.61,2022-01-08 18:00:00
630497,8405,7752,511.67,2022-01-04 23:00:00
1187952,9687,6707,159.92,2022-01-08 11:00:00
1060439,7051,8141,17.07,2022-01-07 16:00:00
817529,3195,8267,25.11,2022-01-06 03:00:00
1297824,7429,3705,492.36,2022-01-09 04:00:00
758805,6181,7194,12.82,2022-01-05 19:00:00
1233269,8508,7574,545.48,2022-01-08 18:00:00
287474,2430,9871,427.22,2022-01-02 20:00:00
951718,3464,4173,408.75,2022-01-07 00:00:00
930284,682,7903,152.41,2022-01-06 20:00:00
1050170,7401,2954,506.92,2022-01-07 14:00:00
1204444,5914,9939,16.6,2022-01-08 14:00:00
690433,8186,2370,12.64,2022-01-05 08:00:00
319513,1423,4613,16.29,2022-01-03 00:00:00
1158000,8623,8627,174.16,2022-01-08 07:00:00
13012,7602,6982,125.54,2022-01-01 02:00:00
1230653,1426,498,3.05,2022-01-08 18:00:00
743445,2533,9851,531.15,2022-01-05 16:00:00
182004,3547,7154,474.22,2022-01-02 04:00:00
1238312,8580,8365,511.44,2022-01-08 19:00:00
920751,6293,3049,3914106.0,2022-01-06 19:00:00
244021,1142,9745,20.67,2022-01-02 13:00:00
813273,8686,9616,122.06,2022-01-06 03:00:00
628713,6137,5088,15.02,2022-01-04 23:00:00
704489,9717,9496,183.36,2022-01-05 11:00:00
988501,9980,4273,3.51,2022-01-07 05:00:00
201727,4486,642,551.95,2022-01-02 07:00:00
113433,9601,9268,165.6,2022-01-01 17:00:00
274661,7619,3745,101.52,2022-01-02 18:00:00
1020813,2602,9480,160.08,2022-01-07 10:00:00
1299370,6402,4728,516.41,2022-01-09 04:00:00
1158261,6611,1047,19.54,2022-01-08 07:00:00
1064007,6664,9625,195.99,2022-01-07 17:00:00
870842,7395,2843,2522167.25,2022-01-06 11:00:00
664707,3081,6868,15.95,2022-01-05 05:00:00
1053975,3776,7785,184.11,2022-01-07 15:00:00
779820,9487,9540,486.92,2022-01-05 22:00:00
1304405,9708,5887,161.83,2022-01-09 05:00:00
670247,537,8368,463.17,2022-01-05 05:00:00
1186868,9752,9662,115.98,2022-01-08 11:00:00
747530,8654,8302,152.27,2022-01-05 17:00:00
1070652,79,9263,61.41,2022-01-07 18:00:00
964867,6164,8347,12.9,2022-01-07 02:00:00
200508,9713,4681,178.52,2022-01-02 07:00:00
1153183,8476,5196,532.05,2022-01-08 06:00:00
424243,9523,9289,481.82,2022-01-03 16:00:00
162623,6752,9944,135.89,2022-01-02 01:00:00
158769,9824,7697,15.42,2022-01-02 00:00:00
896014,9048,9555,6.22,2022-01-06 15:00:00
960296,2505,9155,453.91,2022-01-07 01:00:00
379440,2770,1858,111.66,2022-01-03 09:00:00
1093918,5805,9741,258.64,2022-01-07 21:00:00
1158512,9534,9025,507.1,2022-01-08 07:00:00
1088214,9669,6142,10.64,2022-01-07 20:00:00
169992,1222,9470,1301.76,2022-01-02 02:00:00
308829,9624,7802,114.15,2022-01-02 23:00:00
1139062,8605,5676,189.78,2022-01-08 04:00:00
1308742,5629,9853,180.27,2022-01-09 05:00:00
1172242,7539,9785,517.44,2022-01-08 09:00:00
818068,8779,7334,156.57,2022-01-06 04:00:00
1061979,9621,4304,168.11,2022-01-07 16:00:00
1199889,5646,2769,185.99,2022-01-08 13:00:00
104882,5561,1579,460.73,2022-01-01 16:00:00
1151690,9099,8766,6.17,2022-01-08 06:00:00
494863,4414,3969,419.48,2022-01-04 03:00:00
884597,8472,9485,425.45,2022-01-06 13:00:00
1244382,1081,1007,37.6,2022-01-08 20:00:00
400698,8100,690,7.53,2022-01-03 13:00:00
604460,9678,7371,133.36,2022-01-04 19:00:00
634037,8138,5266,14.01,2022-01-05 00:00:00
1147340,2623,4210,111.5,2022-01-08 05:00:00
480121,9798,9472,144.36,2022-01-04 01:00:00
35162,6893,590,12.93,2022-01-01 06:00:00
204174,5455,7330,425.98,2022-01-02 07:00:00
862008,9438,9558,3.08,2022-01-06 10:00:00
438170,5562,8872,506.94,2022-01-03 18:00:00
1051984,1409,7231,433.6,2022-01-07 15:00:00
27909,4760,8079,113.79,2022-01-01 04:00:00
820361,4769,4652,132.55,2022-01-06 04:00:00
911046,9602,7900,149.35,2022-01-06 18:00:00
776365,1099,7954,38.56,2022-01-05 21:00:00
426372,9169,4164,7.72,2022-01-03 16:00:00
550131,7554,8992,518.17,2022-01-04 11:00:00
1311986,570,9971,559.13,2022-01-09 06:00:00
261384,8647,9411,197.05,2022-01-02 16:00:00
513945,9361,8767,4.03,2022-01-04 06:00:00
86567,9740,3049,115.29,2022-01-01 13:00:00
487443,539,5273,550.96,2022-01-04 02:00:00
983033,7277,5760,4.56,2022-01-07 04:00:00
931743,754,9852,193.41,2022-01-06 21:00:00
224537,3464,1564,15.82,2022-01-02 10:00:00
700462,9786,6871,101.3,2022-01-05 10:00:00
1214361,7444,7571,505.61,2022-01-08 15:00:00
1063478,9040,9018,6.19,2022-01-07 16:00:00
289817,1521,9866,500.44,2022-01-02 20:00:00
532865,7437,1921,587.39,2022-01-04 09:00:00
636382,3791,7532,185.72,2022-01-05 00:00:00
1023620,3536,7719,488.95,2022-01-07 10:00:00
128861,1102,9518,26.29,2022-01-01 20:00:00
648152,2185,1554,25.43,2022-01-05 02:00:00
550488,1193,3222,30.04,2022-01-04 11:00:00
895186,4333,9401,19.0,2022-01-06 15:00:00
1216723,8440,5298,466.26,2022-01-08 16:00:00
396286,4155,8784,14.25,2022-01-03 12:00:00
932933,1102,9765,26.29,2022-01-06 21:00:00
893615,1015,8653,32.09,2022-01-06 15:00:00
569984,1470,9883,567.71,2022-01-04 14:00:00
429998,4334,4721,69105.75,2022-01-03 17:00:00
491691,2783,9780,193.32,2022-01-04 02:00:00
785212,9088,9136,7.08,2022-01-05 23:00:00
731128,5536,8121,435.19,2022-01-05 15:00:00
324117,7172,8660,11.03,2022-01-03 01:00:00
346215,9019,8352,5.89,2022-01-03 04:00:00
432132,6765,3389,160.96,2022-01-03 17:00:00
1123144,9078,3578,6.11,2022-01-08 02:00:00
17537,7675,7260,187.97,2022-01-01 03:00:00
85203,7095,3495,11.85,2022-01-01 13:00:00
141148,8785,6262,141.08,2022-01-01 22:00:00
655386,3009,9541,25.46,2022-01-05 03:00:00
778566,1591,3538,513.0,2022-01-05 22:00:00
665618,1454,8462,564.59,2022-01-05 05:00:00
1166801,9074,9207,8.69,2022-01-08 08:00:00
751434,9574,7485,584.46,2022-01-05 18:00:00
1026244,409,9972,460.55,2022-01-07 11:00:00
121202,8655,9723,113.47,2022-01-01 19:00:00
460577,7132,5084,10.0,2022-01-03 22:00:00
1232566,5195,9983,11.64,2022-01-08 18:00:00
827533,3091,7412,22.25,2022-01-06 05:00:00
1256033,6424,9672,586.13,2022-01-08 21:00:00
113704,4577,9333,416.22,2022-01-01 17:00:00
879442,173,7836,42.69,2022-01-06 13:00:00
446321,9117,3016,7.47,2022-01-03 20:00:00
911255,419,3228,483.57,2022-01-06 18:00:00
89951,1446,8795,511.23,2022-01-01 14:00:00
112826,8675,1695,178.66,2022-01-01 17:00:00
38462,8046,9690,11.8,2022-01-01 06:00:00
886820,482,6223,485.19,2022-01-06 14:00:00
64764,9749,2221,127.41,2022-01-01 10:00:00
370652,1085,9867,22.53,2022-01-03 08:00:00
463771,4768,4170,169.61,2022-01-03 22:00:00
740231,9152,9736,5.58,2022-01-05 16:00:00
741945,9426,9564,473.32,2022-01-05 16:00:00
990047,9068,4729,6.65,2022-01-07 05:00:00
383460,1408,7231,584.15,2022-01-03 10:00:00
207144,7711,3492,115.8,2022-01-02 08:00:00
615040,9659,9799,191.0,2022-01-04 21:00:00
577874,6626,6945,163.99,2022-01-04 15:00:00
873659,3673,3878,133.47,2022-01-06 12:00:00
651682,4793,6906,4.71,2022-01-05 03:00:00
416739,4843,588,13.15,2022-01-03 15:00:00
1242714,5399,8187,21474836.47,2022-01-08 19:00:00
964692,5112,5760,3.25,2022-01-07 02:00:00
365899,410,4305,481.6,2022-01-03 07:00:00
106423,7551,3318,472.41,2022-01-01 16:00:00
1288591,5404,354,584.57,2022-01-09 02:00:00
139976,3476,4361,534.09,2022-01-01 21:00:00
526428,7757,8368,113.33,2022-01-04 08:00:00
547709,7651,6865,149.16,2022-01-04 11:00:00
321397,8674,1422,156.08,2022-01-03 01:00:00
1084781,3071,1119,21.38,2022-01-07 20:00:00
1313409,6092,7064,3.21,2022-01-09 06:00:00
793399,9621,792,168.11,2022-01-06 00:00:00
510884,6030,9503,15.4,2022-01-04 05:00:00
899472,7139,9961,15.64,2022-01-06 16:00:00
1245567,9199,8350,7.81,2022-01-08 20:00:00
973359,1578,9884,532.01,2022-01-07 03:00:00
1079929,3728,8996,149.71,2022-01-07 19:00:00
1297953,9689,2357,196.52,2022-01-09 04:00:00
607064,7063,8038,15.07,2022-01-04 20:00:00
574767,9725,4049,135.53,2022-01-04 15:00:00
542869,4185,1181,17.54,2022-01-04 10:00:00
575049,6196,4055,16.08,2022-01-04 15:00:00
1035257,2570,9273,4.14,2022-01-07 12:00:00
716942,6035,3226,11.14,2022-01-05 12:00:00
1067016,9556,9960,522.47,2022-01-07 17:00:00
488832,6262,4450,184207.46,2022-01-04 02:00:00
1274640,7162,9909,12.55,2022-01-09 00:00:00
1216681,7394,7441,21474836.47,2022-01-08 16:00:00
72827,9185,5836,7.27,2022-01-01 11:00:00
103487,6767,9673,179.03,2022-01-01 16:00:00
996035,5379,2872,5009638.0,2022-01-07 06:00:00
471173,9769,9751,191.19,2022-01-03 23:00:00
743881,8963,7330,383.25,2022-01-05 16:00:00
450594,8639,8203,125.44,2022-01-03 20:00:00
1034458,6758,8846,162.44,2022-01-07 12:00:00
1071415,87,5329,61.64,2022-01-07 18:00:00
483123,4458,9630,543.86,2022-01-04 01:00:00
92212,6430,1920,462.98,2022-01-01 14:00:00
101837,7316,9685,3701.78,2022-01-01 16:00:00
1258812,4407,7539,3.62,2022-01-08 22:00:00
38468,8046,9828,11.8,2022-01-01 06:00:00
1063988,2596,3614,530.91,2022-01-07 17:00:00
156839,9139,9845,8.53,2022-01-02 00:00:00
281412,1557,9639,16.29,2022-01-02 19:00:00
101135,7791,9736,19.29,2022-01-01 16:00:00
416422,9683,8934,108.62,2022-01-03 15:00:00
1271516,4516,9971,523.79,2022-01-09 00:00:00
295715,9945,6931,16.09,2022-01-02 21:00:00
122353,3764,5452,197.41,2022-01-01 19:00:00
319330,9774,8084,121.25,2022-01-03 00:00:00
1181729,4122,5685,13.63,2022-01-08 10:00:00
1120643,9337,9455,3.25,2022-01-08 01:00:00
1139212,4042,9791,23.02,2022-01-08 04:00:00
728902,9372,1294,16.79,2022-01-05 14:00:00
181816,4410,8486,426.14,2022-01-02 04:00:00
1147119,1104,9746,39.68,2022-01-08 05:00:00
876799,9751,5800,128.78,2022-01-06 12:00:00
459942,9606,4526,174.96,2022-01-03 22:00:00
204283,5519,9177,461.39,2022-01-02 07:00:00
1231708,2570,7352,572.15,2022-01-08 18:00:00
224459,5731,9959,164.38,2022-01-02 10:00:00
840746,3177,3970,15.33,2022-01-06 07:00:00
575883,863,2843,207.66,2022-01-04 15:00:00
1134466,9599,9821,485.17,2022-01-08 03:00:00
666170,3085,3297,23.2,2022-01-05 05:00:00
254289,4452,9223,566.66,2022-01-02 15:00:00
693526,2165,9939,17.33,2022-01-05 09:00:00
325278,2125,2155,23.06,2022-01-03 01:00:00
744285,9499,9883,434.76,2022-01-05 16:00:00
1081656,3185,8808,14.3,2022-01-07 19:00:00
771302,2642,8784,130.97,2022-01-05 21:00:00
1283351,6579,9982,444.29,2022-01-09 01:00:00
884920,5510,660,468.64,2022-01-06 14:00:00
578793,5848,6649,17.32,2022-01-04 16:00:00
168065,7780,9569,140.5,2022-01-02 02:00:00
505290,9092,7778,7.88,2022-01-04 04:00:00
1083102,1564,8039,540.77,2022-01-07 19:00:00
156071,9017,8321,8.46,2022-01-02 00:00:00
488827,534,6262,579.53,2022-01-04 02:00:00
195518,2601,8113,184.08,2022-01-02 06:00:00
185971,2001,5701,32.01,2022-01-02 04:00:00
1089444,3154,9950,23.39,2022-01-07 20:00:00
74600,3400,7510,590.47,2022-01-01 12:00:00
320746,3134,5639,21.66,2022-01-03 01:00:00
696650,7297,9123,17.85,2022-01-05 09:00:00
346421,3400,7510,590.47,2022-01-03 04:00:00
1231239,9070,9327,6.47,2022-01-08 18:00:00
60868,4019,6629,19.42,2022-01-01 10:00:00
31734,5677,8462,119.48,2022-01-01 05:00:00
1194318,8760,1719,124.87,2022-01-08 12:00:00
1112720,3104,9929,15.9,2022-01-08 00:00:00
297416,3696,8187,129.17,2022-01-02 21:00:00
786629,2424,7954,417.73,2022-01-05 23:00:00
1302944,6768,6722,199.49,2022-01-09 04:00:00
893594,3471,9787,573.16,2022-01-06 15:00:00
401217,7057,1277,10.03,2022-01-03 13:00:00
598589,9794,5637,140.58,2022-01-04 19:00:00
321156,7972,9876,14.13,2022-01-03 01:00:00
211652,7762,3325,185.16,2022-01-02 08:00:00
1223111,8623,8365,174.16,2022-01-08 17:00:00
948921,1048,9945,29.93,2022-01-06 23:00:00
176416,7010,5695,16.2,2022-01-02 03:00:00
560537,452,3891,559.86,2022-01-04 13:00:00
988070,9698,9781,126.26,2022-01-07 05:00:00
1197015,4712,5799,191.36,2022-01-08 13:00:00
837659,9125,9554,10.6,2022-01-06 06:00:00
782197,4329,4148,871788.37,2022-01-05 22:00:00
648771,4422,2534,547.94,2022-01-05 02:00:00
715996,3133,9288,11.5,2022-01-05 12:00:00
1013013,9018,9798,5.2,2022-01-07 09:00:00
918226,9019,3310,5.89,2022-01-06 19:00:00
885398,2792,8676,129.46,2022-01-06 14:00:00
434137,4680,867,168.08,2022-01-03 18:00:00
995781,7794,8248,113.2,2022-01-07 06:00:00
1258540,9582,9366,592.63,2022-01-08 22:00:00
837613,8637,5945,146.33,2022-01-06 06:00:00
699961,2682,9044,3.33,2022-01-05 10:00:00
643730,673,8184,110.55,2022-01-05 01:00:00
903814,4765,9841,112.19,2022-01-06 16:00:00
290464,9500,7860,575.41,2022-01-02 20:00:00
840801,2145,9996,23.36,2022-01-06 07:00:00
257752,4139,3013,21.91,2022-01-02 15:00:00
781459,9166,9953,7.26,2022-01-05 22:00:00
361153,7409,3170,503.76,2022-01-03 07:00:00
1188623,2583,6388,488.27,2022-01-08 11:00:00
19832,3033,9530,2.74,2022-01-01 03:00:00
31116,6510,7376,539.32,2022-01-01 05:00:00
355718,5681,9292,164.69,2022-01-03 06:00:00
1130920,9699,3169,180.38,2022-01-08 03:00:00
957832,7117,3860,14.31,2022-01-07 01:00:00
455305,3443,9976,414.17,2022-01-03 21:00:00
1263233,7396,9912,17.63,2022-01-08 23:00:00
899695,4436,2503,10.18,2022-01-06 16:00:00
994486,8744,8308,174.22,2022-01-07 06:00:00
282265,9469,5263,4.82,2022-01-02 19:00:00
467542,5116,7399,19.35,2022-01-03 23:00:00
257737,7170,2076,8.35,2022-01-02 15:00:00
1222476,3785,3671,131.0,2022-01-08 16:00:00
1018642,7742,9524,148.33,2022-01-07 10:00:00
905814,8405,7752,511.67,2022-01-06 17:00:00
955095,3523,9620,433.04,2022-01-07 00:00:00
1144544,6259,9631,13.68,2022-01-08 05:00:00
1316202,9199,2306,7.81,2022-01-09 06:00:00
133736,8010,7726,13.77,2022-01-01 20:00:00
640071,6516,9433,461.17,2022-01-05 01:00:00
183796,5186,3657,13.32,2022-01-02 04:00:00
1074829,5092,6635,18.62,2022-01-07 18:00:00
884754,8779,4693,156.57,2022-01-06 14:00:00
905954,8109,8479,9.45,2022-01-06 17:00:00
1152615,2799,7149,108.12,2022-01-08 06:00:00
654983,9121,3335,6.03,2022-01-05 03:00:00
609560,9969,9984,347.01,2022-01-04 20:00:00
891065,9432,4935,4.22,2022-01-06 15:00:00
1023959,8606,9990,156.53,2022-01-07 11:00:00
1210247,5538,9135,454.54,2022-01-08 15:00:00
1075548,567,8067,455.39,2022-01-07 18:00:00
1022093,3705,9827,162.88,2022-01-07 10:00:00
1268678,4534,9499,597.84,2022-01-08 23:00:00
284808,9193,3626,4.63,2022-01-02 19:00:00
732718,3867,8233,332.11,2022-01-05 15:00:00
187458,2689,9999,156.71,2022-01-02 05:00:00
12871,1509,1127,437.39,2022-01-01 02:00:00
356900,3700,7413,156.52,2022-01-03 06:00:00
1310748,6737,5609,173.25,2022-01-09 06:00:00
193338,8616,9970,161.41,2022-01-02 06:00:00
1212252,6086,9958,18.16,2022-01-08 15:00:00
782154,5041,4233,20.11,2022-01-05 22:00:00
1239694,6103,4536,15.63,2022-01-08 19:00:00
797575,6689,7505,198.41,2022-01-06 01:00:00
302452,1676,1358,175.16,2022-01-02 22:00:00
831591,1580,9649,501.6,2022-01-06 06:00:00
106398,5648,6462,174.55,2022-01-01 16:00:00
651916,9894,9267,250.58,2022-01-05 03:00:00
164054,4086,9606,13.99,2022-01-02 01:00:00
296594,5133,7333,10.69,2022-01-02 21:00:00
1259049,3221,1261,11.64,2022-01-08 22:00:00
1040098,9104,8592,6.46,2022-01-07 13:00:00
979919,9457,9862,545.22,2022-01-07 04:00:00
937259,6634,6164,170.44,2022-01-06 21:00:00
198402,7756,9879,131.53,2022-01-02 06:00:00
493341,2064,8316,18.97,2022-01-04 03:00:00
86680,7031,7814,15.03,2022-01-01 13:00:00
1043095,9746,1224,153.61,2022-01-07 13:00:00
1313314,2297,8045,21474836.47,2022-01-09 06:00:00
1245808,9709,9960,176.14,2022-01-08 20:00:00
1012854,8495,5261,419.52,2022-01-07 09:00:00
654376,5654,2836,179.88,2022-01-05 03:00:00
186121,7106,4027,11.45,2022-01-02 04:00:00
177137,4011,4688,14.39,2022-01-02 03:00:00
1225726,3483,8683,483.04,2022-01-08 17:00:00
1197409,403,9015,436.39,2022-01-08 13:00:00
716396,5079,9937,11.13,2022-01-05 12:00:00
999961,2489,6670,503.55,2022-01-07 07:00:00
898464,8758,6973,117.31,2022-01-06 16:00:00
950509,8450,9994,543.11,2022-01-06 23:00:00
263512,5158,9660,3.78,2022-01-02 16:00:00
1145136,8734,6796,106.87,2022-01-08 05:00:00
723011,9806,7973,4.47,2022-01-05 13:00:00
553944,9099,5620,6.17,2022-01-04 12:00:00
954657,9013,5521,9.19,2022-01-07 00:00:00
1296403,3562,5917,580.72,2022-01-09 03:00:00
698191,2093,9803,20.12,2022-01-05 10:00:00
264341,9674,8470,134.86,2022-01-02 16:00:00
1174297,9746,7320,153.61,2022-01-08 09:00:00
769138,6244,4909,14.1,2022-01-05 20:00:00
489019,7086,2351,12.89,2022-01-04 02:00:00
393047,9704,6956,183.69,2022-01-03 11:00:00
1257504,8744,9961,174.22,2022-01-08 22:00:00
162789,9691,6836,140.16,2022-01-02 01:00:00
414907,5697,9950,145.74,2022-01-03 15:00:00
791673,8713,7960,179.72,2022-01-06 00:00:00
253664,8551,9311,486.92,2022-01-02 15:00:00
901016,8711,5164,149.61,2022-01-06 16:00:00
806618,2058,4718,25.15,2022-01-06 02:00:00
483532,2764,9464,144.03,2022-01-04 01:00:00
1321596,8689,7125,159.72,2022-01-09 07:00:00
1054513,4511,8333,522.64,2022-01-07 15:00:00
1289904,5153,9936,18.47,2022-01-09 02:00:00
1150166,9141,8353,6.21,2022-01-08 05:00:00
567826,2534,4551,597.65,2022-01-04 14:00:00
950768,4067,8895,14.82,2022-01-06 23:00:00
364302,9691,9999,140.16,2022-01-03 07:00:00
648783,9184,2597,5.87,2022-01-05 02:00:00
867919,5656,9640,165.5,2022-01-06 11:00:00
260221,1157,3851,26.86,2022-01-02 16:00:00
139579,9111,7165,8.87,2022-01-01 21:00:00
774595,7765,6836,160.27,2022-01-05 21:00:00
664399,7069,4070,11.16,2022-01-05 05:00:00
989586,6659,8326,147.27,2022-01-07 05:00:00
1124772,4004,5803,12.85,2022-01-08 02:00:00
1072289,9962,795,2.85,2022-01-07 18:00:00
304366,5440,1888,535.59,2022-01-02 22:00:00
410535,5692,9985,185.58,2022-01-03 14:00:00
386175,5652,5393,188.33,2022-01-03 10:00:00
650569,8122,9981,11.55,2022-01-05 02:00:00
723817,9142,3134,7.38,2022-01-05 13:00:00
1292792,4514,4393,533.16,2022-01-09 03:00:00
156360,2641,4586,19.29,2022-01-02 00:00:00
525103,1691,9980,199.61,2022-01-04 07:00:00
674530,6230,9586,441665.9,2022-01-05 06:00:00
623141,2272,2785,4.18,2022-01-04 22:00:00
681336,8107,9380,9.47,2022-01-05 07:00:00
860024,2631,9489,168.39,2022-01-06 10:00:00
846535,1765,3987,148.52,2022-01-06 08:00:00
87784,3154,3089,23.39,2022-01-01 13:00:00
913932,8720,9930,127.76,2022-01-06 18:00:00
1058395,4424,9762,578.23,2022-01-07 16:00:00
122945,6515,9235,517.53,2022-01-01 19:00:00
1146932,8515,8300,588.64,2022-01-08 05:00:00
1031210,9821,8410,325.76,2022-01-07 12:00:00
485258,9718,7748,122.94,2022-01-04 01:00:00
869881,1562,2789,453.85,2022-01-06 11:00:00
246950,8708,5592,171.0,2022-01-02 14:00:00
145333,7523,2425,498.02,2022-01-01 22:00:00
794880,7962,9883,219.49,2022-01-06 00:00:00
913483,9402,5985,3.97,2022-01-06 18:00:00
1076571,5119,9923,21.12,2022-01-07 18:00:00
1054663,1466,8586,468.6,2022-01-07 15:00:00
1046724,9934,7718,13.75,2022-01-07 14:00:00
740310,9575,9983,555.5,2022-01-05 16:00:00
632062,9792,4741,103.69,2022-01-05 00:00:00
364198,6469,5591,453.7,2022-01-03 07:00:00
1223190,6409,9433,583.78,2022-01-08 17:00:00
1130952,5567,1854,467.07,2022-01-08 03:00:00
718988,9611,7720,112.83,2022-01-05 13:00:00
1131170,8957,8881,3.18,2022-01-08 03:00:00
1274517,3431,6076,417.52,2022-01-09 00:00:00
98000,5774,6726,131.75,2022-01-01 15:00:00
268724,9041,2686,7.24,2022-01-02 17:00:00
1261529,5407,9177,488.92,2022-01-08 22:00:00
644369,1553,4806,435.42,2022-01-05 02:00:00
130452,6603,9771,115.98,2022-01-01 20:00:00
1001620,245,5034,3652542.5,2022-01-07 07:00:00
739961,479,7033,484.01,2022-01-05 16:00:00
276251,7134,9272,13.3,2022-01-02 18:00:00
359419,1713,7874,159.35,2022-01-03 06:00:00
1203257,585,5365,523.75,2022-01-08 14:00:00
1120335,9014,9922,5.93,2022-01-08 01:00:00
1287289,5459,9851,458.48,2022-01-09 02:00:00
533787,6127,9372,16.87,2022-01-04 09:00:00
1047073,7650,9812,179.44,2022-01-07 14:00:00
589163,4536,2698,414.79,2022-01-04 17:00:00
10041,4674,2891,176.19,2022-01-01 02:00:00
361787,9147,4570,6.49,2022-01-03 07:00:00
1044178,8653,8573,143.74,2022-01-07 14:00:00
723136,5112,5760,11.44,2022-01-05 13:00:00
593150,9797,9310,141.02,2022-01-04 18:00:00
945854,9452,9981,10.36,2022-01-06 23:00:00
974037,5158,8736,14.2,2022-01-07 03:00:00
167971,6803,4178,2.95,2022-01-02 02:00:00
1103875,2022,7935,26.98,2022-01-07 23:00:00
989922,6785,9954,198.28,2022-01-07 05:00:00
347291,9530,7300,487.54,2022-01-03 05:00:00
571934,5266,8585,14.78,2022-01-04 15:00:00
633824,6006,6317,15.47,2022-01-05 00:00:00
1147700,1977,9394,13.76,2022-01-08 05:00:00
930385,9748,9973,175.97,2022-01-06 20:00:00
8116,4781,1095,106.55,2022-01-01 01:00:00
910575,3419,6034,487.57,2022-01-06 18:00:00
636285,9724,9145,160.66,2022-01-05 00:00:00
305551,3393,9785,10.13,2022-01-02 22:00:00
1257162,8598,9464,483.11,2022-01-08 22:00:00
962828,8403,7011,413.75,2022-01-07 01:00:00
1126890,9674,1396,134.86,2022-01-08 02:00:00
331227,7529,4617,464.89,2022-01-03 02:00:00
864080,8578,9675,421.63,2022-01-06 10:00:00
277813,6391,6265,54959.79,2022-01-02 18:00:00
975687,3009,4039,25.46,2022-01-07 03:00:00
1125350,9837,9595,3.03,2022-01-08 02:00:00
269873,9108,7972,14.13,2022-01-02 17:00:00
1058898,9797,3147,141.02,2022-01-07 16:00:00
266777,9156,8364,8.93,2022-01-02 17:00:00
1239053,8954,5261,390.51,2022-01-08 19:00:00
547354,9969,992,15.81,2022-01-04 11:00:00
5148,5730,2600,108.8,2022-01-01 01:00:00
246117,4168,3509,18.45,2022-01-02 13:00:00
987061,4001,9784,16.75,2022-01-07 05:00:00
205692,9768,3832,161.94,2022-01-02 07:00:00
245859,8624,9998,134.44,2022-01-02 13:00:00
1280399,9179,5418,7.65,2022-01-09 01:00:00
880276,9111,9918,8.87,2022-01-06 13:00:00
1277694,1750,9519,116.13,2022-01-09 01:00:00
252934,1155,9823,30.86,2022-01-02 15:00:00
365567,3196,9837,24.74,2022-01-03 07:00:00
1063645,8919,8482,2.87,2022-01-07 16:00:00
488318,9496,7633,3.36,2022-01-04 02:00:00
1156818,9694,9455,11.43,2022-01-08 06:00:00
400098,6586,5461,540.26,2022-01-03 13:00:00
725258,9575,9983,555.5,2022-01-05 14:00:00
382286,3604,2468,131.16,2022-01-03 10:00:00
1305926,146,6411,57.72,2022-01-09 05:00:00
218459,4717,9751,131.3,2022-01-02 09:00:00
425014,9175,1857,5.87,2022-01-03 16:00:00
1091965,4713,6127,196.77,2022-01-07 21:00:00
330088,7612,9998,110.73,2022-01-03 02:00:00
1099134,9405,7244,485.1,2022-01-07 22:00:00
880750,6985,2081,329.02,2022-01-06 13:00:00
838866,7613,6779,133.74,2022-01-06 07:00:00
254262,5445,5363,518.29,2022-01-02 15:00:00
194238,9075,8515,5.67,2022-01-02 06:00:00
199101,5667,7941,193.58,2022-01-02 06:00:00
1169488,432,9822,406.48,2022-01-08 08:00:00
767617,4796,8797,143.36,2022-01-05 20:00:00
330875,7616,8749,166.69,2022-01-03 02:00:00
395825,7756,4170,131.53,2022-01-03 12:00:00
44656,4136,7466,3.94,2022-01-01 07:00:00
1121366,3194,6691,23.93,2022-01-08 01:00:00
1161926,8724,9760,133.14,2022-01-08 07:00:00
305095,8137,6815,11.88,2022-01-02 22:00:00
907243,9784,444,168.92,2022-01-06 17:00:00
862412,8503,3181,453.32,2022-01-06 10:00:00
3180,7615,6586,180.49,2022-01-01 00:00:00
776682,3523,9620,433.04,2022-01-05 21:00:00
446337,5602,6346,149.5,2022-01-03 20:00:00
1000432,9720,8466,114.62,2022-01-07 07:00:00
217217,9718,9939,122.94,2022-01-02 09:00:00
1150224,6100,8316,11.79,2022-01-08 05:00:00
546496,4527,9004,440.11,2022-01-04 11:00:00
1195307,9050,9862,5.91,2022-01-08 12:00:00
559866,5441,5274,456.7,2022-01-04 13:00:00
393732,7612,9705,110.73,2022-01-03 12:00:00
344674,8706,6799,181.8,2022-01-03 04:00:00
1090270,3502,1327,551.34,2022-01-07 21:00:00
3778,9028,8433,7.58,2022-01-01 00:00:00
131397,8681,868,107.56,2022-01-01 20:00:00
190757,9752,8078,115.98,2022-01-02 05:00:00
331361,8194,9616,10.88,2022-01-03 02:00:00
143480,8452,5173,446.69,2022-01-01 22:00:00
241465,3712,844,101.08,2022-01-02 13:00:00
505409,9998,9186,323.79,2022-01-04 04:00:00
387833,9679,9341,155.69,2022-01-03 11:00:00
468390,4093,6277,23.59,2022-01-03 23:00:00
411060,1102,2412,26.29,2022-01-03 14:00:00
1147667,7767,2223,122.87,2022-01-08 05:00:00
546984,9726,3560,147.44,2022-01-04 11:00:00
329503,546,2964,414.64,2022-01-03 02:00:00
1264322,1911,1143,370.83,2022-01-08 23:00:00
384455,4199,2074,15.14,2022-01-03 10:00:00
205187,9678,4845,133.36,2022-01-02 07:00:00
339595,9508,8134,414.04,2022-01-03 03:00:00
312777,9065,8394,16.7,2022-01-02 23:00:00
809194,8147,3604,13.31,2022-01-06 02:00:00
992269,426,7077,482.23,2022-01-07 06:00:00
496881,9001,9691,10.33,2022-01-04 03:00:00
844723,5079,3871,11.13,2022-01-06 08:00:00
260597,9719,4018,161.86,2022-01-02 16:00:00
244108,8244,9850,20169.12,2022-01-02 13:00:00
514531,1185,9554,27.1,2022-01-04 06:00:00
59692,5016,5509,22.06,2022-01-01 09:00:00
815228,9646,7159,188.13,2022-01-06 03:00:00
104267,6389,9826,4.12,2022-01-01 16:00:00
574786,9725,9849,135.53,2022-01-04 15:00:00
912307,6119,8489,17.05,2022-01-06 18:00:00
1086281,1833,9677,2.71,2022-01-07 20:00:00
289497,8098,7828,8.46,2022-01-02 20:00:00
721426,5657,9358,179.94,2022-01-05 13:00:00
1284872,5541,4509,569.46,2022-01-09 02:00:00
909406,1476,8116,468.17,2022-01-06 17:00:00
39616,6191,6412,10.94,2022-01-01 06:00:00
1315687,2172,6032,27.81,2022-01-09 06:00:00
896200,4777,7219,19.0,2022-01-06 15:00:00
1006023,6788,9871,117.02,2022-01-07 08:00:00
305628,4461,1411,453.04,2022-01-02 22:00:00
715326,7017,1510,13.31,2022-01-05 12:00:00
803559,4076,9999,13.84,2022-01-06 01:00:00
1024439,6051,2294,13.35,2022-01-07 11:00:00
453043,3425,9036,437.61,2022-01-03 21:00:00
330973,9990,9438,18.29,2022-01-03 02:00:00
1143373,9552,8992,535.76,2022-01-08 04:00:00
609068,9138,9169,5.38,2022-01-04 20:00:00
731917,2993,9802,4.32,2022-01-05 15:00:00
411589,5633,6481,130.72,2022-01-03 14:00:00
785916,8670,6708,123.61,2022-01-05 23:00:00
414390,9501,8178,547.08,2022-01-03 15:00:00
639949,3426,9111,498.51,2022-01-05 01:00:00
1252708,2011,8224,31.76,2022-01-08 21:00:00
20023,1575,1686,531.77,2022-01-01 03:00:00
321000,1153,9829,4.54,2022-01-03 01:00:00
423134,9164,7280,8.84,2022-01-03 16:00:00
615647,6513,2667,469.16,2022-01-04 21:00:00
801411,263,1857,353876.59,2022-01-06 01:00:00
830674,7017,6699,13.31,2022-01-06 05:00:00
1218618,1176,5062,26.22,2022-01-08 16:00:00
459182,2716,1039,164.5,2022-01-03 21:00:00
879029,9745,8080,184.44,2022-01-06 13:00:00
602498,5212,5027,269798.18,2022-01-04 19:00:00
757583,8768,9287,178.69,2022-01-05 18:00:00
427053,6158,8208,11.6,2022-01-03 17:00:00
245947,4420,9686,470.79,2022-01-02 13:00:00
608526,633,4707,137.17,2022-01-04 20:00:00
486118,7046,9986,13.68,2022-01-04 01:00:00
126276,7920,6377,16.45,2022-01-01 19:00:00
1110036,8493,6362,442.67,2022-01-08 00:00:00
615097,8042,9637,9.84,2022-01-04 21:00:00
255451,7059,9922,16.97,2022-01-02 15:00:00
862216,8571,1019,3.79,2022-01-06 10:00:00
885616,9615,9599,177.72,2022-01-06 14:00:00
1112359,8665,5470,153.49,2022-01-08 00:00:00
596016,4517,9972,408.85,2022-01-04 18:00:00
552,3374,9389,75.06,2022-01-01 00:00:00
335085,2028,7209,21.23,2022-01-03 03:00:00
1168217,3062,8059,18.94,2022-01-08 08:00:00
1291496,6588,3590,4.02,2022-01-09 03:00:00
926214,6101,2204,14.54,2022-01-06 20:00:00
419713,4646,9965,187.66,2022-01-03 15:00:00
1056731,6122,9900,11.79,2022-01-07 15:00:00
1286887,9455,8673,432.23,2022-01-09 02:00:00
1175722,6602,7362,131.77,2022-01-08 09:00:00
644863,6737,4448,173.25,2022-01-05 02:00:00
864977,2440,6609,464.04,2022-01-06 11:00:00
1050188,2635,9974,182.94,2022-01-07 14:00:00
310117,5679,7995,179.47,2022-01-02 23:00:00
1193900,9386,9973,21474836.47,2022-01-08 12:00:00
785729,9885,9422,382.45,2022-01-05 23:00:00
1316636,1453,8709,2.81,2022-01-09 07:00:00
381889,9778,7101,143.66,2022-01-03 10:00:00
542948,1671,5161,166.32,2022-01-04 10:00:00
406472,9678,8739,133.36,2022-01-03 13:00:00
441188,9977,9100,324.7,2022-01-03 19:00:00
1037486,6023,9494,11.27,2022-01-07 13:00:00
808270,8739,8397,150.52,2022-01-06 02:00:00
971671,9753,5082,164.69,2022-01-07 03:00:00
1309632,9317,867,21474836.47,2022-01-09 05:00:00
1189922,6729,9363,128.02,2022-01-08 12:00:00
875529,2551,7472,484.76,2022-01-06 12:00:00
437883,8215,1681,3.25,2022-01-03 18:00:00
423869,2118,9630,22.88,2022-01-03 16:00:00
1186955,7153,422,15.09,2022-01-08 11:00:00
642556,4520,9457,571.48,2022-01-05 01:00:00
987616,584,9950,539.79,2022-01-07 05:00:00
70073,6407,1998,581.48,2022-01-01 11:00:00
58276,9641,7563,127.3,2022-01-01 09:00:00
1217407,522,9223,593.29,2022-01-08 16:00:00
915105,9673,5047,122.95,2022-01-06 18:00:00
199851,7151,218,11.5,2022-01-02 06:00:00
218618,4277,3791,12.48,2022-01-02 09:00:00
565932,9732,6804,121.75,2022-01-04 14:00:00
775383,4039,9850,15.52,2022-01-05 21:00:00
425965,494,7645,583.85,2022-01-03 16:00:00
861588,2140,984,25.4,2022-01-06 10:00:00
325909,4018,2195,19.71,2022-01-03 01:00:00
622498,830,8455,356.29,2022-01-04 22:00:00
665255,9959,9188,218.63,2022-01-05 05:00:00
1088567,9008,6548,8.95,2022-01-07 20:00:00
624769,6658,3330,183.36,2022-01-04 23:00:00
975370,2499,8794,430.86,2022-01-07 03:00:00
690995,8155,7091,7.94,2022-01-05 08:00:00
1015975,9729,3811,103.44,2022-01-07 09:00:00
1246583,5508,6320,461.2,2022-01-08 20:00:00
593239,1675,8812,175.41,2022-01-04 18:00:00
1178524,1043,9996,15.86,2022-01-08 10:00:00
1175399,4498,9970,446.3,2022-01-08 09:00:00
709037,8608,6089,17.64,2022-01-05 11:00:00
657260,9641,6890,127.3,2022-01-05 03:00:00
1138267,2033,2643,17.96,2022-01-08 04:00:00
896613,10,8520,95.4,2022-01-06 15:00:00
494052,5924,1592,12.64,2022-01-04 03:00:00
1082630,7161,3247,11.83,2022-01-07 19:00:00
416386,9636,6269,197.94,2022-01-03 15:00:00
799932,9678,4986,133.36,2022-01-06 01:00:00
224346,4589,7430,580.13,2022-01-02 10:00:00
889059,6086,6585,18.16,2022-01-06 14:00:00
176456,6103,930,15.63,2022-01-02 03:00:00
1032714,4680,9991,168.08,2022-01-07 12:00:00
410574,5010,6420,15.34,2022-01-03 14:00:00
267871,7436,9993,420.16,2022-01-02 17:00:00
767214,2441,7132,544.94,2022-01-05 20:00:00
205580,8722,3433,175.32,2022-01-02 07:00:00
632412,4561,8760,495.97,2022-01-05 00:00:00
198885,9450,8255,584.8,2022-01-02 06:00:00
408328,9134,653,6.18,2022-01-03 14:00:00
799220,5671,9187,167.91,2022-01-06 01:00:00
591249,6592,4282,500.47,2022-01-04 17:00:00
510080,1163,9341,12.39,2022-01-04 05:00:00
451703,639,3033,4.12,2022-01-03 20:00:00
962951,5518,6141,469.64,2022-01-07 01:00:00
901195,9766,2456,108.37,2022-01-06 16:00:00
489084,3785,8167,131.0,2022-01-04 02:00:00
801586,7221,7247,1492464.37,2022-01-06 01:00:00
407929,8561,6175,568.03,2022-01-03 14:00:00
67902,9571,9168,530.53,2022-01-01 11:00:00
215757,8054,7456,12.74,2022-01-02 09:00:00
760824,8798,7286,181.35,2022-01-05 19:00:00
231316,4560,5305,14.31,2022-01-02 11:00:00
213824,2367,4309,4.22,2022-01-02 09:00:00
1256312,8628,4383,172.57,2022-01-08 21:00:00
165834,7556,8244,582.04,2022-01-02 01:00:00
436236,9762,9308,103.43,2022-01-03 18:00:00
1154916,6071,6439,19.68,2022-01-08 06:00:00
979826,2565,1851,590.09,2022-01-07 04:00:00
90178,6103,4329,15.63,2022-01-01 14:00:00
1246493,7993,9971,213.77,2022-01-08 20:00:00
818248,6782,4416,160.99,2022-01-06 04:00:00
1141045,4790,1537,185.02,2022-01-08 04:00:00
871404,1626,6689,141.14,2022-01-06 12:00:00
681956,6029,9564,14.14,2022-01-05 07:00:00
1220102,9629,1284,135.11,2022-01-08 16:00:00
693110,5790,9180,172.08,2022-01-05 09:00:00
644675,7592,8077,426.79,2022-01-05 02:00:00
788375,3987,575,261.98,2022-01-05 23:00:00
1311766,5652,7142,188.33,2022-01-09 06:00:00
1255010,565,5142,590.04,2022-01-08 21:00:00
677878,882,9883,330.77,2022-01-05 07:00:00
345744,8859,9793,3.61,2022-01-03 04:00:00
1278578,8435,2191,559.5,2022-01-09 01:00:00
935583,4091,5541,23.38,2022-01-06 21:00:00
22797,690,4204,16.8,2022-01-01 04:00:00
1098256,2233,957,4294539.5,2022-01-07 22:00:00
246264,7155,9546,11.05,2022-01-02 14:00:00
958836,2190,8024,31.31,2022-01-07 01:00:00
951039,5126,6017,18.47,2022-01-07 00:00:00
363075,8766,7393,153.42,2022-01-03 07:00:00
882063,3740,7805,172.64,2022-01-06 13:00:00
371552,6610,8985,173.63,2022-01-03 08:00:00
81174,2462,3218,588.35,2022-01-01 12:00:00
930310,4516,9971,523.79,2022-01-06 20:00:00
1242995,1519,574,523.61,2022-01-08 20:00:00
1223623,9784,9921,13.93,2022-01-08 17:00:00
699872,3655,1125,109.05,2022-01-05 10:00:00
254672,9641,7990,127.3,2022-01-02 15:00:00
141142,94,9167,66.54,2022-01-01 22:00:00
227197,1520,7442,535.13,2022-01-02 11:00:00
733223,8619,3370,129.63,2022-01-05 15:00:00
1306536,9777,1206,133.52,2022-01-09 05:00:00
1150968,7417,1547,459.92,2022-01-08 06:00:00
309518,3103,9839,15.1,2022-01-02 23:00:00
1167993,9924,9343,230.36,2022-01-08 08:00:00
325651,9196,3900,7.32,2022-01-03 01:00:00
519966,5035,9997,18.54,2022-01-04 07:00:00
1229326,2258,1937,13969415.0,2022-01-08 17:00:00
171542,2655,9984,160.25,2022-01-02 02:00:00
577992,5468,5848,17.32,2022-01-04 15:00:00
1289397,496,5020,544.51,2022-01-09 02:00:00
331541,8058,7480,10.09,2022-01-03 02:00:00
259735,7472,8861,415.39,2022-01-02 15:00:00
264910,476,2081,577.75,2022-01-02 16:00:00
1019303,1734,8290,196.21,2022-01-07 10:00:00
1148645,2560,7709,496.95,2022-01-08 05:00:00
588339,7021,9663,10.15,2022-01-04 17:00:00
1119711,2472,6650,585.34,2022-01-08 01:00:00
531882,9498,7220,494.6,2022-01-04 08:00:00
1062723,533,9391,431.27,2022-01-07 16:00:00
343586,3127,6177,21.71,2022-01-03 04:00:00
1044994,3433,9697,509.07,2022-01-07 14:00:00
34574,9727,7064,130.36,2022-01-01 06:00:00
1136223,9671,9559,192.36,2022-01-08 03:00:00
450773,7615,1681,3.03,2022-01-03 20:00:00
820458,6077,8745,14.48,2022-01-06 04:00:00
400470,2678,9150,118.22,2022-01-03 13:00:00
878839,2131,8529,27.4,2022-01-06 13:00:00
1189189,9566,8432,556.5,2022-01-08 11:00:00
650686,8115,9062,10.51,2022-01-05 02:00:00
685200,9403,9585,588.45,2022-01-05 08:00:00
338136,8167,9993,8.03,2022-01-03 03:00:00
75419,9677,9857,149.38,2022-01-01 12:00:00
76380,5249,6292,3.4,2022-01-01 12:00:00
338805,5191,9981,17.65,2022-01-03 03:00:00
323900,8016,5875,9.11,2022-01-03 01:00:00
1185514,7275,9694,3.43,2022-01-08 11:00:00
419386,8100,8709,7.53,2022-01-03 15:00:00
275417,4403,7220,562.45,2022-01-02 18:00:00
1171482,3349,9694,3.57,2022-01-08 09:00:00
373891,7723,380,124.97,2022-01-03 09:00:00
536666,3422,7101,498.72,2022-01-04 09:00:00
303066,7763,9325,155.13,2022-01-02 22:00:00
948422,48,9256,61.93,2022-01-06 23:00:00
312884,9592,88,476.11,2022-01-02 23:00:00
496878,9001,8491,10.33,2022-01-04 03:00:00
1192569,6755,2406,152.77,2022-01-08 12:00:00
423550,7097,7562,17.36,2022-01-03 16:00:00
1263376,8641,9066,112.47,2022-01-08 23:00:00
244165,6001,9338,10.07,2022-01-02 13:00:00
815688,8066,2246,7.15,2022-01-06 03:00:00
444287,7392,5393,10.3,2022-01-03 19:00:00
863027,3145,9839,15.7,2022-01-06 10:00:00
861454,9658,8222,168.52,2022-01-06 10:00:00
112054,3132,5779,23.69,2022-01-01 17:00:00
1299879,9762,9959,103.43,2022-01-09 04:00:00
762251,7617,9978,129.41,2022-01-05 19:00:00
1310226,8017,6110,8.81,2022-01-09 06:00:00
308977,7649,5689,179.14,2022-01-02 23:00:00
1240308,9601,9848,165.6,2022-01-08 19:00:00
63029,9068,9952,6.65,2022-01-01 10:00:00
838001,458,5242,557.09,2022-01-06 07:00:00
287451,1185,9845,27.1,2022-01-02 20:00:00
247459,6594,8695,406.61,2022-01-02 14:00:00
723743,3465,3936,418.17,2022-01-05 13:00:00
277517,8480,9058,466.25,2022-01-02 18:00:00
4808,7779,9111,166.11,2022-01-01 00:00:00
920531,8689,2588,159.72,2022-01-06 19:00:00
241502,3048,366,21.07,2022-01-02 13:00:00
942034,9193,3626,4.63,2022-01-06 22:00:00
1307977,7066,9747,15.43,2022-01-09 05:00:00
1199020,6491,5519,442.47,2022-01-08 13:00:00
1158344,9423,709,575.96,2022-01-08 07:00:00
1290951,3101,7413,23.76,2022-01-09 03:00:00
734591,8747,3708,173.53,2022-01-05 15:00:00
1210564,2429,8561,446.01,2022-01-08 15:00:00
299577,6460,8321,471.94,2022-01-02 21:00:00
735139,9026,8906,8.21,2022-01-05 15:00:00
931818,5268,3941,4.53,2022-01-06 21:00:00
77827,9175,7148,5.87,2022-01-01 12:00:00
658504,1123,9743,38.99,2022-01-05 04:00:00
233785,8131,9633,9.07,2022-01-02 12:00:00
987247,2646,9895,138.38,2022-01-07 05:00:00
1122657,5549,9883,520.52,2022-01-08 01:00:00
478098,6618,5426,178.97,2022-01-04 00:00:00
1059597,1472,333,444.92,2022-01-07 16:00:00
642296,4624,6906,4.71,2022-01-05 01:00:00
697772,6529,8432,427.86,2022-01-05 10:00:00
284918,6178,686,14.83,2022-01-02 19:00:00
697166,1751,9573,149.55,2022-01-05 09:00:00
470452,8642,8122,147.82,2022-01-03 23:00:00
782223,8667,797,164.3,2022-01-05 22:00:00
724429,9674,8470,134.86,2022-01-05 14:00:00
307765,831,9993,354.95,2022-01-02 23:00:00
434221,8912,8857,4.02,2022-01-03 18:00:00
179668,9394,3150,11.72,2022-01-02 03:00:00
1037560,1522,4131,497.33,2022-01-07 13:00:00
202377,503,4908,594.85,2022-01-02 07:00:00
8692,8641,518,112.47,2022-01-01 01:00:00
1181213,2737,5452,141.86,2022-01-08 10:00:00
833748,6649,9818,152.92,2022-01-06 06:00:00
688392,8361,8003,18.54,2022-01-05 08:00:00
466590,8992,9972,2.74,2022-01-03 23:00:00
374462,7149,9796,8.69,2022-01-03 09:00:00
999408,1773,8916,196.19,2022-01-07 07:00:00
1003694,9678,1286,133.36,2022-01-07 07:00:00
134309,3543,9432,17.75,2022-01-01 21:00:00
564322,616,8144,133.99,2022-01-04 13:00:00
971953,3669,7313,167.13,2022-01-07 03:00:00
61477,7175,3658,12.25,2022-01-01 10:00:00
366177,9100,7756,6.98,2022-01-03 07:00:00
138319,6171,4873,16.85,2022-01-01 21:00:00
205993,9656,6311,179.97,2022-01-02 07:00:00
1116585,9666,9987,3.26,2022-01-08 01:00:00
83810,759,7353,180.89,2022-01-01 13:00:00
1192068,9787,3471,190.13,2022-01-08 12:00:00
1104735,9146,4018,7.67,2022-01-07 23:00:00
510628,5856,9991,312.55,2022-01-04 05:00:00
28804,6933,5827,377.19,2022-01-01 05:00:00
546991,9726,6745,147.44,2022-01-04 11:00:00
734764,9588,6295,521.25,2022-01-05 15:00:00
170306,7195,5828,12.63,2022-01-02 02:00:00
1288338,5650,5676,130.22,2022-01-09 02:00:00
325466,3215,9332,13855.27,2022-01-03 01:00:00
1322207,3752,8758,155.38,2022-01-09 07:00:00
477396,996,3438,225.16,2022-01-04 00:00:00
1307614,8627,9605,121.76,2022-01-09 05:00:00
167130,742,6222,120.95,2022-01-02 02:00:00
651466,9676,3576,123.52,2022-01-05 03:00:00
548900,9642,6333,159.52,2022-01-04 11:00:00
1198,3436,7660,524.04,2022-01-01 00:00:00
1000375,9733,6941,165.66,2022-01-07 07:00:00
944571,6191,1475,10.94,2022-01-06 23:00:00
787464,1150,41,19.32,2022-01-05 23:00:00
356267,131,9054,64.56,2022-01-03 06:00:00
882352,9131,7104,5.82,2022-01-06 13:00:00
1097717,6610,3220,173.63,2022-01-07 22:00:00
197936,9632,3996,110.36,2022-01-02 06:00:00
228795,2480,7594,452.01,2022-01-02 11:00:00
704306,9681,4423,128.88,2022-01-05 11:00:00
1126655,5509,9677,3.84,2022-01-08 02:00:00
125473,2106,3984,21.41,2022-01-01 19:00:00
587513,9752,9488,115.98,2022-01-04 17:00:00
522337,3207,5477,132327.67,2022-01-04 07:00:00
5798,9443,9980,494.55,2022-01-01 01:00:00
530092,6543,9304,597.34,2022-01-04 08:00:00
267098,8208,9081,23782.39,2022-01-02 17:00:00
223411,4172,7693,20.29,2022-01-02 10:00:00
536186,8469,9696,557.83,2022-01-04 09:00:00
9574,9669,3728,140.47,2022-01-01 01:00:00
927431,2511,8256,428.26,2022-01-06 20:00:00
576826,9753,256,164.69,2022-01-04 15:00:00
704623,7752,9808,141.64,2022-01-05 11:00:00
622637,9172,9435,9.39,2022-01-04 22:00:00
1234352,1433,5607,498.05,2022-01-08 18:00:00
867395,6707,3965,187.53,2022-01-06 11:00:00
103159,506,8068,578.69,2022-01-01 16:00:00
428385,6760,9476,192.33,2022-01-03 17:00:00
1250890,6123,5473,11.52,2022-01-08 21:00:00
1210500,1178,9900,21.04,2022-01-08 15:00:00
615359,4313,5080,197663.1,2022-01-04 21:00:00
141505,8015,2578,12.1,2022-01-01 22:00:00
681183,4198,9871,24.74,2022-01-05 07:00:00
1020018,9847,1026,15.3,2022-01-07 10:00:00
119164,4485,9774,478.67,2022-01-01 18:00:00
250458,8719,9936,131.94,2022-01-02 14:00:00
950449,7640,5469,116.65,2022-01-06 23:00:00
803786,9763,8461,13.5,2022-01-06 01:00:00
228873,620,4234,116.36,2022-01-02 11:00:00
695049,8091,4577,7.81,2022-01-05 09:00:00
870076,9649,7018,192.25,2022-01-06 11:00:00
228009,8115,8903,10.51,2022-01-02 11:00:00
35855,6667,8074,197.19,2022-01-01 06:00:00
1272140,9400,4174,4.06,2022-01-09 00:00:00
122255,9617,6668,131.91,2022-01-01 19:00:00
929892,9190,5459,4.81,2022-01-06 20:00:00
495362,2584,9377,537.44,2022-01-04 03:00:00
1084963,4787,8978,135.61,2022-01-07 20:00:00
480714,9636,6269,197.94,2022-01-04 01:00:00
947072,5564,8155,468.19,2022-01-06 23:00:00
927077,9739,3829,165.66,2022-01-06 20:00:00
583898,5630,7283,124.19,2022-01-04 16:00:00
637891,4732,9751,2.92,2022-01-05 01:00:00
55809,2703,8969,100.29,2022-01-01 09:00:00
1268190,5031,9828,17.05,2022-01-08 23:00:00
780138,712,4947,195.64,2022-01-05 22:00:00
404101,2198,3014,14.96,2022-01-03 13:00:00
713848,9042,8384,9.88,2022-01-05 12:00:00
202198,8019,8587,10.19,2022-01-02 07:00:00
892868,2405,5042,469.07,2022-01-06 15:00:00
961935,3062,5817,18.94,2022-01-07 01:00:00
23729,5632,9983,110.31,2022-01-01 04:00:00
1214314,8082,5868,9.72,2022-01-08 15:00:00
231265,1018,9925,25.7,2022-01-02 11:00:00
388826,9011,9875,5.81,2022-01-03 11:00:00
80753,2521,8674,518.51,2022-01-01 12:00:00
448874,9644,9981,189.14,2022-01-03 20:00:00
1111742,9778,9480,143.66,2022-01-08 00:00:00
315884,9714,9373,170.33,2022-01-03 00:00:00
1042499,6576,198,422.19,2022-01-07 13:00:00
931885,9101,969,7.94,2022-01-06 21:00:00
1280506,5697,9732,145.74,2022-01-09 01:00:00
592096,9042,9247,9.88,2022-01-04 18:00:00
17814,6630,4076,149.75,2022-01-01 03:00:00
408680,6750,1883,144.19,2022-01-03 14:00:00
104983,160,8770,49.05,2022-01-01 16:00:00
692070,557,1558,411.57,2022-01-05 09:00:00
1126468,3463,2458,402.73,2022-01-08 02:00:00
1061749,2621,9239,172.47,2022-01-07 16:00:00
433190,4828,6163,376.16,2022-01-03 18:00:00
854293,6832,9701,3.23,2022-01-06 09:00:00
714899,4443,1599,594.77,2022-01-05 12:00:00
305166,1134,6291,38.7,2022-01-02 22:00:00
77064,8055,6630,8.66,2022-01-01 12:00:00
432745,7666,9950,102.33,2022-01-03 17:00:00
937709,4413,9311,564.71,2022-01-06 22:00:00
358181,4114,6010,23.74,2022-01-03 06:00:00
304370,9762,9442,103.43,2022-01-02 22:00:00
821655,3195,1148,25.11,2022-01-06 04:00:00
1014385,9790,9733,138.44,2022-01-07 09:00:00
194413,9486,8768,16.64,2022-01-02 06:00:00
793482,4909,7241,14.1,2022-01-06 00:00:00
704134,8764,8395,150.14,2022-01-05 10:00:00
1253504,1792,385,170.63,2022-01-08 21:00:00
539497,8162,9542,9.59,2022-01-04 10:00:00
104610,1878,3326,397.51,2022-01-01 16:00:00
229284,2463,5421,427.85,2022-01-02 11:00:00
516343,7756,2532,15.81,2022-01-04 06:00:00
887768,4649,7884,11.1,2022-01-06 14:00:00
1260113,9674,1330,134.86,2022-01-08 22:00:00
999584,9992,8534,225.11,2022-01-07 07:00:00
1110410,3448,2314,512.82,2022-01-08 00:00:00
954724,7161,8507,11.83,2022-01-07 00:00:00
1218054,6792,9467,161.64,2022-01-08 16:00:00
172989,7974,7068,356.17,2022-01-02 02:00:00
1305475,5462,9410,590.46,2022-01-09 05:00:00
1136269,9678,4986,133.36,2022-01-08 03:00:00
156107,3186,9746,22.31,2022-01-02 00:00:00
318303,3172,9956,22.09,2022-01-03 00:00:00
821214,6721,1987,15.31,2022-01-06 04:00:00
868828,8098,5834,8.46,2022-01-06 11:00:00
1004469,6625,5034,180.36,2022-01-07 08:00:00
1140479,9026,3501,8.21,2022-01-08 04:00:00
1239434,1305,6790,21474836.47,2022-01-08 19:00:00
981704,6073,3499,12.96,2022-01-07 04:00:00
1290360,1086,8346,28.5,2022-01-09 03:00:00
774698,4512,1788,560.55,2022-01-05 21:00:00
364790,9738,9983,139.5,2022-01-03 07:00:00
157646,7087,447,11.8,2022-01-02 00:00:00
631640,7081,4052,14.97,2022-01-05 00:00:00
688455,9429,8475,471.07,2022-01-05 08:00:00
354789,6775,5709,194.6,2022-01-03 06:00:00
852088,2499,8794,430.86,2022-01-06 09:00:00
919536,5360,6107,4166187.5,2022-01-06 19:00:00
1115743,9525,9595,3.31,2022-01-08 00:00:00
116186,3199,8563,19.75,2022-01-01 18:00:00
486460,7566,5274,588.63,2022-01-04 02:00:00
205516,3129,7556,19.39,2022-01-02 07:00:00
1178528,449,7461,557.71,2022-01-08 10:00:00
24367,6056,8298,10.96,2022-01-01 04:00:00
417818,8407,5472,446.05,2022-01-03 15:00:00
1278894,9646,9812,188.13,2022-01-09 01:00:00
325914,5946,9620,14.22,2022-01-03 01:00:00
373361,2137,6961,23.06,2022-01-03 09:00:00
686221,7364,9125,975245.06,2022-01-05 08:00:00
904764,9662,1706,115.23,2022-01-06 17:00:00
312497,2542,7395,461.26,2022-01-02 23:00:00
534581,8161,3615,10.22,2022-01-04 09:00:00
169366,9633,5915,170.36,2022-01-02 02:00:00
658472,747,8940,173.55,2022-01-05 04:00:00
1228719,8724,9760,133.14,2022-01-08 17:00:00
1150096,4106,9353,24.29,2022-01-08 05:00:00
585050,8105,9454,11.54,2022-01-04 17:00:00
613791,3730,8929,150.58,2022-01-04 21:00:00
914600,5165,4686,12.26,2022-01-06 18:00:00
311766,9708,9741,161.83,2022-01-02 23:00:00
249236,3475,7365,476.05,2022-01-02 14:00:00
34843,7447,2459,15.86,2022-01-01 06:00:00
185665,8588,7583,565.25,2022-01-02 04:00:00
1277772,9674,1396,3.26,2022-01-09 01:00:00
537067,9106,1490,5.37,2022-01-04 09:00:00
814545,9025,6851,5.88,2022-01-06 03:00:00
1176851,9581,9981,479.16,2022-01-08 10:00:00
1086214,8571,9660,15.27,2022-01-07 20:00:00
659743,191,1299,34.46,2022-01-05 04:00:00
931002,9479,9641,440.14,2022-01-06 21:00:00
1112816,9782,6623,132.44,2022-01-08 00:00:00
992882,7624,9127,141.91,2022-01-07 06:00:00
362258,3484,4925,502.57,2022-01-03 07:00:00
1076055,5110,9865,17.7,2022-01-07 18:00:00
1191920,7620,6450,184.27,2022-01-08 12:00:00
1035486,466,4593,408.92,2022-01-07 12:00:00
824566,408,4914,588.59,2022-01-06 05:00:00
901981,8196,5087,10.52,2022-01-06 16:00:00
650085,435,9323,421.05,2022-01-05 02:00:00
741649,7147,9797,10.02,2022-01-05 16:00:00
38336,1634,4244,152.08,2022-01-01 06:00:00
1234780,7981,9795,385.07,2022-01-08 18:00:00
229199,6505,9883,559.17,2022-01-02 11:00:00
845315,8454,8530,568.96,2022-01-06 08:00:00
635738,1491,7829,555.71,2022-01-05 00:00:00
252381,4925,8402,261.0,2022-01-02 14:00:00
192327,2126,9801,23.38,2022-01-02 05:00:00
187576,3717,3580,109.18,2022-01-02 05:00:00
475107,3666,9761,3.71,2022-01-04 00:00:00
557333,4403,7220,562.45,2022-01-04 12:00:00
367949,6647,5855,194.11,2022-01-03 08:00:00
326672,8000,9934,7.55,2022-01-03 02:00:00
88502,5743,3852,165.66,2022-01-01 14:00:00
413272,9647,9206,172.64,2022-01-03 14:00:00
500215,2433,8630,403.57,2022-01-04 04:00:00
415164,7696,1655,174.55,2022-01-03 15:00:00
1193729,2601,8113,184.08,2022-01-08 12:00:00
451086,1568,6421,519.17,2022-01-03 20:00:00
663874,9194,2365,7.41,2022-01-05 04:00:00
357755,7593,9861,505.6,2022-01-03 06:00:00
1100463,8683,3675,198.67,2022-01-07 22:00:00
545426,4938,4051,212.33,2022-01-04 10:00:00
731603,6544,2830,414.26,2022-01-05 15:00:00
933192,6069,9991,10.19,2022-01-06 21:00:00
583731,4750,8586,104.63,2022-01-04 16:00:00
1314718,9780,8470,164.21,2022-01-09 06:00:00
508852,9341,9742,12.39,2022-01-04 05:00:00
753362,1604,2463,142.94,2022-01-05 18:00:00
459867,6635,4167,197.97,2022-01-03 22:00:00
1303555,2189,9653,21.46,2022-01-09 05:00:00
1171285,6589,1558,585.66,2022-01-08 09:00:00
372540,3693,6990,183.52,2022-01-03 08:00:00
690086,9776,2272,114.16,2022-01-05 08:00:00
338436,3141,8828,27.56,2022-01-03 03:00:00
1015421,9026,3501,8.21,2022-01-07 09:00:00
267619,1559,6906,476.25,2022-01-02 17:00:00
1243330,1450,2009,428.2,2022-01-08 20:00:00
175107,2484,1107,432.48,2022-01-02 03:00:00
854316,9192,23,5.67,2022-01-06 09:00:00
126404,9079,9703,9.05,2022-01-01 19:00:00
756412,4413,9311,564.71,2022-01-05 18:00:00
703790,9792,4053,103.69,2022-01-05 10:00:00
389455,9220,9623,11.02,2022-01-03 11:00:00
1269981,5044,9965,11.6,2022-01-08 23:00:00
968485,8531,3180,451.94,2022-01-07 02:00:00
886651,532,5098,516.16,2022-01-06 14:00:00
492855,3169,8783,21.86,2022-01-04 03:00:00
518229,8555,4272,445.98,2022-01-04 06:00:00
476127,8135,7785,10.02,2022-01-04 00:00:00
577742,3054,9631,4.27,2022-01-04 15:00:00
600303,6469,5591,453.7,2022-01-04 19:00:00
352766,4094,3200,22.58,2022-01-03 05:00:00
134963,4757,8821,142.75,2022-01-01 21:00:00
529380,7503,7197,530.95,2022-01-04 08:00:00
535190,7793,9875,182.8,2022-01-04 09:00:00
51232,9602,2278,149.35,2022-01-01 08:00:00
687201,2077,9929,31.99,2022-01-05 08:00:00
180006,443,8583,493.44,2022-01-02 03:00:00
1116506,9611,5068,112.83,2022-01-08 01:00:00
796826,3588,465,415.54,2022-01-06 00:00:00
711982,1478,8222,514.72,2022-01-05 12:00:00
789502,430,9971,494.17,2022-01-05 23:00:00
1247031,4416,7682,467.58,2022-01-08 20:00:00
995242,6729,7956,128.02,2022-01-07 06:00:00
1050511,9638,403,179.27,2022-01-07 15:00:00
547662,1668,3333,135.64,2022-01-04 11:00:00
557232,5067,5186,17.02,2022-01-04 12:00:00
499020,8146,3959,10.44,2022-01-04 04:00:00
979517,729,9658,139.64,2022-01-07 04:00:00
643180,6411,146,434.66,2022-01-05 01:00:00
307109,5541,4509,569.46,2022-01-02 23:00:00
1286535,9686,9617,128.75,2022-01-09 02:00:00
76660,8517,5272,490.95,2022-01-01 12:00:00
883905,9740,9661,115.29,2022-01-06 13:00:00
995040,2733,2686,18.79,2022-01-07 06:00:00
1126975,6693,7597,132.36,2022-01-08 02:00:00
1111193,3133,8029,13.63,2022-01-08 00:00:00
407903,2012,4232,17.56,2022-01-03 14:00:00
365120,6018,8985,13.38,2022-01-03 07:00:00
514276,9778,7484,143.66,2022-01-04 06:00:00
376137,7527,8584,557.04,2022-01-03 09:00:00
5041,3416,9953,521.11,2022-01-01 01:00:00
105088,7763,9369,155.13,2022-01-01 16:00:00
443743,6703,7487,132.66,2022-01-03 19:00:00
749238,4563,6981,461.64,2022-01-05 17:00:00
926549,9026,7398,8.21,2022-01-06 20:00:00
47031,3708,7524,163.27,2022-01-01 07:00:00
1190342,4643,4393,118.52,2022-01-08 12:00:00
369786,7102,9989,16.57,2022-01-03 08:00:00
979632,7392,6575,5112411.5,2022-01-07 04:00:00
653762,5449,9212,474.73,2022-01-05 03:00:00
1020756,5756,6064,189.11,2022-01-07 10:00:00
697073,5045,9933,21.09,2022-01-05 09:00:00
172823,7695,4340,142.44,2022-01-02 02:00:00
285190,9844,3393,10.13,2022-01-02 19:00:00
1042286,3413,9950,554.54,2022-01-07 13:00:00
1238645,2102,2810,17.52,2022-01-08 19:00:00
113844,3069,8350,19.34,2022-01-01 17:00:00
1288857,7505,9750,3.22,2022-01-09 02:00:00
610296,7536,4084,535.05,2022-01-04 20:00:00
1151904,5492,5372,434.48,2022-01-08 06:00:00
1183575,9515,6350,475.08,2022-01-08 11:00:00
1276398,3617,4164,196.27,2022-01-09 00:00:00
1237659,9408,7442,473.48,2022-01-08 19:00:00
838218,7404,9158,569.91,2022-01-06 07:00:00
886621,46,9923,59.55,2022-01-06 14:00:00
1227554,6789,8397,141.91,2022-01-08 17:00:00
59996,8695,7421,145.05,2022-01-01 09:00:00
1148445,8982,9477,328.26,2022-01-08 05:00:00
726825,7508,3525,540.84,2022-01-05 14:00:00
393657,9028,4971,7.58,2022-01-03 12:00:00
1187792,7059,9788,16.97,2022-01-08 11:00:00
14366,8416,8552,561.36,2022-01-01 02:00:00
479730,9702,9894,193.36,2022-01-04 01:00:00
719711,9185,8193,7.27,2022-01-05 13:00:00
309222,673,9989,110.55,2022-01-02 23:00:00
24577,9802,3082,204.02,2022-01-01 04:00:00
515519,6337,5506,100594.07,2022-01-04 06:00:00
64895,236,5979,4.84,2022-01-01 10:00:00
698538,7525,7385,584.9,2022-01-05 10:00:00
521301,784,3724,120.12,2022-01-04 07:00:00
1040784,5417,3924,539.21,2022-01-07 13:00:00
938361,1747,7282,154.19,2022-01-06 22:00:00
163848,7193,4912,11.47,2022-01-02 01:00:00
388435,407,3925,571.97,2022-01-03 11:00:00
324494,3581,7495,458.94,2022-01-03 01:00:00
626791,4171,347,15.59,2022-01-04 23:00:00
877425,5023,4386,14.17,2022-01-06 12:00:00
693706,9796,5636,168.05,2022-01-05 09:00:00
505171,5631,5184,107.91,2022-01-04 04:00:00
640155,9168,6825,5.62,2022-01-05 01:00:00
329716,4655,562,194.08,2022-01-03 02:00:00
162042,1739,7553,103.18,2022-01-02 01:00:00
1144447,9659,3491,191.0,2022-01-08 05:00:00
1226444,5318,9579,14589789.0,2022-01-08 17:00:00
1252154,4110,9986,15.14,2022-01-08 21:00:00
814512,9781,5617,145.58,2022-01-06 03:00:00
327335,2508,7186,515.65,2022-01-03 02:00:00
299150,7171,8524,15.02,2022-01-02 21:00:00
897622,3167,7826,16.77,2022-01-06 16:00:00
29348,9770,6180,10.39,2022-01-01 05:00:00
688553,9153,9225,5.85,2022-01-05 08:00:00
1142066,5093,6447,21.43,2022-01-08 04:00:00
415307,9742,7601,160.02,2022-01-03 15:00:00
722443,4453,9576,488.89,2022-01-05 13:00:00
987615,3378,9,8593778.0,2022-01-07 05:00:00
898488,9588,6295,521.25,2022-01-06 16:00:00
610690,578,7289,428.51,2022-01-04 20:00:00
1187531,9694,2957,105.93,2022-01-08 11:00:00
923089,7165,7465,12.42,2022-01-06 19:00:00
563277,9521,9883,477.85,2022-01-04 13:00:00
442727,5127,6656,10.92,2022-01-03 19:00:00
611774,5220,8063,385819.34,2022-01-04 21:00:00
967913,9137,5583,6.9,2022-01-07 02:00:00
686986,1447,3537,453.1,2022-01-05 08:00:00
849452,5135,7479,21.36,2022-01-06 08:00:00
793539,9107,9996,9.05,2022-01-06 00:00:00
885445,5472,9641,466.54,2022-01-06 14:00:00
181499,4608,8157,197.94,2022-01-02 04:00:00
845720,9602,5728,149.35,2022-01-06 08:00:00
1258791,9136,5960,8.9,2022-01-08 22:00:00
813739,9074,6141,8.69,2022-01-06 03:00:00
651740,9068,9979,6.65,2022-01-05 03:00:00
849572,7015,7840,16.92,2022-01-06 08:00:00
1045962,6772,2409,131.27,2022-01-07 14:00:00
841775,4669,9990,194.25,2022-01-06 07:00:00
1134786,6484,4361,531.71,2022-01-08 03:00:00
134323,8051,3733,3.0,2022-01-01 21:00:00
482940,7777,9881,178.36,2022-01-04 01:00:00
799843,7460,3549,483.3,2022-01-06 01:00:00
107315,1481,5383,476.23,2022-01-01 16:00:00
81553,9111,9984,8.87,2022-01-01 13:00:00
862487,5667,5536,193.58,2022-01-06 10:00:00
1241489,8636,3862,119.2,2022-01-08 19:00:00
1315339,6070,8405,16.32,2022-01-09 06:00:00
1021582,1530,6110,596.83,2022-01-07 10:00:00
551643,2475,5340,408.54,2022-01-04 11:00:00
185087,7654,4589,127.73,2022-01-02 04:00:00
324808,9948,8650,322.6,2022-01-03 01:00:00
1229383,527,7287,591.63,2022-01-08 17:00:00
1102725,8438,3170,497.32,2022-01-07 22:00:00
1319182,9758,5730,183.74,2022-01-09 07:00:00
655128,6501,8167,454.85,2022-01-05 03:00:00
9289,5468,9908,444.17,2022-01-01 01:00:00
35130,3791,7532,185.72,2022-01-01 06:00:00
708504,2981,9278,217.13,2022-01-05 11:00:00
188709,592,9970,541.26,2022-01-02 05:00:00
730812,9669,5370,140.47,2022-01-05 15:00:00
1141938,6644,9096,155.66,2022-01-08 04:00:00
1253711,5188,8199,18.0,2022-01-08 21:00:00
966661,9734,9792,151.13,2022-01-07 02:00:00
815814,4646,1777,187.66,2022-01-06 03:00:00
973561,8684,6572,102.15,2022-01-07 03:00:00
1195612,8702,1871,2.54,2022-01-08 12:00:00
359979,6082,1226,10.22,2022-01-03 06:00:00
95326,5565,5251,535.85,2022-01-01 15:00:00
55449,9508,8134,414.04,2022-01-01 09:00:00
567520,5919,2997,4.75,2022-01-04 14:00:00
1260055,8158,9815,8.26,2022-01-08 22:00:00
924425,9014,9836,5.93,2022-01-06 20:00:00
128367,5426,9179,576.23,2022-01-01 20:00:00
352079,485,9477,587.15,2022-01-03 05:00:00
1063888,5429,9499,509.98,2022-01-07 17:00:00
750938,5060,9719,15.69,2022-01-05 17:00:00
697434,7476,1865,487.08,2022-01-05 10:00:00
321447,9752,8078,115.98,2022-01-03 01:00:00
991901,7068,6202,15.33,2022-01-07 06:00:00
22354,2171,9997,31.9,2022-01-01 04:00:00
1103380,1549,1149,3.8,2022-01-07 23:00:00
1088912,5878,7947,18.64,2022-01-07 20:00:00
424969,4059,8130,16.83,2022-01-03 16:00:00
675106,7109,4718,14.37,2022-01-05 06:00:00
1295872,5786,9702,150.41,2022-01-09 03:00:00
1266482,3734,9988,4.75,2022-01-08 23:00:00
954718,7161,1464,11.83,2022-01-07 00:00:00
68497,695,9112,138.83,2022-01-01 11:00:00
1026969,9692,7783,143.27,2022-01-07 11:00:00
1044492,9166,4142,7.26,2022-01-07 14:00:00
1266778,9923,7165,350.02,2022-01-08 23:00:00
394619,5780,7160,166.05,2022-01-03 12:00:00
939940,8139,5415,16.71,2022-01-06 22:00:00
212893,8152,2863,10.44,2022-01-02 08:00:00
750711,9790,5758,138.44,2022-01-05 17:00:00
697291,8120,9202,9.07,2022-01-05 09:00:00
235053,5415,6361,406.3,2022-01-02 12:00:00
766449,9633,5301,170.36,2022-01-05 20:00:00
500680,8123,9183,7.15,2022-01-04 04:00:00
512229,8030,8380,3.54,2022-01-04 06:00:00
491343,3006,2259,20.57,2022-01-04 02:00:00
694970,2515,495,527.45,2022-01-05 09:00:00
7928,5234,8918,152.13,2022-01-01 01:00:00
99695,9472,6251,436.98,2022-01-01 15:00:00
106796,934,6685,207.25,2022-01-01 16:00:00
1242592,5548,2548,432.83,2022-01-08 19:00:00
803418,9791,6476,112.93,2022-01-06 01:00:00
680955,6984,5580,231.13,2022-01-05 07:00:00
143281,9165,7093,5.01,2022-01-01 22:00:00
401779,5623,3655,178.53,2022-01-03 13:00:00
222723,9705,9785,147.16,2022-01-02 10:00:00
939098,7619,9861,101.52,2022-01-06 22:00:00
1138812,8189,9791,9.74,2022-01-08 04:00:00
339523,6664,5823,195.99,2022-01-03 03:00:00
1199249,2766,7949,103.79,2022-01-08 13:00:00
1246253,9604,8674,102.51,2022-01-08 20:00:00
656503,9084,1965,5.2,2022-01-05 03:00:00
264238,7146,896,12.48,2022-01-02 16:00:00
1294793,2444,7582,438.32,2022-01-09 03:00:00
616623,9986,2090,12.56,2022-01-04 21:00:00
799734,8774,7166,165.19,2022-01-06 01:00:00
947185,8688,7751,142.24,2022-01-06 23:00:00
564009,8179,9551,10.76,2022-01-04 13:00:00
1206837,9005,9011,9.1,2022-01-08 14:00:00
1123643,7722,7740,177.22,2022-01-08 02:00:00
651281,6576,198,422.19,2022-01-05 03:00:00
790341,8628,9997,172.57,2022-01-05 23:00:00
253643,7030,8929,11.51,2022-01-02 15:00:00
270354,7135,3138,10.48,2022-01-02 17:00:00
170526,4192,9809,20.1,2022-01-02 02:00:00
227277,3557,7253,475.69,2022-01-02 11:00:00
380421,7760,7172,100.94,2022-01-03 10:00:00
832857,9518,1977,19.18,2022-01-06 06:00:00
208467,5120,9577,12.25,2022-01-02 08:00:00
505413,930,8623,361.17,2022-01-04 04:00:00
1218357,4011,6420,13.62,2022-01-08 16:00:00
444429,174,4491,41.33,2022-01-03 19:00:00
347641,9781,4072,145.58,2022-01-03 05:00:00
978034,9013,9693,9.19,2022-01-07 04:00:00
316052,7713,7117,130.02,2022-01-03 00:00:00
503968,1634,4244,152.08,2022-01-04 04:00:00
540109,8431,9366,508.89,2022-01-04 10:00:00
76863,8739,6014,150.52,2022-01-01 12:00:00
772752,5179,7972,13.58,2022-01-05 21:00:00
15364,9096,8765,7.99,2022-01-01 02:00:00
762752,8697,1601,128.46,2022-01-05 19:00:00
1155876,9997,8411,260.85,2022-01-08 06:00:00
1046577,8009,4882,13.16,2022-01-07 14:00:00
941584,3797,4724,144.69,2022-01-06 22:00:00
189917,512,9884,401.44,2022-01-02 05:00:00
1262780,4795,6945,173.33,2022-01-08 22:00:00
456186,5446,3691,491.39,2022-01-03 21:00:00
976627,5195,9983,11.64,2022-01-07 03:00:00
1016826,8059,8963,11.62,2022-01-07 09:00:00
155147,9136,6908,8.9,2022-01-02 00:00:00
35265,8582,5580,594.0,2022-01-01 06:00:00
935810,9166,7961,7.26,2022-01-06 21:00:00
84393,9781,7714,145.58,2022-01-01 13:00:00
950742,5006,8175,13.26,2022-01-06 23:00:00
743618,1452,2922,427.73,2022-01-05 16:00:00
629052,3403,2888,585.32,2022-01-04 23:00:00
485104,9737,773,181.52,2022-01-04 01:00:00
1182321,1677,4872,195.38,2022-01-08 10:00:00
295753,3790,9685,123.65,2022-01-02 21:00:00
1279294,4700,9389,161.85,2022-01-09 01:00:00
1067990,6689,4320,198.41,2022-01-07 17:00:00
417317,9589,9269,4.4,2022-01-03 15:00:00
307301,1179,2176,35.35,2022-01-02 23:00:00
844105,7849,7385,225.77,2022-01-06 07:00:00
58248,9707,4200,166.41,2022-01-01 09:00:00
1187903,7454,4706,579.96,2022-01-08 11:00:00
1070633,9710,9648,133.83,2022-01-07 18:00:00
1117021,4430,2092,542.14,2022-01-08 01:00:00
1121783,9102,8958,18.5,2022-01-08 01:00:00
92553,1389,6013,8389.0,2022-01-01 14:00:00
684569,8033,3982,10.43,2022-01-05 07:00:00
963699,8577,4073,459.85,2022-01-07 02:00:00
1299966,9274,9857,3.03,2022-01-09 04:00:00
530339,6517,6176,434.44,2022-01-04 08:00:00
965502,3150,7256,19.34,2022-01-07 02:00:00
1313865,9774,2302,121.25,2022-01-09 06:00:00
299590,7601,9293,149.33,2022-01-02 21:00:00
197905,4655,2720,194.08,2022-01-02 06:00:00
639143,7633,7755,188.64,2022-01-05 01:00:00
269300,5692,9695,4.0,2022-01-02 17:00:00
1177478,9005,9564,9.1,2022-01-08 10:00:00
88927,5037,7694,16.96,2022-01-01 14:00:00
625661,6789,9559,141.91,2022-01-04 23:00:00
272919,9656,9314,179.97,2022-01-02 17:00:00
1266983,9791,9737,112.93,2022-01-08 23:00:00
607842,9112,9129,9.26,2022-01-04 20:00:00
1103478,8484,6076,413.45,2022-01-07 23:00:00
289681,598,9562,456.01,2022-01-02 20:00:00
780410,5630,7283,124.19,2022-01-05 22:00:00
322928,5448,4162,446.2,2022-01-03 01:00:00
81214,9731,8518,150.02,2022-01-01 12:00:00
791827,9887,9752,12.75,2022-01-06 00:00:00
489396,6183,2950,18.75,2022-01-04 02:00:00
138843,1488,9411,471.82,2022-01-01 21:00:00
1178773,4504,1778,522.92,2022-01-08 10:00:00
459254,1595,3504,449.69,2022-01-03 22:00:00
715447,8408,5195,478.77,2022-01-05 12:00:00
1307397,7608,2795,114.04,2022-01-09 05:00:00
113865,9987,3733,3.24,2022-01-01 17:00:00
233007,5305,9402,14.31,2022-01-02 12:00:00
209917,3428,9983,504.2,2022-01-02 08:00:00
1149213,4098,4892,17.06,2022-01-08 05:00:00
831863,8532,9663,469.27,2022-01-06 06:00:00
456504,7519,8025,480.45,2022-01-03 21:00:00
877080,4553,4183,585.9,2022-01-06 12:00:00
39904,9734,9717,151.13,2022-01-01 06:00:00
828470,7627,7319,152.8,2022-01-06 05:00:00
250706,9626,4685,115.29,2022-01-02 14:00:00
199474,6642,6979,3.25,2022-01-02 06:00:00
1265838,5523,9574,481.77,2022-01-08 23:00:00
1048288,9570,8794,506.67,2022-01-07 14:00:00
791818,2572,477,406.23,2022-01-06 00:00:00
367765,9786,9086,101.3,2022-01-03 08:00:00
1287565,8186,5825,12.64,2022-01-09 02:00:00
828478,4195,9190,15.95,2022-01-06 05:00:00
1080163,9798,5449,144.36,2022-01-07 19:00:00
1014828,6095,9133,18.11,2022-01-07 09:00:00
468307,9635,9321,3.35,2022-01-03 23:00:00
941956,5038,6155,19.97,2022-01-06 22:00:00
684154,7689,6497,168.64,2022-01-05 07:00:00
1089791,5784,9793,122.31,2022-01-07 20:00:00
542188,9783,8229,171.58,2022-01-04 10:00:00
714214,5205,8622,820265.75,2022-01-05 12:00:00
1136145,2756,9728,164.89,2022-01-08 03:00:00
178229,5156,7408,12.9,2022-01-02 03:00:00
375330,9012,8962,5.07,2022-01-03 09:00:00
756207,4146,7137,15.14,2022-01-05 18:00:00
529531,123,9495,66.01,2022-01-04 08:00:00
14068,3096,9157,27.09,2022-01-01 02:00:00
694512,7601,9665,149.33,2022-01-05 09:00:00
211236,2781,9904,182.89,2022-01-02 08:00:00
754622,8427,6087,437.8,2022-01-05 18:00:00
1211639,9118,8920,5.1,2022-01-08 15:00:00
632365,9696,5034,118.33,2022-01-05 00:00:00
1081195,8588,7583,565.25,2022-01-07 19:00:00
940071,4855,9982,355.75,2022-01-06 22:00:00
572343,559,9557,483.45,2022-01-04 15:00:00
735302,6275,9731,240708.9,2022-01-05 15:00:00
748138,5076,6307,21.97,2022-01-05 17:00:00
639766,1496,8201,474.79,2022-01-05 01:00:00
1239560,5715,4858,166.66,2022-01-08 19:00:00
150473,6030,3022,15.4,2022-01-01 23:00:00
213020,8604,7790,139.83,2022-01-02 08:00:00
193002,1542,7440,400.89,2022-01-02 05:00:00
229334,8097,9047,11.96,2022-01-02 11:00:00
693410,6003,1894,13.12,2022-01-05 09:00:00
1214870,7689,4802,168.64,2022-01-08 15:00:00
500409,2198,3014,24.02,2022-01-04 04:00:00
210719,5187,3475,12.52,2022-01-02 08:00:00
1014512,5488,9177,425.5,2022-01-07 09:00:00
274454,2683,9880,103.29,2022-01-02 18:00:00
716523,3137,9574,20.83,2022-01-05 12:00:00
723026,9497,9961,436.2,2022-01-05 13:00:00
942206,7975,9800,284.94,2022-01-06 22:00:00
1091448,7258,3837,11209708.0,2022-01-07 21:00:00
804658,8668,6454,123.31,2022-01-06 02:00:00
1267352,8747,8970,173.53,2022-01-08 23:00:00
525326,9997,9485,4.29,2022-01-04 08:00:00
632008,8072,8062,8.71,2022-01-05 00:00:00
990718,6545,2006,530.98,2022-01-07 06:00:00
151619,9105,4485,5.46,2022-01-01 23:00:00
95414,4558,1459,544.21,2022-01-01 15:00:00
704461,9753,9752,164.69,2022-01-05 11:00:00
62919,1488,9826,4.31,2022-01-01 10:00:00
570558,7106,9174,11.45,2022-01-04 14:00:00
462226,9739,5626,165.66,2022-01-03 22:00:00
658531,8681,6217,107.56,2022-01-05 04:00:00
1034884,1476,8116,468.17,2022-01-07 12:00:00
265766,9625,9884,199.88,2022-01-02 16:00:00
888319,2495,4537,2.77,2022-01-06 14:00:00
990279,7333,2494,3.47,2022-01-07 06:00:00
593301,9996,1337,344.98,2022-01-04 18:00:00
678258,3153,3638,22.71,2022-01-05 07:00:00
393878,519,8611,468.89,2022-01-03 12:00:00
396844,7348,9903,70578.94,2022-01-03 12:00:00
403046,4453,9576,488.89,2022-01-03 13:00:00
1028185,3734,9786,121.29,2022-01-07 11:00:00
1005396,9118,5268,5.1,2022-01-07 08:00:00
1227508,1099,7954,38.56,2022-01-08 17:00:00
648036,4523,9586,554.4,2022-01-05 02:00:00
826249,6760,9476,192.33,2022-01-06 05:00:00
1113134,7587,5032,415.23,2022-01-08 00:00:00
1058191,2253,3502,4.0,2022-01-07 16:00:00
603322,6024,4359,19.84,2022-01-04 19:00:00
511135,7518,7473,560.28,2022-01-04 05:00:00
957742,9796,9963,168.05,2022-01-07 01:00:00
258541,7014,9739,10.67,2022-01-02 15:00:00
785481,9031,2200,8.34,2022-01-05 23:00:00
868054,9965,6400,3.64,2022-01-06 11:00:00
422626,8164,7039,9.98,2022-01-03 16:00:00
874287,9721,3164,117.81,2022-01-06 12:00:00
656054,4530,1657,535.4,2022-01-05 03:00:00
1047965,3723,9031,179.08,2022-01-07 14:00:00
881414,3654,4935,188.13,2022-01-06 13:00:00
320683,6168,9530,19.37,2022-01-03 01:00:00
767674,6602,2879,10.44,2022-01-05 20:00:00
1119198,3587,3837,537.95,2022-01-08 01:00:00
1115936,2413,9300,401.39,2022-01-08 00:00:00
160196,6157,5957,19.42,2022-01-02 00:00:00
819358,4526,6916,487.02,2022-01-06 04:00:00
465539,7449,9876,3.03,2022-01-03 22:00:00
997095,9638,1440,3.18,2022-01-07 07:00:00
1274159,1458,9854,572.4,2022-01-09 00:00:00
352174,7909,9951,13.22,2022-01-03 05:00:00
56557,8528,9872,546.38,2022-01-01 09:00:00
901776,6636,9987,183.22,2022-01-06 16:00:00
505549,3504,9909,571.5,2022-01-04 04:00:00
520839,4487,1316,455.69,2022-01-04 07:00:00
810007,3863,8205,252.86,2022-01-06 02:00:00
120161,5016,9853,22.06,2022-01-01 18:00:00
33476,6676,1500,122.8,2022-01-01 05:00:00
1292590,6654,8788,103.94,2022-01-09 03:00:00
661811,5920,682,368.48,2022-01-05 04:00:00
642376,3760,7316,166.25,2022-01-05 01:00:00
64385,6741,9914,190.61,2022-01-01 10:00:00
109477,6546,9213,406.42,2022-01-01 17:00:00
993973,3863,8205,252.86,2022-01-07 06:00:00
1041250,3147,1892,4.98,2022-01-07 13:00:00
1248829,8472,9485,425.45,2022-01-08 20:00:00
849138,6237,9518,19.18,2022-01-06 08:00:00
632255,2688,9540,101.19,2022-01-05 00:00:00
1278154,9726,9871,147.44,2022-01-09 01:00:00
643200,5073,7785,17.63,2022-01-05 01:00:00
265573,6613,9979,162.3,2022-01-02 16:00:00
181547,9106,1424,5.37,2022-01-02 04:00:00
867109,7500,8762,414.48,2022-01-06 11:00:00
282318,7594,5470,530.65,2022-01-02 19:00:00
840745,3177,334,15.33,2022-01-06 07:00:00
360052,7838,9884,380.95,2022-01-03 06:00:00
257097,6132,9927,15.59,2022-01-02 15:00:00
677429,5403,234,540.42,2022-01-05 06:00:00
1319956,3666,9859,180.33,2022-01-09 07:00:00
1030404,6307,1548,16.42,2022-01-07 12:00:00
1229487,7729,8381,163.97,2022-01-08 17:00:00
478703,3756,9478,145.8,2022-01-04 00:00:00
966835,3124,8000,16.59,2022-01-07 02:00:00
374314,8027,4776,9.73,2022-01-03 09:00:00
1298915,4796,8797,143.36,2022-01-09 04:00:00
818475,9675,9442,192.17,2022-01-06 04:00:00
214878,8476,5196,532.05,2022-01-02 09:00:00
770750,610,3819,175.52,2022-01-05 21:00:00
522365,9722,8803,148.63,2022-01-04 07:00:00
1223117,8623,4421,174.16,2022-01-08 17:00:00
269446,501,9872,469.57,2022-01-02 17:00:00
129330,1784,3967,182.82,2022-01-01 20:00:00
505865,2616,9859,154.58,2022-01-04 05:00:00
1157613,9627,5105,140.52,2022-01-08 07:00:00
1056739,7538,2867,439.02,2022-01-07 15:00:00
847488,9666,2518,130.36,2022-01-06 08:00:00
1178518,7744,4159,142.86,2022-01-08 10:00:00
946315,4583,1755,507.57,2022-01-06 23:00:00
1081066,2954,9135,200.44,2022-01-07 19:00:00
416086,4785,9821,179.5,2022-01-03 15:00:00
97227,8606,1350,156.53,2022-01-01 15:00:00
268072,2933,9103,380.14,2022-01-02 17:00:00
1020749,3197,2245,3.85,2022-01-07 10:00:00
1044145,9013,9766,9.19,2022-01-07 14:00:00
516396,9644,3590,189.14,2022-01-04 06:00:00
1201125,9769,8770,191.19,2022-01-08 13:00:00
618974,6546,9213,406.42,2022-01-04 22:00:00
396630,8621,8733,141.85,2022-01-03 12:00:00
510242,8608,9291,147.5,2022-01-04 05:00:00
145934,6745,8393,142.77,2022-01-01 22:00:00
189223,5772,9878,168.78,2022-01-02 05:00:00
299629,8914,9652,393.89,2022-01-02 21:00:00
151029,5490,1778,588.08,2022-01-01 23:00:00
1092735,2097,3643,21.46,2022-01-07 21:00:00
1129359,3068,8406,28.22,2022-01-08 02:00:00
702495,8795,7792,195.92,2022-01-05 10:00:00
930898,9713,4681,178.52,2022-01-06 21:00:00
1039304,5762,9952,108.55,2022-01-07 13:00:00
718195,9405,7244,485.1,2022-01-05 13:00:00
1223222,6885,9960,360.35,2022-01-08 17:00:00
841220,6156,528,11.69,2022-01-06 07:00:00
841406,8662,7718,134.97,2022-01-06 07:00:00
746594,1294,1344,16.79,2022-01-05 17:00:00
937842,7405,4020,413.92,2022-01-06 22:00:00
1148367,9740,9027,115.29,2022-01-08 05:00:00
103272,8309,9685,3.26,2022-01-01 16:00:00
1274511,3344,9002,21474836.47,2022-01-09 00:00:00
1065050,6427,9245,501.42,2022-01-07 17:00:00
1090310,7098,7252,8.48,2022-01-07 21:00:00
797895,4584,2954,491.17,2022-01-06 01:00:00
404906,5032,6036,19.7,2022-01-03 13:00:00
1000941,4517,9972,408.85,2022-01-07 07:00:00
490339,6587,960,494.64,2022-01-04 02:00:00
439526,8115,8903,10.51,2022-01-03 18:00:00
187657,9196,3405,7.32,2022-01-02 05:00:00
433982,1809,266,234.83,2022-01-03 18:00:00
305663,2454,8623,16.51,2022-01-02 22:00:00
749969,9636,9790,197.94,2022-01-05 17:00:00
181176,9709,7569,176.14,2022-01-02 04:00:00
1291661,8089,4537,9.51,2022-01-09 03:00:00
1254557,9679,3715,155.69,2022-01-08 21:00:00
1288654,4888,2008,202.53,2022-01-09 02:00:00
525388,6471,9553,406.17,2022-01-04 08:00:00
806299,8458,9003,502.01,2022-01-06 02:00:00
54258,8412,8651,529.7,2022-01-01 09:00:00
95676,8448,9993,568.96,2022-01-01 15:00:00
322314,4294,9806,70896.12,2022-01-03 01:00:00
245482,6164,9888,12.9,2022-01-02 13:00:00
726719,593,9476,494.29,2022-01-05 14:00:00
947279,1036,9929,38.98,2022-01-06 23:00:00
950879,9747,2045,101.44,2022-01-07 00:00:00
714589,9553,6471,486.01,2022-01-05 12:00:00
23915,3906,992,3.96,2022-01-01 04:00:00
221214,5673,9162,188.27,2022-01-02 10:00:00
939892,3422,3241,10.43,2022-01-06 22:00:00
92197,516,9998,571.84,2022-01-01 14:00:00
660570,9491,7066,432.77,2022-01-05 04:00:00
252414,7661,1547,169.41,2022-01-02 14:00:00
1080348,8677,9979,161.38,2022-01-07 19:00:00
461171,574,4184,486.33,2022-01-03 22:00:00
930543,6304,5580,1335478.5,2022-01-06 21:00:00
677526,4746,4486,106.3,2022-01-05 06:00:00
992789,7465,7165,553.0,2022-01-07 06:00:00
837421,6067,7240,13.92,2022-01-06 06:00:00
17775,8130,1624,8.39,2022-01-01 03:00:00
827576,410,4305,481.6,2022-01-06 05:00:00
302451,4514,4393,533.16,2022-01-02 22:00:00
778701,9778,6399,143.66,2022-01-05 22:00:00
436855,3605,2923,114.09,2022-01-03 18:00:00
885910,3406,8695,513.89,2022-01-06 14:00:00
1136966,4677,9860,190.16,2022-01-08 03:00:00
33778,3772,7511,171.61,2022-01-01 05:00:00
311444,6409,9433,583.78,2022-01-02 23:00:00
1120842,7566,5566,13.09,2022-01-08 01:00:00
848918,8438,3170,497.32,2022-01-06 08:00:00
532639,5009,9180,13.42,2022-01-04 09:00:00
94034,2776,5841,181.97,2022-01-01 14:00:00
849856,7650,9777,179.44,2022-01-06 08:00:00
627492,3165,2352,26.18,2022-01-04 23:00:00
575665,8438,3170,497.32,2022-01-04 15:00:00
1244070,493,908,406.02,2022-01-08 20:00:00
168577,6480,8035,575.34,2022-01-02 02:00:00
641969,2736,9828,136.97,2022-01-05 01:00:00
1260001,5052,7053,12.28,2022-01-08 22:00:00
22099,6606,9737,116.87,2022-01-01 04:00:00
718309,2780,7237,165.08,2022-01-05 13:00:00
328380,9412,5733,12.25,2022-01-03 02:00:00
675514,3425,9036,437.61,2022-01-05 06:00:00
1112763,4438,9689,573.57,2022-01-08 00:00:00
1079937,9928,976,3.06,2022-01-07 19:00:00
124958,2584,9377,537.44,2022-01-01 19:00:00
491283,9120,8583,5.4,2022-01-04 02:00:00
1093355,6781,976,3.51,2022-01-07 21:00:00
213230,2504,3406,455.89,2022-01-02 08:00:00
782030,7990,7850,15.0,2022-01-05 22:00:00
434475,6649,7212,152.92,2022-01-03 18:00:00
813280,8686,9926,122.06,2022-01-06 03:00:00
1065387,4109,8199,19.42,2022-01-07 17:00:00
921659,9679,9917,155.69,2022-01-06 19:00:00
1288587,5757,9701,18.51,2022-01-09 02:00:00
1154973,9944,6474,248.17,2022-01-08 06:00:00
1127953,7637,664,199.55,2022-01-08 02:00:00
1030065,6146,3060,15.68,2022-01-07 11:00:00
1053058,7540,8321,563.96,2022-01-07 15:00:00
358991,8523,9849,3.02,2022-01-03 06:00:00
542797,6753,1755,149.02,2022-01-04 10:00:00
1284037,5199,9447,11.96,2022-01-09 02:00:00
26342,2594,9167,504.98,2022-01-01 04:00:00
181752,5563,8820,530.6,2022-01-02 04:00:00
1032749,9732,7558,121.75,2022-01-07 12:00:00
424487,963,9987,257.95,2022-01-03 16:00:00
930574,7634,6924,169.38,2022-01-06 21:00:00
516349,7715,8190,111.27,2022-01-04 06:00:00
1299804,3199,8913,19.75,2022-01-09 04:00:00
827764,9764,9710,195.19,2022-01-06 05:00:00
520095,9567,5129,14.44,2022-01-04 07:00:00
393360,7495,9124,514.57,2022-01-03 12:00:00
388937,7165,7225,12.42,2022-01-03 11:00:00
935455,1418,3149,404.23,2022-01-06 21:00:00
1238521,9681,7180,128.88,2022-01-08 19:00:00
622211,2714,2281,164.33,2022-01-04 22:00:00
842823,9750,8886,140.86,2022-01-06 07:00:00
219919,7586,9531,572.32,2022-01-02 09:00:00
1321177,7467,9216,577.75,2022-01-09 07:00:00
613261,9790,3235,138.44,2022-01-04 21:00:00
725206,2550,9345,524.4,2022-01-05 14:00:00
976134,5678,5898,185.55,2022-01-07 03:00:00
1183623,9421,6252,479.82,2022-01-08 11:00:00
766830,9797,9967,4.7,2022-01-05 20:00:00
754836,1480,9970,473.5,2022-01-05 18:00:00
545786,8193,9524,7.49,2022-01-04 10:00:00
141439,790,5774,123.18,2022-01-01 22:00:00
243885,9750,7290,140.86,2022-01-02 13:00:00
923805,8403,7011,413.75,2022-01-06 20:00:00
704621,7752,8405,141.64,2022-01-05 11:00:00
939351,3498,9345,483.01,2022-01-06 22:00:00
907106,2907,5063,206.0,2022-01-06 17:00:00
1144383,3161,9992,23.16,2022-01-08 05:00:00
1283157,5524,8256,442.2,2022-01-09 01:00:00
472080,7628,2262,111.33,2022-01-03 23:00:00
956338,8546,2494,3.47,2022-01-07 00:00:00
1003710,9678,3946,133.36,2022-01-07 07:00:00
217949,5046,8854,13.55,2022-01-02 09:00:00
118900,6485,8387,560.46,2022-01-01 18:00:00
373438,8608,9523,147.5,2022-01-03 09:00:00
943243,4635,1816,184.69,2022-01-06 22:00:00
534131,9768,462,161.94,2022-01-04 09:00:00
473534,6662,7998,165.5,2022-01-04 00:00:00
130795,5032,3652,19.7,2022-01-01 20:00:00
331169,245,9457,3406.58,2022-01-03 02:00:00
997178,2490,2468,590.92,2022-01-07 07:00:00
976881,17,2764,99.13,2022-01-07 04:00:00
893996,9692,6924,143.27,2022-01-06 15:00:00
668306,740,6906,4.71,2022-01-05 05:00:00
1308439,4466,9752,438.57,2022-01-09 05:00:00
1074923,9575,9983,555.5,2022-01-07 18:00:00
237944,8635,5195,169.74,2022-01-02 12:00:00
974125,6477,2942,537.36,2022-01-07 03:00:00
812563,5599,7033,419.51,2022-01-06 03:00:00
548852,8593,9586,467.58,2022-01-04 11:00:00
222449,4760,8079,113.79,2022-01-02 10:00:00
819103,6080,8083,12.38,2022-01-06 04:00:00
361333,449,7461,557.71,2022-01-03 07:00:00
1131069,6528,8498,480.42,2022-01-08 03:00:00
675176,8085,7441,8.02,2022-01-05 06:00:00
1261559,9625,9971,199.88,2022-01-08 22:00:00
788626,449,7461,557.71,2022-01-05 23:00:00
825146,2060,6749,17.91,2022-01-06 05:00:00
737326,1438,1654,431.91,2022-01-05 15:00:00
95373,9483,5460,540.75,2022-01-01 15:00:00
116589,4716,8874,186.77,2022-01-01 18:00:00
289648,627,2219,141.08,2022-01-02 20:00:00
299938,8764,9242,150.14,2022-01-02 22:00:00
592594,4762,8110,140.91,2022-01-04 18:00:00
989223,3476,774,18.65,2022-01-07 05:00:00
243577,5679,9683,179.47,2022-01-02 13:00:00
1055870,6453,8553,416.66,2022-01-07 15:00:00
1028311,8145,5152,13.42,2022-01-07 11:00:00
1147647,4445,2976,509.22,2022-01-08 05:00:00
684339,9706,7625,195.6,2022-01-05 07:00:00
983141,1851,8884,14.55,2022-01-07 04:00:00
1312040,9966,7287,376.76,2022-01-09 06:00:00
977360,8516,9872,471.69,2022-01-07 04:00:00
347370,9164,5038,8.84,2022-01-03 05:00:00
15319,4778,9890,163.86,2022-01-01 02:00:00
503715,2605,6314,155.78,2022-01-04 04:00:00
969057,9657,6418,197.13,2022-01-07 02:00:00
841973,9810,3112,4.87,2022-01-06 07:00:00
998332,7699,4793,168.33,2022-01-07 07:00:00
867135,6090,9944,17.35,2022-01-06 11:00:00
229913,8387,3142,4.02,2022-01-02 11:00:00
177057,520,1148,591.83,2022-01-02 03:00:00
170228,9104,8547,6.46,2022-01-02 02:00:00
748673,7223,385,14.1,2022-01-05 17:00:00
1014444,7487,7198,408.82,2022-01-07 09:00:00
1257241,403,9015,436.39,2022-01-08 22:00:00
615815,4142,9700,23.29,2022-01-04 21:00:00
791490,7196,1283,16.08,2022-01-06 00:00:00
1014069,526,1440,3.19,2022-01-07 09:00:00
457915,5734,9269,4.4,2022-01-03 21:00:00
844872,9023,9074,8.45,2022-01-06 08:00:00
261294,7662,9107,124.02,2022-01-02 16:00:00
1093750,1210,9883,14.81,2022-01-07 21:00:00
49594,8043,2213,11.12,2022-01-01 08:00:00
699486,3070,2338,25.76,2022-01-05 10:00:00
1061223,2091,9698,32.35,2022-01-07 16:00:00
821996,5198,3853,21.22,2022-01-06 04:00:00
581405,2458,1511,429.72,2022-01-04 16:00:00
732072,5696,307,196.99,2022-01-05 15:00:00
41471,9066,5487,8.07,2022-01-01 07:00:00
1232349,9786,8449,101.3,2022-01-08 18:00:00
84324,6124,9530,9.56,2022-01-01 13:00:00
48126,9042,9010,9.88,2022-01-01 08:00:00
1025904,6661,9935,153.02,2022-01-07 11:00:00
1081011,6090,3527,17.35,2022-01-07 19:00:00
410104,684,5999,191.03,2022-01-03 14:00:00
245158,6816,5152,395.02,2022-01-02 13:00:00
427399,9160,1854,4.04,2022-01-03 17:00:00
91429,9772,7525,176.72,2022-01-01 14:00:00
804464,8156,8036,8.86,2022-01-06 02:00:00
939164,9619,9885,166.1,2022-01-06 22:00:00
673665,9793,8911,177.08,2022-01-05 06:00:00
185407,9552,8992,535.76,2022-01-02 04:00:00
771428,6092,6910,16.06,2022-01-05 21:00:00
127485,1122,4586,27.18,2022-01-01 20:00:00
278145,4198,6820,24.74,2022-01-02 18:00:00
1120440,1151,8256,26.67,2022-01-08 01:00:00
1248397,5214,7953,21474836.47,2022-01-08 20:00:00
262115,9632,8335,110.36,2022-01-02 16:00:00
976247,6456,9069,465.05,2022-01-07 03:00:00
221300,7926,7039,10.53,2022-01-02 10:00:00
464871,900,5685,12.64,2022-01-03 22:00:00
51293,9065,236,5.26,2022-01-01 08:00:00
254482,9653,9032,111.58,2022-01-02 15:00:00
474052,1079,7922,32.51,2022-01-04 00:00:00
1284786,4144,7690,16.76,2022-01-09 02:00:00
350805,7507,8596,507.75,2022-01-03 05:00:00
1042243,8064,9998,12.53,2022-01-07 13:00:00
934812,3762,9490,182.11,2022-01-06 21:00:00
811904,5121,7808,19.87,2022-01-06 03:00:00
1055731,5186,9802,13.32,2022-01-07 15:00:00
688756,4283,5579,188536.53,2022-01-05 08:00:00
91398,9772,1263,176.72,2022-01-01 14:00:00
883908,9740,8034,115.29,2022-01-06 13:00:00
39697,9786,69,101.3,2022-01-01 06:00:00
1261248,8690,9359,138.89,2022-01-08 22:00:00
384638,6548,9840,511.97,2022-01-03 10:00:00
137434,6034,6071,13.09,2022-01-01 21:00:00
1261095,4590,6463,470.39,2022-01-08 22:00:00
1088288,75,8735,36.32,2022-01-07 20:00:00
204209,8645,8453,186.05,2022-01-02 07:00:00
937830,6753,5012,149.02,2022-01-06 22:00:00
427473,8798,9424,181.35,2022-01-03 17:00:00
1183638,7877,9443,347.95,2022-01-08 11:00:00
163586,8434,4293,524.28,2022-01-02 01:00:00
99070,8195,9773,10.64,2022-01-01 15:00:00
25027,9893,9708,3.63,2022-01-01 04:00:00
1088757,3691,9979,102.41,2022-01-07 20:00:00
1177472,553,3761,3.61,2022-01-08 10:00:00
1062970,9988,8810,340.27,2022-01-07 16:00:00
571953,3558,9982,506.98,2022-01-04 15:00:00
1149025,5697,9950,145.74,2022-01-08 05:00:00
549874,6739,8093,134.46,2022-01-04 11:00:00
77987,4179,7743,15.77,2022-01-01 12:00:00
290431,9423,9951,12.25,2022-01-02 20:00:00
673429,4448,9993,437.7,2022-01-05 06:00:00
446518,3625,3399,177.57,2022-01-03 20:00:00
394528,5423,8964,15.32,2022-01-03 12:00:00
1094080,8109,4445,9.45,2022-01-07 21:00:00
744687,4474,5162,433.29,2022-01-05 17:00:00
229929,2503,6452,413.57,2022-01-02 11:00:00
36907,6492,9586,434.83,2022-01-01 06:00:00
508724,4168,3509,18.45,2022-01-04 05:00:00
1152702,1595,3504,449.69,2022-01-08 06:00:00
298542,2592,7374,419.2,2022-01-02 21:00:00
1262536,9748,4128,175.97,2022-01-08 22:00:00
262185,6698,9978,131.83,2022-01-02 16:00:00
395651,9518,9996,18.56,2022-01-03 12:00:00
993486,6498,5790,531.47,2022-01-07 06:00:00
1292444,4321,9991,16899588.0,2022-01-09 03:00:00
1045972,5131,9959,18.07,2022-01-07 14:00:00
1123850,1680,2593,154.05,2022-01-08 02:00:00
1096344,8833,5842,13.09,2022-01-07 21:00:00
730561,7089,7702,12.9,2022-01-05 14:00:00
776806,8528,9872,546.38,2022-01-05 21:00:00
856857,5503,9862,423.95,2022-01-06 09:00:00
378071,3724,5981,173.63,2022-01-03 09:00:00
1193780,3012,7502,24.42,2022-01-08 12:00:00
1256470,2269,8958,16108165.0,2022-01-08 22:00:00
1049248,2599,8909,419.32,2022-01-07 14:00:00
30844,1331,5584,409.78,2022-01-01 05:00:00
1093919,5595,45,558.26,2022-01-07 21:00:00
1214019,8192,9522,10.58,2022-01-08 15:00:00
954006,8768,2307,178.69,2022-01-07 00:00:00
243816,6650,7733,129.13,2022-01-02 13:00:00
1314201,9912,9328,17.63,2022-01-09 06:00:00
139482,6444,9378,539.96,2022-01-01 21:00:00
739177,4515,5493,18.98,2022-01-05 16:00:00
1061872,7971,8288,213.19,2022-01-07 16:00:00
765830,455,9701,536.2,2022-01-05 20:00:00
671289,5785,9983,171.22,2022-01-05 06:00:00
1101864,2774,1154,130.17,2022-01-07 22:00:00
717476,8695,3732,145.05,2022-01-05 13:00:00
1170679,4039,7975,15.52,2022-01-08 09:00:00
773325,3874,5141,209.46,2022-01-05 21:00:00
607480,2555,5594,432.05,2022-01-04 20:00:00
128298,6089,5306,19.34,2022-01-01 20:00:00
456285,1080,2778,27.78,2022-01-03 21:00:00
61997,3758,9915,192.55,2022-01-01 10:00:00
303871,5733,6020,151.08,2022-01-02 22:00:00
275477,9891,3198,4.78,2022-01-02 18:00:00
946421,9504,4052,430.72,2022-01-06 23:00:00
1255787,8066,8910,7.15,2022-01-08 21:00:00
640265,4396,7114,731228.18,2022-01-05 01:00:00
295460,150,7956,55.75,2022-01-02 21:00:00
534774,4593,1302,406.54,2022-01-04 09:00:00
184996,2589,7187,597.28,2022-01-02 04:00:00
1169898,7632,2562,147.6,2022-01-08 08:00:00
1007707,8638,9631,149.53,2022-01-07 08:00:00
983199,9536,5340,406.17,2022-01-07 04:00:00
489737,6751,9761,2.95,2022-01-04 02:00:00
1293727,5626,1583,168.61,2022-01-09 03:00:00
742815,9495,6394,553.77,2022-01-05 16:00:00
1236038,3529,2425,557.89,2022-01-08 18:00:00
1216717,7376,8532,13005180.0,2022-01-08 16:00:00
245752,8949,4817,16.88,2022-01-02 13:00:00
164996,7687,5932,118.44,2022-01-02 01:00:00
908726,9055,5809,9.6,2022-01-06 17:00:00
865674,4738,5800,179.19,2022-01-06 11:00:00
1005262,1658,3890,186.19,2022-01-07 08:00:00
725661,6486,9976,535.4,2022-01-05 14:00:00
733386,6798,8414,134.46,2022-01-05 15:00:00
1226653,6060,9626,16.9,2022-01-08 17:00:00
819875,4723,7096,181.35,2022-01-06 04:00:00
156856,9001,9455,10.33,2022-01-02 00:00:00
470317,6707,9577,187.53,2022-01-03 23:00:00
777016,9402,9201,461.73,2022-01-05 21:00:00
1006097,1119,5760,4.12,2022-01-07 08:00:00
1206383,5760,8025,3.26,2022-01-08 14:00:00
759810,5403,234,540.42,2022-01-05 19:00:00
723816,9142,5850,7.38,2022-01-05 13:00:00
143740,6521,8993,588.85,2022-01-01 22:00:00
621946,1504,8982,495.95,2022-01-04 22:00:00
503192,9083,9286,9.78,2022-01-04 04:00:00
803205,9319,9772,1459050.87,2022-01-06 01:00:00
1154401,4688,7513,140.86,2022-01-08 06:00:00
595731,9573,9840,573.66,2022-01-04 18:00:00
385234,5155,1620,10.92,2022-01-03 10:00:00
675241,5000,1456,17.29,2022-01-05 06:00:00
487525,5740,1356,137.33,2022-01-04 02:00:00
34189,4769,9530,2.74,2022-01-01 05:00:00
391110,9076,1955,7.19,2022-01-03 11:00:00
541578,9443,9980,494.55,2022-01-04 10:00:00
680931,8947,6189,3.13,2022-01-05 07:00:00
183392,4721,9871,15.93,2022-01-02 04:00:00
330862,9902,7720,19.14,2022-01-03 02:00:00
185160,5156,9815,12.9,2022-01-02 04:00:00
737579,5583,9025,502.89,2022-01-05 16:00:00
749170,7012,9188,13.08,2022-01-05 17:00:00
839529,671,9825,175.16,2022-01-06 07:00:00
342246,9799,9301,138.71,2022-01-03 04:00:00
1115433,9602,2645,149.35,2022-01-08 00:00:00
391356,9687,3845,159.92,2022-01-03 11:00:00
1002608,1475,6191,501.79,2022-01-07 07:00:00
367768,9786,8803,101.3,2022-01-03 08:00:00
1002601,7064,2716,12.26,2022-01-07 07:00:00
414048,2270,9983,4.35,2022-01-03 15:00:00
765177,8934,7770,383.14,2022-01-05 20:00:00
548360,9798,8750,144.36,2022-01-04 11:00:00
840926,2723,8212,163.52,2022-01-06 07:00:00
164928,6539,9410,591.76,2022-01-02 01:00:00
360932,4699,7493,117.59,2022-01-03 07:00:00
1234401,3687,7645,179.38,2022-01-08 18:00:00
470008,3092,9670,13.56,2022-01-03 23:00:00
497356,1721,7733,126.38,2022-01-04 03:00:00
723682,4741,9456,120.75,2022-01-05 13:00:00
156145,1556,8323,476.39,2022-01-02 00:00:00
708425,5423,6284,418.2,2022-01-05 11:00:00
181040,6737,9813,173.25,2022-01-02 04:00:00
20739,3747,4306,162.57,2022-01-01 03:00:00
81082,7270,7239,15.86,2022-01-01 12:00:00
590984,2672,9943,170.3,2022-01-04 17:00:00
249932,7166,1145,8.94,2022-01-02 14:00:00
1020422,1256,9905,4143232.75,2022-01-07 10:00:00
1313487,4452,9857,3.13,2022-01-09 06:00:00
71264,9992,6269,3.19,2022-01-01 11:00:00
1211560,9044,7614,5.04,2022-01-08 15:00:00
267190,2766,7969,103.79,2022-01-02 17:00:00
180137,5007,4841,13.39,2022-01-02 04:00:00
704335,3907,8948,16.61,2022-01-05 11:00:00
1079010,9702,9661,193.36,2022-01-07 19:00:00
265513,9739,6628,165.66,2022-01-02 16:00:00
432672,8454,8530,568.96,2022-01-03 17:00:00
640209,7496,8137,593.64,2022-01-05 01:00:00
1140890,5621,3596,163.99,2022-01-08 04:00:00
1044311,9754,9341,173.49,2022-01-07 14:00:00
949,5776,2570,10.27,2022-01-01 00:00:00
524732,2011,9308,31.76,2022-01-04 07:00:00
738308,8706,4938,181.8,2022-01-05 16:00:00
1031790,9932,9661,395.82,2022-01-07 12:00:00
580095,9673,9105,122.95,2022-01-04 16:00:00
1167617,2701,4092,174.36,2022-01-08 08:00:00
1308985,9789,5376,118.95,2022-01-09 05:00:00
989602,9611,7720,112.83,2022-01-07 05:00:00
495210,1546,7917,439.86,2022-01-04 03:00:00
607417,6430,1920,462.98,2022-01-04 20:00:00
1098985,9795,8635,146.25,2022-01-07 22:00:00
1027200,8793,9909,185.94,2022-01-07 11:00:00
520617,6655,6206,171.75,2022-01-04 07:00:00
544574,9094,9925,6.08,2022-01-04 10:00:00
812586,3585,4471,569.78,2022-01-06 03:00:00
184572,7697,2020,15.42,2022-01-02 04:00:00
575462,8290,7029,2.89,2022-01-04 15:00:00
568689,6611,9830,182.3,2022-01-04 14:00:00
1076769,5062,7790,17.25,2022-01-07 18:00:00
76066,6506,7066,415.79,2022-01-01 12:00:00
872690,2103,1070,29.56,2022-01-06 12:00:00
887913,5068,4046,18.31,2022-01-06 14:00:00
424291,2444,7582,438.32,2022-01-03 16:00:00
17257,9044,3470,5.04,2022-01-01 03:00:00
1010038,9701,9977,163.08,2022-01-07 08:00:00
597463,4266,6321,120491.78,2022-01-04 18:00:00
934591,8141,7258,10.44,2022-01-06 21:00:00
411352,6048,8823,15.61,2022-01-03 14:00:00
17768,3768,9707,110.33,2022-01-01 03:00:00
1015989,9729,5827,103.44,2022-01-07 09:00:00
980971,6070,7633,16.32,2022-01-07 04:00:00
405948,1041,5201,24.56,2022-01-03 13:00:00
596096,7791,5326,168.72,2022-01-04 18:00:00
84040,7606,8569,130.41,2022-01-01 13:00:00
1042026,6192,2197,15.71,2022-01-07 13:00:00
435666,8970,6682,10.3,2022-01-03 18:00:00
326323,6583,1931,510.7,2022-01-03 01:00:00
1179366,9673,4696,122.95,2022-01-08 10:00:00
86413,9665,3143,19.62,2022-01-01 13:00:00
273257,7656,9794,155.5,2022-01-02 18:00:00
214491,6807,9067,275.52,2022-01-02 09:00:00
483867,8761,4094,103.8,2022-01-04 01:00:00
811676,8054,3337,12.74,2022-01-06 03:00:00
1214021,8192,7570,10.58,2022-01-08 15:00:00
933149,7573,7320,487.95,2022-01-06 21:00:00
283442,4096,6573,12.61,2022-01-02 19:00:00
438431,9786,6696,101.3,2022-01-03 18:00:00
508973,9777,9145,133.52,2022-01-04 05:00:00
773823,743,6941,152.44,2022-01-05 21:00:00
305099,8012,4452,10.92,2022-01-02 22:00:00
838011,7015,7647,16.92,2022-01-06 07:00:00
394535,8017,3674,16.04,2022-01-03 12:00:00
415284,9742,9817,160.02,2022-01-03 15:00:00
1312106,9415,9960,521.0,2022-01-09 06:00:00
215719,9993,5141,225.91,2022-01-02 09:00:00
156987,7005,9997,15.74,2022-01-02 00:00:00
1143806,7085,9878,11.4,2022-01-08 04:00:00
531661,8141,7258,10.44,2022-01-04 08:00:00
783017,7178,4493,14.51,2022-01-05 22:00:00
741411,4421,9343,16.85,2022-01-05 16:00:00
1106900,7066,9491,15.43,2022-01-07 23:00:00
1232343,9786,3994,101.3,2022-01-08 18:00:00
651340,8750,6908,185.47,2022-01-05 03:00:00
835309,9960,6032,3.64,2022-01-06 06:00:00
228384,503,4908,594.85,2022-01-02 11:00:00
646126,7159,8786,15.67,2022-01-05 02:00:00
756935,9015,3830,5.93,2022-01-05 18:00:00
891974,2698,9709,107.87,2022-01-06 15:00:00
383569,1000,1782,38.93,2022-01-03 10:00:00
769304,8457,7574,561.02,2022-01-05 20:00:00
704387,522,9223,593.29,2022-01-05 11:00:00
1156792,5123,2785,17.76,2022-01-08 06:00:00
1244708,9401,7107,13.52,2022-01-08 20:00:00
864867,4731,9970,137.33,2022-01-06 11:00:00
606083,7796,2055,117.16,2022-01-04 20:00:00
537537,3598,7896,501.32,2022-01-04 09:00:00
1174993,7010,8157,16.2,2022-01-08 09:00:00
1178470,9142,4895,7.38,2022-01-08 10:00:00
584261,8257,5911,16.62,2022-01-04 16:00:00
119725,4690,9802,179.91,2022-01-01 18:00:00
442705,9978,8893,354.17,2022-01-03 19:00:00
135279,9660,8639,179.33,2022-01-01 21:00:00
735726,8754,1541,144.07,2022-01-05 15:00:00
399228,9797,9902,141.02,2022-01-03 12:00:00
254224,9655,7629,107.23,2022-01-02 15:00:00
721846,9716,2274,3.24,2022-01-05 13:00:00
1197021,579,9554,492.48,2022-01-08 13:00:00
489724,9747,6085,101.44,2022-01-04 02:00:00
1044557,2753,9955,109.95,2022-01-07 14:00:00
709535,9770,9414,188.38,2022-01-05 11:00:00
1297262,9328,4553,17.63,2022-01-09 04:00:00
806756,9711,5618,187.85,2022-01-06 02:00:00
1008881,2534,4551,597.65,2022-01-07 08:00:00
490267,7116,9879,8.36,2022-01-04 02:00:00
598262,8664,9976,141.16,2022-01-04 19:00:00
768454,9358,9206,18.29,2022-01-05 20:00:00
799574,4574,9832,427.08,2022-01-06 01:00:00
40748,7798,1017,199.83,2022-01-01 06:00:00
930401,8583,8553,425.6,2022-01-06 20:00:00
985675,4183,5457,20.03,2022-01-07 05:00:00
1298132,9497,9961,436.2,2022-01-09 04:00:00
726181,2622,7382,131.25,2022-01-05 14:00:00
1191790,9775,9687,147.67,2022-01-08 12:00:00
111551,1470,9883,567.71,2022-01-01 17:00:00
1320826,5718,2976,194.25,2022-01-09 07:00:00
606767,1540,2734,408.73,2022-01-04 20:00:00
513013,7130,9891,14.48,2022-01-04 06:00:00
866271,9338,9708,10.6,2022-01-06 11:00:00
595934,7758,2542,129.41,2022-01-04 18:00:00
75077,234,5403,174.79,2022-01-01 12:00:00
404653,4743,8916,133.69,2022-01-03 13:00:00
675275,1550,660,579.3,2022-01-05 06:00:00
43223,8763,3748,3.02,2022-01-01 07:00:00
1041591,3472,100,478.89,2022-01-07 13:00:00
592860,5536,8121,435.19,2022-01-04 18:00:00
742525,1551,4260,569.21,2022-01-05 16:00:00
223882,5544,6289,466.14,2022-01-02 10:00:00
926449,7041,5793,12.63,2022-01-06 20:00:00
913235,6275,9967,1211540.75,2022-01-06 18:00:00
512602,6015,9273,18.93,2022-01-04 06:00:00
436819,8033,3312,10.43,2022-01-03 18:00:00
169637,6749,9808,152.66,2022-01-02 02:00:00
906494,9489,8596,465.19,2022-01-06 17:00:00
1064347,8767,3536,160.72,2022-01-07 17:00:00
458819,9771,8789,189.02,2022-01-03 21:00:00
1114374,793,6755,109.88,2022-01-08 00:00:00
726454,1736,9931,188.52,2022-01-05 14:00:00
226079,9772,5584,176.72,2022-01-02 10:00:00
1294543,4047,7830,24.27,2022-01-09 03:00:00
290421,7521,8443,426.05,2022-01-02 20:00:00
224132,3778,9816,132.91,2022-01-02 10:00:00
314426,3451,9058,567.46,2022-01-03 00:00:00
285704,3042,9993,15.85,2022-01-02 19:00:00
1307221,6508,6581,580.61,2022-01-09 05:00:00
131341,9535,6351,599.44,2022-01-01 20:00:00
1058152,1600,6418,100.59,2022-01-07 16:00:00
281812,9729,3811,103.44,2022-01-02 19:00:00
509209,4178,7462,14.17,2022-01-04 05:00:00
1288753,5304,6112,21474836.47,2022-01-09 02:00:00
846174,9901,1660,202.19,2022-01-06 08:00:00
1285719,3471,9787,573.16,2022-01-09 02:00:00
555679,7067,4567,14.7,2022-01-04 12:00:00
693588,9103,1627,6.22,2022-01-05 09:00:00
1063054,8457,7574,561.02,2022-01-07 16:00:00
1271301,3447,8068,420.08,2022-01-09 00:00:00
872919,5690,7836,153.91,2022-01-06 12:00:00
1108021,9753,9932,164.69,2022-01-07 23:00:00
520487,9645,4068,186.17,2022-01-04 07:00:00
1159689,6787,4088,184.82,2022-01-08 07:00:00
825307,4275,6677,3.33,2022-01-06 05:00:00
928104,3870,9587,213.64,2022-01-06 20:00:00
1005935,9655,2345,18.65,2022-01-07 08:00:00
1226655,6060,7958,16.9,2022-01-08 17:00:00
1013538,3005,9999,18.79,2022-01-07 09:00:00
300015,9766,9398,108.37,2022-01-02 22:00:00
224647,4075,9570,3.34,2022-01-02 10:00:00
315306,9197,6600,6.8,2022-01-03 00:00:00
765786,9545,9201,518.51,2022-01-05 20:00:00
1074161,6043,9284,19.25,2022-01-07 18:00:00
379403,2334,5566,113287.91,2022-01-03 09:00:00
423251,8215,5024,17.36,2022-01-03 16:00:00
1118611,1193,4585,10.64,2022-01-08 01:00:00
355936,7084,1692,10.43,2022-01-03 06:00:00
139534,2194,7139,33.31,2022-01-01 21:00:00
1070231,5519,9177,461.39,2022-01-07 17:00:00
307209,601,3816,188.36,2022-01-02 23:00:00
879551,9153,9475,5.85,2022-01-06 13:00:00
702321,6009,7103,16.57,2022-01-05 10:00:00
500003,4391,1837,67154.28,2022-01-04 04:00:00
789258,385,6244,14.1,2022-01-05 23:00:00
90356,1283,8464,1486.4,2022-01-01 14:00:00
173993,7514,8410,496.7,2022-01-02 03:00:00
933602,8619,8502,129.63,2022-01-06 21:00:00
1126584,1192,6511,20.61,2022-01-08 02:00:00
894563,7075,655,18.78,2022-01-06 15:00:00
18406,8066,8796,7.15,2022-01-01 03:00:00
1106129,6040,9968,18.9,2022-01-07 23:00:00
652937,6471,9553,406.17,2022-01-05 03:00:00
1045832,7469,682,481.2,2022-01-07 14:00:00
237833,2284,5677,13.56,2022-01-02 12:00:00
528057,2779,4401,105.98,2022-01-04 08:00:00
226660,9120,5498,5.4,2022-01-02 11:00:00
1271014,3119,9518,23.23,2022-01-09 00:00:00
530001,7709,7550,159.27,2022-01-04 08:00:00
1286694,9425,4074,560.1,2022-01-09 02:00:00
742096,4435,8808,525.48,2022-01-05 16:00:00
504286,9116,8648,7.53,2022-01-04 04:00:00
946388,3728,8121,149.71,2022-01-06 23:00:00
1147905,7668,9977,108.41,2022-01-08 05:00:00
1172470,5409,8421,547.4,2022-01-08 09:00:00
432212,647,7838,165.21,2022-01-03 17:00:00
837443,7768,9987,133.19,2022-01-06 06:00:00
632602,6142,9911,17.85,2022-01-05 00:00:00
814644,7051,9912,17.07,2022-01-06 03:00:00
915065,6102,6857,11.34,2022-01-06 18:00:00
48664,9628,9455,111.52,2022-01-01 08:00:00
117105,9196,6300,7.32,2022-01-01 18:00:00
416228,8816,4769,3.3,2022-01-03 15:00:00
1137998,639,1573,113.94,2022-01-08 04:00:00
188739,7704,9343,149.86,2022-01-02 05:00:00
1032273,9613,2000,141.46,2022-01-07 12:00:00
1320494,9687,3845,159.92,2022-01-09 07:00:00
105656,5577,3515,468.23,2022-01-01 16:00:00
1319896,8113,9989,13.06,2022-01-09 07:00:00
999266,2620,7868,110.7,2022-01-07 07:00:00
1156824,6192,9991,15.71,2022-01-08 06:00:00
284476,8711,9417,3.38,2022-01-02 19:00:00
268804,9946,9103,240.72,2022-01-02 17:00:00
1312016,3040,1565,12.14,2022-01-09 06:00:00
1028189,3734,9390,121.29,2022-01-07 11:00:00
1232189,9551,8179,443.98,2022-01-08 18:00:00
345374,8163,7116,9.79,2022-01-03 04:00:00
735327,9901,2197,202.19,2022-01-05 15:00:00
584494,8586,9881,457.32,2022-01-04 16:00:00
1109813,9185,9902,7.27,2022-01-07 23:00:00
1037876,7842,3476,18.65,2022-01-07 13:00:00
656319,6761,7264,182.11,2022-01-05 03:00:00
876868,2930,8002,344.47,2022-01-06 12:00:00
906591,2750,9981,182.17,2022-01-06 17:00:00
831932,5739,4672,116.98,2022-01-06 06:00:00
1232048,7365,9950,11.64,2022-01-08 18:00:00
1284869,3552,9766,438.95,2022-01-09 02:00:00
114516,9670,8008,142.78,2022-01-01 18:00:00
998655,9517,9543,503.39,2022-01-07 07:00:00
253702,6560,5263,4.82,2022-01-02 15:00:00
767046,15,5240,62.52,2022-01-05 20:00:00
205205,9678,5006,133.36,2022-01-02 07:00:00
1096135,2195,8206,26.66,2022-01-07 21:00:00
487603,1427,9133,466.91,2022-01-04 02:00:00
394347,487,1974,419.83,2022-01-03 12:00:00
986611,9055,1165,9.6,2022-01-07 05:00:00
916433,9457,9862,545.22,2022-01-06 18:00:00
1162940,9230,9869,14906447.0,2022-01-08 07:00:00
949508,592,9970,541.26,2022-01-06 23:00:00
86950,8678,9720,132.44,2022-01-01 13:00:00
68303,3694,1205,105.06,2022-01-01 11:00:00
1266479,5777,5699,186.67,2022-01-08 23:00:00
1244182,5506,9364,430.98,2022-01-08 20:00:00
335891,9165,3944,5.01,2022-01-03 03:00:00
764290,9795,5470,146.25,2022-01-05 20:00:00
111311,6757,9832,110.11,2022-01-01 17:00:00
772119,3657,8763,192.5,2022-01-05 21:00:00
751431,7235,2371,15.0,2022-01-05 18:00:00
567159,466,4593,408.92,2022-01-04 14:00:00
586598,606,6408,139.61,2022-01-04 17:00:00
738715,3151,9684,13.43,2022-01-05 16:00:00
1100586,5448,4162,446.2,2022-01-07 22:00:00
150768,2802,4150,312.14,2022-01-01 23:00:00
548075,428,1275,477.33,2022-01-04 11:00:00
165026,7009,9976,12.73,2022-01-02 01:00:00
1049817,5296,4466,9487212.0,2022-01-07 14:00:00
1053145,2995,2746,317.42,2022-01-07 15:00:00
877679,5958,2536,211.91,2022-01-06 12:00:00
1252234,6653,4003,127.65,2022-01-08 21:00:00
1306537,9777,7800,133.52,2022-01-09 05:00:00
970295,5766,6894,142.55,2022-01-07 03:00:00
398076,6434,6240,448.92,2022-01-03 12:00:00
817523,213,2011,976964.37,2022-01-06 03:00:00
1267249,9799,4146,3.94,2022-01-08 23:00:00
1025325,4609,189,3.53,2022-01-07 11:00:00
347083,7767,9750,122.87,2022-01-03 05:00:00
1087610,9701,3222,14.81,2022-01-07 20:00:00
728313,8770,9979,140.55,2022-01-05 14:00:00
250712,9626,9805,115.29,2022-01-02 14:00:00
395213,9421,6252,479.82,2022-01-03 12:00:00
489209,9723,8451,134.22,2022-01-04 02:00:00
167368,521,4570,426.02,2022-01-02 02:00:00
668987,4586,1600,17.64,2022-01-05 05:00:00
1017386,6629,7433,196.75,2022-01-07 09:00:00
1139244,9090,8988,6.0,2022-01-08 04:00:00
677855,5582,8909,595.72,2022-01-05 07:00:00
1243677,9754,9859,173.49,2022-01-08 20:00:00
6011,7516,9543,564.64,2022-01-01 01:00:00
304185,5757,3098,193.13,2022-01-02 22:00:00
653820,7462,9950,530.26,2022-01-05 03:00:00
802365,7560,9520,535.13,2022-01-06 01:00:00
268395,5467,6890,400.67,2022-01-02 17:00:00
1167625,5079,1011,11.13,2022-01-08 08:00:00
617416,4592,6917,540.29,2022-01-04 21:00:00
227248,8682,8511,153.53,2022-01-02 11:00:00
545046,5605,7441,152.63,2022-01-04 10:00:00
342673,7032,5491,16.58,2022-01-03 04:00:00
980621,5749,8779,149.78,2022-01-07 04:00:00
1102978,3553,2820,468.1,2022-01-07 22:00:00
697419,1436,8112,436.2,2022-01-05 10:00:00
545505,2628,1629,14.09,2022-01-04 10:00:00
792064,3454,5184,401.69,2022-01-06 00:00:00
745536,4620,9463,104.79,2022-01-05 17:00:00
314705,9628,8252,111.52,2022-01-03 00:00:00
469820,423,7893,534.71,2022-01-03 23:00:00
740705,4751,6458,115.27,2022-01-05 16:00:00
974728,7065,9046,9.49,2022-01-07 03:00:00
158430,8161,7125,10.22,2022-01-02 00:00:00
723055,1923,4421,16.85,2022-01-05 13:00:00
734746,8730,9307,172.02,2022-01-05 15:00:00
601568,4256,2223,3.03,2022-01-04 19:00:00
25985,2578,9950,425.5,2022-01-01 04:00:00
1061891,9739,9020,165.66,2022-01-07 16:00:00
1140412,6150,7816,19.44,2022-01-08 04:00:00
1093419,9681,7453,3.19,2022-01-07 21:00:00
33251,1619,4566,115.51,2022-01-01 05:00:00
594880,3039,8107,18.99,2022-01-04 18:00:00
563152,1568,6421,519.17,2022-01-04 13:00:00
1244482,3751,9901,161.05,2022-01-08 20:00:00
625535,5653,2493,160.08,2022-01-04 23:00:00
1266782,595,8883,552.02,2022-01-08 23:00:00
919141,456,9125,562.04,2022-01-06 19:00:00
545744,4187,3116,17.38,2022-01-04 10:00:00
220876,5045,5468,21.09,2022-01-02 10:00:00
1192770,8057,9990,11.54,2022-01-08 12:00:00
1180300,9639,5454,190.83,2022-01-08 10:00:00
950262,9631,2629,137.3,2022-01-06 23:00:00
591681,7891,9063,11.52,2022-01-04 18:00:00
1053653,8458,9003,502.01,2022-01-07 15:00:00
687485,9765,1266,122.3,2022-01-05 08:00:00
1228050,9738,4571,139.5,2022-01-08 17:00:00
230216,7541,9950,421.79,2022-01-02 11:00:00
730197,567,8067,455.39,2022-01-05 14:00:00
773126,2233,1627,925382.68,2022-01-05 21:00:00
902979,7540,8321,563.96,2022-01-06 16:00:00
1147497,6147,2272,14.92,2022-01-08 05:00:00
872364,3676,9917,132.13,2022-01-06 12:00:00
990603,4049,8456,23.84,2022-01-07 06:00:00
1138695,9536,5340,406.17,2022-01-08 04:00:00
521076,5409,8421,547.4,2022-01-04 07:00:00
86842,3163,6499,17.08,2022-01-01 13:00:00
35078,2596,3614,530.91,2022-01-01 06:00:00
1206137,6619,9993,144.44,2022-01-08 14:00:00
905799,4806,8651,341.47,2022-01-06 17:00:00
626442,4149,3709,13.85,2022-01-04 23:00:00
109761,9935,6089,19.34,2022-01-01 17:00:00
862303,6764,7276,105.75,2022-01-06 10:00:00
906380,9777,4586,133.52,2022-01-06 17:00:00
912427,9670,8012,142.78,2022-01-06 18:00:00
922688,314,3941,4.53,2022-01-06 19:00:00
143018,3703,8440,131.74,2022-01-01 22:00:00
207976,2597,3229,447.48,2022-01-02 08:00:00
1159385,9779,9792,168.61,2022-01-08 07:00:00
579210,9065,9012,5.26,2022-01-04 16:00:00
539309,5005,9955,17.88,2022-01-04 10:00:00
1076519,8483,9026,517.57,2022-01-07 18:00:00
1015914,9664,5815,117.54,2022-01-07 09:00:00
114951,6062,9589,18.1,2022-01-01 18:00:00
811976,9706,4597,195.6,2022-01-06 03:00:00
556332,9312,6324,222762.42,2022-01-04 12:00:00
428907,9472,6251,436.98,2022-01-03 17:00:00
733482,9549,9243,543.54,2022-01-05 15:00:00
147722,1615,2338,129.99,2022-01-01 23:00:00
483758,6832,7793,292.92,2022-01-04 01:00:00
400512,1181,9951,27.15,2022-01-03 13:00:00
222627,4948,9660,3.78,2022-01-02 10:00:00
167673,1589,9652,483.23,2022-01-02 02:00:00
19384,4467,1778,460.08,2022-01-01 03:00:00
1044909,5530,5592,573.0,2022-01-07 14:00:00
1196564,7761,9820,112.98,2022-01-08 13:00:00
213438,8319,2243,22889.66,2022-01-02 09:00:00
448845,9552,8992,535.76,2022-01-03 20:00:00
32287,9691,9942,140.16,2022-01-01 05:00:00
705780,8676,9155,128.36,2022-01-05 11:00:00
314463,9107,3351,9.05,2022-01-03 00:00:00
1291872,5341,3282,21474836.47,2022-01-09 03:00:00
76448,2740,4229,116.98,2022-01-01 12:00:00
136507,8535,4293,534.82,2022-01-01 21:00:00
924373,4795,5784,173.33,2022-01-06 20:00:00
1046991,5453,9421,590.71,2022-01-07 14:00:00
806523,2749,8864,115.59,2022-01-06 02:00:00
410415,8957,1784,13.15,2022-01-03 14:00:00
687576,5111,9879,21.81,2022-01-05 08:00:00
698128,3620,2075,156.6,2022-01-05 10:00:00
966821,461,212,488.92,2022-01-07 02:00:00
1295187,6539,9410,591.76,2022-01-09 03:00:00
1136116,1106,274,25.5,2022-01-08 03:00:00
105792,7695,3844,142.44,2022-01-01 16:00:00
1004368,4746,4486,106.3,2022-01-07 08:00:00
50574,2503,6452,413.57,2022-01-01 08:00:00
790707,8647,9676,197.05,2022-01-06 00:00:00
708489,7099,9372,16.79,2022-01-05 11:00:00
859765,9749,7881,127.41,2022-01-06 10:00:00
1123445,967,9761,268.05,2022-01-08 02:00:00
308267,2640,9881,101.62,2022-01-02 23:00:00
1048694,6154,9537,11.72,2022-01-07 14:00:00
170716,7549,1412,560.08,2022-01-02 02:00:00
1176265,4228,7030,20662834.0,2022-01-08 09:00:00
1002509,8472,9485,425.45,2022-01-07 07:00:00
721903,1775,4705,160.88,2022-01-05 13:00:00
1258404,2631,9987,168.39,2022-01-08 22:00:00
1264391,9437,8212,438.1,2022-01-08 23:00:00
93969,9045,6928,3.33,2022-01-01 14:00:00
1086843,9093,5325,9.35,2022-01-07 20:00:00
1087547,9586,5162,469.23,2022-01-07 20:00:00
589275,443,8583,493.44,2022-01-04 17:00:00
1016880,3899,9389,325.25,2022-01-07 09:00:00
324281,6655,9285,171.75,2022-01-03 01:00:00
822043,9181,2054,5.18,2022-01-06 04:00:00
1230587,8567,9234,548.95,2022-01-08 18:00:00
454538,4720,2818,10.1,2022-01-03 21:00:00
379274,8618,3591,149.16,2022-01-03 09:00:00
1137448,526,5998,2.8,2022-01-08 04:00:00
599453,402,331,400.04,2022-01-04 19:00:00
583964,3646,7806,189.21,2022-01-04 16:00:00
1041657,1468,2526,401.02,2022-01-07 13:00:00
79588,4403,7220,562.45,2022-01-01 12:00:00
811029,8638,9759,149.53,2022-01-06 02:00:00
438208,6736,4492,179.33,2022-01-03 18:00:00
593646,7652,9998,150.21,2022-01-04 18:00:00
1159258,9649,9459,3.22,2022-01-08 07:00:00
253134,1070,3859,35.47,2022-01-02 15:00:00
1057516,6549,8530,496.58,2022-01-07 16:00:00
1172595,9365,8458,3.04,2022-01-08 09:00:00
688816,4432,2801,414.82,2022-01-05 08:00:00
1265236,4264,771,21474836.47,2022-01-08 23:00:00
1117243,6785,2368,198.28,2022-01-08 01:00:00
1258289,6552,9146,576.66,2022-01-08 22:00:00
804881,1692,3295,113.63,2022-01-06 02:00:00
824854,9020,9595,9.54,2022-01-06 05:00:00
714284,3080,8240,24.47,2022-01-05 12:00:00
298073,4965,8949,16.88,2022-01-02 21:00:00
1243242,7822,9993,310.73,2022-01-08 20:00:00
978703,5503,9862,423.95,2022-01-07 04:00:00
343018,8545,9466,559.09,2022-01-03 04:00:00
1315193,1437,8641,508.2,2022-01-09 06:00:00
777895,6073,3499,12.96,2022-01-05 22:00:00
691220,1495,3814,531.23,2022-01-05 09:00:00
1086235,7050,5455,11.88,2022-01-07 20:00:00
778750,2587,1315,482.02,2022-01-05 22:00:00
421752,487,1974,419.83,2022-01-03 16:00:00
99637,8151,6301,7.0,2022-01-01 15:00:00
1063302,7570,8233,404.79,2022-01-07 16:00:00
397488,3147,2194,14.01,2022-01-03 12:00:00
888971,4684,6306,136.17,2022-01-06 14:00:00
516047,7570,8233,404.79,2022-01-04 06:00:00
1008424,8605,6862,189.78,2022-01-07 08:00:00
654798,8106,9317,11.22,2022-01-05 03:00:00
750101,9726,9645,147.44,2022-01-05 17:00:00
1083828,9127,1344,6.17,2022-01-07 19:00:00
119834,4553,4183,585.9,2022-01-01 18:00:00
828186,6430,1920,462.98,2022-01-06 05:00:00
1082627,7161,7474,11.83,2022-01-07 19:00:00
1100486,5921,9586,262.51,2022-01-07 22:00:00
915848,9519,7385,437.2,2022-01-06 18:00:00
489824,8429,7351,453.51,2022-01-04 02:00:00
54753,6624,7695,165.83,2022-01-01 09:00:00
965227,8795,9999,195.92,2022-01-07 02:00:00
202713,8020,5820,13.78,2022-01-02 07:00:00
268043,1988,9973,3.68,2022-01-02 17:00:00
528866,4016,4651,15.66,2022-01-04 08:00:00
136198,4196,5656,16.31,2022-01-01 21:00:00
1057011,9019,7803,11.27,2022-01-07 15:00:00
747850,7519,8025,480.45,2022-01-05 17:00:00
1137893,4433,9465,419.94,2022-01-08 04:00:00
419428,3595,870,597.29,2022-01-03 15:00:00
1222366,5685,3142,152.88,2022-01-08 16:00:00
262226,9089,6628,4.01,2022-01-02 16:00:00
906457,9634,3279,136.67,2022-01-06 17:00:00
826681,3428,9983,504.2,2022-01-06 05:00:00
1074560,3688,7872,102.19,2022-01-07 18:00:00
359696,9037,3941,9.21,2022-01-03 06:00:00
602207,6058,9808,13.32,2022-01-04 19:00:00
335605,8599,9476,543.53,2022-01-03 03:00:00
761584,5169,9218,11.21,2022-01-05 19:00:00
1169368,1679,5833,146.38,2022-01-08 08:00:00
807644,5703,9825,127.5,2022-01-06 02:00:00
1102594,435,9323,421.05,2022-01-07 22:00:00
740958,4550,9750,458.35,2022-01-05 16:00:00
27755,7515,8255,587.26,2022-01-01 04:00:00
1262305,2001,3869,32.01,2022-01-08 22:00:00
372919,3308,9757,38143.53,2022-01-03 08:00:00
1258449,9457,9862,545.22,2022-01-08 22:00:00
1238969,6046,9976,19.33,2022-01-08 19:00:00
252784,5602,9988,149.5,2022-01-02 14:00:00
385133,9774,9938,121.25,2022-01-03 10:00:00
1063149,9440,3181,483.64,2022-01-07 16:00:00
1005714,4758,6808,117.08,2022-01-07 08:00:00
1267160,9032,7357,4.71,2022-01-08 23:00:00
276036,6702,8501,133.35,2022-01-02 18:00:00
55471,9847,8319,3.74,2022-01-01 09:00:00
990252,8373,5760,3.55,2022-01-07 06:00:00
1138835,4153,3121,16.59,2022-01-08 04:00:00
1010966,5700,3521,155.66,2022-01-07 09:00:00
1222236,7592,8077,426.79,2022-01-08 16:00:00
524504,9010,4593,7.91,2022-01-04 07:00:00
1175666,1281,9078,10.48,2022-01-08 09:00:00
674473,9677,2636,149.38,2022-01-05 06:00:00
122151,9736,2641,19.29,2022-01-01 19:00:00
349345,9993,3554,10.69,2022-01-03 05:00:00
548691,9592,88,476.11,2022-01-04 11:00:00
362366,1698,4055,197.0,2022-01-03 07:00:00
680630,6630,6097,149.75,2022-01-05 07:00:00
411901,407,3925,571.97,2022-01-03 14:00:00
74251,9684,7678,126.61,2022-01-01 11:00:00
1177476,7555,9854,594.15,2022-01-08 10:00:00
658679,1667,5814,155.74,2022-01-05 04:00:00
1156842,6176,6615,19.09,2022-01-08 06:00:00
887632,4769,4652,132.55,2022-01-06 14:00:00
51900,461,212,488.92,2022-01-01 08:00:00
334467,7042,3784,13.1,2022-01-03 03:00:00
661163,9787,6467,190.13,2022-01-05 04:00:00
284783,5433,4639,532.9,2022-01-02 19:00:00
983649,6007,5998,18.9,2022-01-07 05:00:00
776373,8676,9931,128.36,2022-01-05 21:00:00
1298626,2026,1748,32.98,2022-01-09 04:00:00
174610,9773,9176,179.07,2022-01-02 03:00:00
290749,5076,9999,21.97,2022-01-02 20:00:00
1051839,1809,5906,13.15,2022-01-07 15:00:00
262831,4106,9597,24.29,2022-01-02 16:00:00
436503,9083,5446,9.78,2022-01-03 18:00:00
747370,2692,2839,165.97,2022-01-05 17:00:00
80632,9018,9393,5.2,2022-01-01 12:00:00
811704,5724,9367,119.19,2022-01-06 03:00:00
1015130,3372,9103,6291843.0,2022-01-07 09:00:00
177560,6156,7934,11.69,2022-01-02 03:00:00
163798,3556,9557,437.6,2022-01-02 01:00:00
965914,9668,9329,103.16,2022-01-07 02:00:00
1164237,6438,9740,475.75,2022-01-08 08:00:00
819397,8505,9851,554.34,2022-01-06 04:00:00
917162,5165,9054,12.26,2022-01-06 19:00:00
801884,5415,6361,406.3,2022-01-06 01:00:00
704577,8586,9881,457.32,2022-01-05 11:00:00
276674,2722,9556,162.78,2022-01-02 18:00:00
728286,5122,9993,11.57,2022-01-05 14:00:00
356987,9401,8157,588.02,2022-01-03 06:00:00
1091057,9332,9997,4.83,2022-01-07 21:00:00
1170190,4139,3013,21.91,2022-01-08 09:00:00
420527,8199,7749,8.85,2022-01-03 16:00:00
105518,8502,9971,583.45,2022-01-01 16:00:00
802352,9000,9590,6.27,2022-01-06 01:00:00
398827,2557,8300,421.39,2022-01-03 12:00:00
1107566,2460,6581,452.97,2022-01-07 23:00:00
1001030,7727,2805,178.11,2022-01-07 07:00:00
758717,4477,8024,574.88,2022-01-05 19:00:00
513584,8027,8386,9.73,2022-01-04 06:00:00
335142,7641,8695,160.3,2022-01-03 03:00:00
293866,4722,6608,179.44,2022-01-02 21:00:00
910345,621,9279,141.47,2022-01-06 17:00:00
1312314,9782,9517,132.44,2022-01-09 06:00:00
556307,9437,8212,438.1,2022-01-04 12:00:00
195771,9327,6650,14456.37,2022-01-02 06:00:00
938167,9156,3876,8.93,2022-01-06 22:00:00
616741,5752,7999,153.91,2022-01-04 21:00:00
474764,9181,9876,3.04,2022-01-04 00:00:00
185738,8790,5062,136.02,2022-01-02 04:00:00
599328,9114,9676,5.03,2022-01-04 19:00:00
887981,1056,9479,28.96,2022-01-06 14:00:00
269868,6575,9293,16.21,2022-01-02 17:00:00
97570,1427,9133,466.91,2022-01-01 15:00:00
1253762,9492,4146,4.18,2022-01-08 21:00:00
1321172,5118,1175,14.43,2022-01-09 07:00:00
720738,9557,8751,557.95,2022-01-05 13:00:00
1140087,3538,6592,555.9,2022-01-08 04:00:00
1135769,9107,2871,9.05,2022-01-08 03:00:00
972916,2519,9784,448.36,2022-01-07 03:00:00
745443,5663,9396,181.69,2022-01-05 17:00:00
347757,438,8589,476.67,2022-01-03 05:00:00
983204,7032,4919,16.58,2022-01-07 04:00:00
868727,9697,9495,124.95,2022-01-06 11:00:00
922858,2787,6737,187.61,2022-01-06 19:00:00
339020,7669,2892,153.08,2022-01-03 03:00:00
63547,9932,3853,18.98,2022-01-01 10:00:00
707774,5678,9787,185.55,2022-01-05 11:00:00
1005549,6002,9130,17.77,2022-01-07 08:00:00
459665,9625,4090,199.88,2022-01-03 22:00:00
425443,5008,4801,17.93,2022-01-03 16:00:00
161345,9685,6260,188.24,2022-01-02 01:00:00
819657,5732,6534,138.82,2022-01-06 04:00:00
542718,9654,8538,165.25,2022-01-04 10:00:00
1043009,9753,8721,164.69,2022-01-07 13:00:00
366966,8096,8199,8.31,2022-01-03 08:00:00
1031420,8248,795,3.26,2022-01-07 12:00:00
141560,1564,8039,540.77,2022-01-01 22:00:00
569015,2582,9048,582.42,2022-01-04 14:00:00
362023,2522,9950,428.79,2022-01-03 07:00:00
1034976,2456,5153,19.12,2022-01-07 12:00:00
996866,5166,6237,17.35,2022-01-07 06:00:00
1293159,3502,1327,551.34,2022-01-09 03:00:00
462728,3817,7288,295.14,2022-01-03 22:00:00
365734,1550,660,579.3,2022-01-03 07:00:00
836401,6413,8387,576.66,2022-01-06 06:00:00
1234928,2531,1107,542.15,2022-01-08 18:00:00
550732,4538,6372,575.59,2022-01-04 11:00:00
192591,2566,9233,434.39,2022-01-02 05:00:00
150578,9156,9931,8.93,2022-01-01 23:00:00
640205,8485,7022,462.51,2022-01-05 01:00:00
128683,9608,9996,133.19,2022-01-01 20:00:00
162636,69,1186,43.0,2022-01-02 01:00:00
1160426,8442,8311,496.14,2022-01-08 07:00:00
1177022,7419,9487,570.15,2022-01-08 10:00:00
760878,5567,1854,467.07,2022-01-05 19:00:00
1223350,6155,5350,20.23,2022-01-08 17:00:00
1092217,852,6627,4.35,2022-01-07 21:00:00
1208271,684,9033,191.03,2022-01-08 14:00:00
748998,6697,5656,134.38,2022-01-05 17:00:00
63429,6066,8910,21.36,2022-01-01 10:00:00
510915,4129,1901,15.19,2022-01-04 05:00:00
1155358,6434,6240,448.92,2022-01-08 06:00:00
108756,5766,9942,142.55,2022-01-01 17:00:00
502543,9689,2357,196.52,2022-01-04 04:00:00
1016678,5262,2415,3.15,2022-01-07 09:00:00
816102,6095,7292,18.11,2022-01-06 03:00:00
590714,9881,6794,4.73,2022-01-04 17:00:00
1204156,9184,7202,3.65,2022-01-08 14:00:00
163055,4766,7973,193.08,2022-01-02 01:00:00
320561,7787,9882,100.8,2022-01-03 01:00:00
306885,3153,9062,22.71,2022-01-02 23:00:00
1162503,6917,8036,340.92,2022-01-08 07:00:00
836951,2684,5519,141.38,2022-01-06 06:00:00
874068,6745,8056,142.77,2022-01-06 12:00:00
1066643,7702,5277,157.85,2022-01-07 17:00:00
717454,1623,1291,176.57,2022-01-05 13:00:00
345219,4249,9997,29091.64,2022-01-03 04:00:00
650172,7126,6578,10.73,2022-01-05 02:00:00
905473,468,6395,497.23,2022-01-06 17:00:00
178450,4672,7639,125.58,2022-01-02 03:00:00
1035781,9916,8482,4.58,2022-01-07 12:00:00
886600,9190,8422,6.38,2022-01-06 14:00:00
130189,9621,9938,168.11,2022-01-01 20:00:00
496519,577,5691,587.41,2022-01-04 03:00:00
1225931,6765,3950,160.96,2022-01-08 17:00:00
1176411,4141,5661,23.52,2022-01-08 09:00:00
920688,9040,3066,6.19,2022-01-06 19:00:00
145186,3465,3936,418.17,2022-01-01 22:00:00
176056,9133,9767,5.15,2022-01-02 03:00:00
471508,5696,307,196.99,2022-01-03 23:00:00
725851,3925,7448,3.39,2022-01-05 14:00:00
601251,9722,7029,2.89,2022-01-04 19:00:00
1178062,3120,9756,23.52,2022-01-08 10:00:00
1045308,4453,9576,488.89,2022-01-07 14:00:00
344407,688,4923,180.67,2022-01-03 04:00:00
1073509,5269,3584,5963058.0,2022-01-07 18:00:00
150695,9609,7169,177.6,2022-01-01 23:00:00
349936,7040,8806,11.78,2022-01-03 05:00:00
991947,9136,9497,8.9,2022-01-07 06:00:00
1186529,7064,8103,12.26,2022-01-08 11:00:00
917746,7813,9895,333.67,2022-01-06 19:00:00
737722,8040,3122,8.71,2022-01-05 16:00:00
552580,4570,9147,577.7,2022-01-04 12:00:00
448826,9736,8326,141.24,2022-01-03 20:00:00
874808,5578,9892,500.26,2022-01-06 12:00:00
564521,1195,9957,27.75,2022-01-04 13:00:00
1205420,5535,9685,450.39,2022-01-08 14:00:00
1106774,128,9451,37.46,2022-01-07 23:00:00
237711,763,5406,108.15,2022-01-02 12:00:00
870947,4710,3937,196.27,2022-01-06 11:00:00
211307,6057,759,15.55,2022-01-02 08:00:00
612436,6106,155,19.22,2022-01-04 21:00:00
622749,8576,9586,565.19,2022-01-04 22:00:00
740222,9152,9314,5.58,2022-01-05 16:00:00
86682,8432,9246,447.54,2022-01-01 13:00:00
764737,7568,8200,450.26,2022-01-05 20:00:00
968435,4059,8880,16.83,2022-01-07 02:00:00
1042216,6532,6560,501.61,2022-01-07 13:00:00
604823,9967,4621,4.35,2022-01-04 20:00:00
837438,9875,9782,294.54,2022-01-06 06:00:00
962842,6789,9532,141.91,2022-01-07 01:00:00
74753,9148,4691,8.24,2022-01-01 12:00:00
580566,8061,9910,11.97,2022-01-04 16:00:00
52373,3495,7933,11.85,2022-01-01 08:00:00
1056092,4084,4355,20.86,2022-01-07 15:00:00
519087,3120,3077,23.52,2022-01-04 07:00:00
504976,3583,9157,458.89,2022-01-04 04:00:00
642677,9725,9991,135.53,2022-01-05 01:00:00
1149000,1265,8458,3.61,2022-01-08 05:00:00
985458,9752,9474,115.98,2022-01-07 05:00:00
1251232,1651,2800,119.63,2022-01-08 21:00:00
488625,9100,5630,6.98,2022-01-04 02:00:00
969793,6759,2230,117.95,2022-01-07 02:00:00
1292852,7627,2769,152.8,2022-01-09 03:00:00
883132,2729,6505,171.41,2022-01-06 13:00:00
574337,7430,7242,478.6,2022-01-04 15:00:00
126498,8184,9143,12.63,2022-01-01 19:00:00
28497,5647,1844,183.19,2022-01-01 05:00:00
495130,41,2061,74.68,2022-01-04 03:00:00
1098139,9792,4741,103.69,2022-01-07 22:00:00
476030,7032,7627,16.58,2022-01-04 00:00:00
773751,2192,6561,31.89,2022-01-05 21:00:00
1190264,9089,8846,5.32,2022-01-08 12:00:00
667720,8791,9376,119.37,2022-01-05 05:00:00
426810,7077,3631,14.86,2022-01-03 16:00:00
655939,3668,9469,112.73,2022-01-05 03:00:00
570614,9162,2910,4.24,2022-01-04 14:00:00
983667,1460,1414,551.07,2022-01-07 05:00:00
499602,8003,1040,8.51,2022-01-04 04:00:00
53475,1042,2794,20.31,2022-01-01 08:00:00
710774,7920,819,256.42,2022-01-05 12:00:00
1013723,9609,9871,177.6,2022-01-07 09:00:00
601242,4079,1930,10.56,2022-01-04 19:00:00
629175,1794,5204,103.51,2022-01-04 23:00:00
863189,2895,3239,250.67,2022-01-06 10:00:00
565015,8612,9304,122.63,2022-01-04 14:00:00
322000,6614,7894,153.8,2022-01-03 01:00:00
150462,5439,2623,518.54,2022-01-01 23:00:00
1277325,6552,9146,576.66,2022-01-09 01:00:00
719522,9000,9633,6.27,2022-01-05 13:00:00
733174,2479,2274,2.84,2022-01-05 15:00:00
959828,147,5750,61.27,2022-01-07 01:00:00
1017523,6754,3678,133.47,2022-01-07 10:00:00
1153159,4098,6033,17.06,2022-01-08 06:00:00
742297,9721,9275,117.81,2022-01-05 16:00:00
1199111,7641,9943,160.3,2022-01-08 13:00:00
1218974,8047,9984,13.98,2022-01-08 16:00:00
921019,6120,3527,12.31,2022-01-06 19:00:00
477132,1432,7673,566.63,2022-01-04 00:00:00
143805,3524,1773,405.63,2022-01-01 22:00:00
895936,786,4828,144.17,2022-01-06 15:00:00
765907,5619,8679,178.03,2022-01-05 20:00:00
605952,8541,9015,573.71,2022-01-04 20:00:00
275953,1769,1693,155.77,2022-01-02 18:00:00
203626,4285,3079,15432.62,2022-01-02 07:00:00
511538,8187,9972,2.83,2022-01-04 05:00:00
1080627,3102,2912,24.38,2022-01-07 19:00:00
448983,9049,3606,6.16,2022-01-03 20:00:00
725331,7563,9641,465.23,2022-01-05 14:00:00
747881,9890,7235,15.0,2022-01-05 17:00:00
214484,6601,9588,159.11,2022-01-02 09:00:00
778013,8520,6031,598.32,2022-01-05 22:00:00
1021511,9661,7017,183.52,2022-01-07 10:00:00
1288870,8013,3384,11.26,2022-01-09 02:00:00
727184,3193,4388,25.22,2022-01-05 14:00:00
902697,1679,9912,146.38,2022-01-06 16:00:00
1076104,8555,4272,445.98,2022-01-07 18:00:00
606262,8088,9324,12.57,2022-01-04 20:00:00
1261825,7591,8374,553.53,2022-01-08 22:00:00
572360,8412,8651,529.7,2022-01-04 15:00:00
796609,5553,5043,506.98,2022-01-06 00:00:00
1306998,6778,7786,178.64,2022-01-09 05:00:00
1176698,8081,563,10.03,2022-01-08 10:00:00
536283,9660,4533,179.33,2022-01-04 09:00:00
358354,8362,8984,54512.92,2022-01-03 06:00:00
360995,7402,9972,474.77,2022-01-03 07:00:00
1279283,3682,9585,137.52,2022-01-09 01:00:00
962867,8249,9805,3.44,2022-01-07 01:00:00
550588,3950,9443,229.94,2022-01-04 11:00:00
129360,1736,6263,188.52,2022-01-01 20:00:00
214951,8024,9256,12.25,2022-01-02 09:00:00
94171,4021,4395,23.76,2022-01-01 14:00:00
984372,1521,9866,500.44,2022-01-07 05:00:00
1308324,532,5098,516.16,2022-01-09 05:00:00
980935,7724,1432,128.6,2022-01-07 04:00:00
523614,8750,8379,185.47,2022-01-04 07:00:00
1123827,432,9822,406.48,2022-01-08 02:00:00
642431,2853,8452,393.16,2022-01-05 01:00:00
626638,7198,9894,10.34,2022-01-04 23:00:00
765294,2605,8274,155.78,2022-01-05 20:00:00
120648,2693,1962,171.91,2022-01-01 19:00:00
769001,7643,9930,119.13,2022-01-05 20:00:00
847536,4183,6269,20.03,2022-01-06 08:00:00
1256032,5284,9646,13.93,2022-01-08 21:00:00
400189,2121,6735,16.04,2022-01-03 13:00:00
1279213,5669,9698,172.39,2022-01-09 01:00:00
986742,7688,8411,132.66,2022-01-07 05:00:00
1129454,5475,8564,502.79,2022-01-08 02:00:00
325504,2788,9285,142.38,2022-01-03 01:00:00
199472,3547,7154,474.22,2022-01-02 06:00:00
261395,8647,6807,197.05,2022-01-02 16:00:00
234082,9148,7850,8.24,2022-01-02 12:00:00
798488,8641,63,112.47,2022-01-06 01:00:00
456073,9610,9628,146.39,2022-01-03 21:00:00
847040,417,5695,411.1,2022-01-06 08:00:00
1123756,6755,2406,152.77,2022-01-08 02:00:00
1217678,9103,3772,6.22,2022-01-08 16:00:00
944086,7040,1539,11.78,2022-01-06 22:00:00
211688,8718,4754,145.97,2022-01-02 08:00:00
201917,5644,6544,107.79,2022-01-02 07:00:00
123631,3634,1188,114.91,2022-01-01 19:00:00
219620,9173,9923,6.04,2022-01-02 09:00:00
1300098,1518,2930,513.17,2022-01-09 04:00:00
649147,3413,9950,554.54,2022-01-05 02:00:00
875229,7462,9950,530.26,2022-01-06 12:00:00
1268998,1928,3590,3.27,2022-01-08 23:00:00
334143,520,1148,591.83,2022-01-03 03:00:00
976380,8603,7294,175.05,2022-01-07 03:00:00
805735,2023,8545,28.57,2022-01-06 02:00:00
1081824,9109,5405,8.1,2022-01-07 19:00:00
989058,8797,7946,111.76,2022-01-07 05:00:00
828642,1518,2930,513.17,2022-01-06 05:00:00
1070625,9710,9996,133.83,2022-01-07 18:00:00
868874,421,9498,572.66,2022-01-06 11:00:00
1066568,4040,8843,24.95,2022-01-07 17:00:00
1181509,4563,6981,461.64,2022-01-08 10:00:00
222362,1749,9528,155.22,2022-01-02 10:00:00
315626,8539,9103,568.53,2022-01-03 00:00:00
180879,4027,5745,23.65,2022-01-02 04:00:00
765472,7086,2351,12.89,2022-01-05 20:00:00
691539,3648,9998,110.38,2022-01-05 09:00:00
59081,4647,9982,150.85,2022-01-01 09:00:00
68087,1557,1745,561.47,2022-01-01 11:00:00
91471,7805,9685,2.86,2022-01-01 14:00:00
195151,9749,8385,127.41,2022-01-02 06:00:00
831303,5561,1579,460.73,2022-01-06 06:00:00
291653,7644,8451,116.15,2022-01-02 20:00:00
1076166,3008,4503,16.49,2022-01-07 18:00:00
784562,7532,8233,435.55,2022-01-05 23:00:00
154952,1543,9883,423.29,2022-01-02 00:00:00
856345,2456,8123,497.85,2022-01-06 09:00:00
602436,4102,7439,19.47,2022-01-04 19:00:00
1133780,9755,5832,104.26,2022-01-08 03:00:00
1176758,5561,1579,460.73,2022-01-08 10:00:00
765163,9740,4945,3.07,2022-01-05 20:00:00
235983,7186,5320,11.19,2022-01-02 12:00:00
450085,4188,9365,14.13,2022-01-03 20:00:00
159152,7674,3831,171.08,2022-01-02 00:00:00
1064162,4731,4018,137.33,2022-01-07 17:00:00
714578,1583,8596,582.21,2022-01-05 12:00:00
559594,9685,5535,188.24,2022-01-04 13:00:00
281785,9022,1695,9.35,2022-01-02 19:00:00
183227,4729,9841,123.9,2022-01-02 04:00:00
272357,7081,4560,14.31,2022-01-02 17:00:00
596157,9063,9840,11.52,2022-01-04 18:00:00
321592,4605,3277,125.15,2022-01-03 01:00:00
931334,3014,9378,24.89,2022-01-06 21:00:00
403608,3116,5857,21.87,2022-01-03 13:00:00
850084,8721,8289,174.02,2022-01-06 08:00:00
916224,4764,3298,135.24,2022-01-06 18:00:00
623500,2769,9366,110.66,2022-01-04 22:00:00
440722,7421,8695,414.73,2022-01-03 19:00:00
1122846,8159,1453,10.45,2022-01-08 01:00:00
700320,7061,8168,17.75,2022-01-05 10:00:00
151472,5724,1699,119.19,2022-01-01 23:00:00
584787,9579,2913,4.05,2022-01-04 17:00:00
365297,8682,6124,153.53,2022-01-03 07:00:00
986981,9655,9803,107.23,2022-01-07 05:00:00
1235335,6535,1489,472.48,2022-01-08 18:00:00
74685,8350,9935,19.34,2022-01-01 12:00:00
186267,4693,3143,113.77,2022-01-02 04:00:00
553981,6157,9978,19.42,2022-01-04 12:00:00
1118383,599,4460,596.79,2022-01-08 01:00:00
804848,9710,9823,133.83,2022-01-06 02:00:00
1304501,3713,5986,186.52,2022-01-09 05:00:00
42592,8742,9985,176.66,2022-01-01 07:00:00
634981,8602,1375,174.94,2022-01-05 00:00:00
277462,9072,4322,7.33,2022-01-02 18:00:00
596376,8770,1098,140.55,2022-01-04 18:00:00
484622,8734,8421,106.87,2022-01-04 01:00:00
1049163,3115,4361,27.17,2022-01-07 14:00:00
1007205,966,9657,305.85,2022-01-07 08:00:00
1141500,7609,6422,132.47,2022-01-08 04:00:00
384672,8794,5452,127.08,2022-01-03 10:00:00
1231333,5078,8905,20.94,2022-01-08 18:00:00
1006920,9647,7025,172.64,2022-01-07 08:00:00
592264,9608,768,133.19,2022-01-04 18:00:00
1210847,147,5750,61.27,2022-01-08 15:00:00
1139082,9019,6196,5.89,2022-01-08 04:00:00
1251022,8046,9356,11.8,2022-01-08 21:00:00
1234909,1672,9676,184.6,2022-01-08 18:00:00
774443,1461,8451,498.07,2022-01-05 21:00:00
601858,9938,9982,316.13,2022-01-04 19:00:00
732972,9960,7297,17.85,2022-01-05 15:00:00
906174,9430,6374,509.82,2022-01-06 17:00:00
885260,5230,7138,12.56,2022-01-06 14:00:00
1175642,2441,7132,544.94,2022-01-08 09:00:00
1095250,9796,5565,168.05,2022-01-07 21:00:00
311186,3364,8262,11.52,2022-01-02 23:00:00
708936,9288,3128,11.5,2022-01-05 11:00:00
274449,2683,7588,103.29,2022-01-02 18:00:00
83886,8584,7078,503.22,2022-01-01 13:00:00
822294,8156,8036,8.86,2022-01-06 04:00:00
182520,4505,3935,542.02,2022-01-02 04:00:00
221360,6775,7163,194.6,2022-01-02 10:00:00
839240,9725,5285,135.53,2022-01-06 07:00:00
363150,5598,9641,463.22,2022-01-03 07:00:00
1181185,4521,8882,462.04,2022-01-08 10:00:00
1150619,4062,9923,14.48,2022-01-08 05:00:00
961564,9979,4814,11.27,2022-01-07 01:00:00
441223,2109,9306,25.12,2022-01-03 19:00:00
394589,6631,3533,144.16,2022-01-03 12:00:00
836788,8115,2218,10.51,2022-01-06 06:00:00
196130,5122,9616,11.57,2022-01-02 06:00:00
845320,9782,6211,132.44,2022-01-06 08:00:00
1257666,8717,9897,158.0,2022-01-08 22:00:00
643801,5042,8680,11.95,2022-01-05 01:00:00
1282542,9068,9928,6.65,2022-01-09 01:00:00
884535,7692,9285,107.62,2022-01-06 13:00:00
963138,9627,5016,140.52,2022-01-07 01:00:00
474823,1660,8859,142.55,2022-01-04 00:00:00
79583,9035,857,8.84,2022-01-01 12:00:00
531333,9787,2180,190.13,2022-01-04 08:00:00
996928,1548,5430,16.42,2022-01-07 06:00:00
857276,6302,9882,2999778.25,2022-01-06 09:00:00
144762,4026,9822,16.44,2022-01-01 22:00:00
1296340,9074,6141,8.69,2022-01-09 03:00:00
1173774,8601,9457,194.55,2022-01-08 09:00:00
251620,4192,9809,20.1,2022-01-02 14:00:00
111861,6724,2024,187.36,2022-01-01 17:00:00
289009,9017,9989,8.46,2022-01-02 20:00:00
1073837,9225,4104,7526173.0,2022-01-07 18:00:00
400701,8100,1465,7.53,2022-01-03 13:00:00
1095469,6540,9883,586.61,2022-01-07 21:00:00
310779,55,7575,64.42,2022-01-02 23:00:00
398888,2601,8113,184.08,2022-01-03 12:00:00
686153,1097,9829,25.67,2022-01-05 08:00:00
1267370,3017,3881,21.58,2022-01-08 23:00:00
828482,4195,9945,15.95,2022-01-06 05:00:00
979093,7110,9008,10.5,2022-01-07 04:00:00
575473,7678,8515,179.13,2022-01-04 15:00:00
36266,5476,2239,579.78,2022-01-01 06:00:00
844911,9531,9887,12.75,2022-01-06 08:00:00
445254,9940,6343,17.2,2022-01-03 19:00:00
569271,9599,9821,485.17,2022-01-04 14:00:00
699261,8711,5995,149.61,2022-01-05 10:00:00
575965,4687,9971,105.4,2022-01-04 15:00:00
64576,8873,9163,3.62,2022-01-01 10:00:00
89664,8125,8915,10.67,2022-01-01 14:00:00
998650,8066,5836,7.15,2022-01-07 07:00:00
677574,4412,8740,507.33,2022-01-05 06:00:00
844961,2015,9694,27.45,2022-01-06 08:00:00
1017445,7161,1915,11.83,2022-01-07 10:00:00
794524,4479,9410,480.32,2022-01-06 00:00:00
304490,7155,8251,11.05,2022-01-02 22:00:00
602440,637,9490,138.13,2022-01-04 19:00:00
726226,6691,7818,166.25,2022-01-05 14:00:00
608308,4457,7895,507.97,2022-01-04 20:00:00
804858,8448,9993,568.96,2022-01-06 02:00:00
741322,5193,9539,11.32,2022-01-05 16:00:00
1090821,786,8115,144.17,2022-01-07 21:00:00
257959,9006,4450,7.91,2022-01-02 15:00:00
168319,7679,9579,116.3,2022-01-02 02:00:00
1272131,1224,9890,21474836.47,2022-01-09 00:00:00
1065785,5623,9474,178.53,2022-01-07 17:00:00
775354,4143,705,24.96,2022-01-05 21:00:00
511006,5188,9860,18.0,2022-01-04 05:00:00
1128618,8158,6685,8.26,2022-01-08 02:00:00
188376,4809,9256,334.8,2022-01-02 05:00:00
565055,5804,583,242.61,2022-01-04 14:00:00
1081933,4725,9867,188.58,2022-01-07 19:00:00
636769,2049,2358,26.26,2022-01-05 00:00:00
716223,4772,9677,128.94,2022-01-05 12:00:00
403703,3003,7482,16.12,2022-01-03 13:00:00
199251,9073,1284,17.01,2022-01-02 06:00:00
1244261,8194,3639,10.88,2022-01-08 20:00:00
1244324,8151,7539,3.9,2022-01-08 20:00:00
1216568,1275,2336,10924201.0,2022-01-08 15:00:00
1004334,1740,9179,127.19,2022-01-07 08:00:00
1147976,9798,3923,144.36,2022-01-08 05:00:00
1309967,8667,9413,164.3,2022-01-09 06:00:00
1024960,8118,4117,12.92,2022-01-07 11:00:00
1281451,6009,7343,16.57,2022-01-09 01:00:00
283867,879,5214,204.91,2022-01-02 19:00:00
84116,7675,9999,187.97,2022-01-01 13:00:00
1058764,9748,9981,175.97,2022-01-07 16:00:00
555737,1681,969,189.21,2022-01-04 12:00:00
1057553,2634,9273,3.95,2022-01-07 16:00:00
126854,3716,2957,191.07,2022-01-01 19:00:00
1250806,2364,9616,3.28,2022-01-08 21:00:00
1224465,7610,9203,156.08,2022-01-08 17:00:00
1314660,8755,8210,149.63,2022-01-09 06:00:00
1174999,7010,3908,16.2,2022-01-08 09:00:00
94135,1504,8982,495.95,2022-01-01 14:00:00
435978,5618,1985,107.38,2022-01-03 18:00:00
1202135,8791,8663,119.37,2022-01-08 13:00:00
676651,2171,3448,31.9,2022-01-05 06:00:00
216165,4462,554,4.59,2022-01-02 09:00:00
964304,6733,7689,189.61,2022-01-07 02:00:00
348469,5700,9558,155.66,2022-01-03 05:00:00
429520,8446,6791,488.14,2022-01-03 17:00:00
154806,5635,5713,183.41,2022-01-02 00:00:00
197274,2412,8881,442.41,2022-01-02 06:00:00
195615,9044,7887,5.04,2022-01-02 06:00:00
438586,9168,1452,5.62,2022-01-03 18:00:00
147108,5052,9876,12.28,2022-01-01 22:00:00
647383,9652,359,111.47,2022-01-05 02:00:00
389247,8148,9644,10.47,2022-01-03 11:00:00
214243,8648,6636,106.29,2022-01-02 09:00:00
200521,9713,9726,178.52,2022-01-02 07:00:00
789143,4494,4790,556.89,2022-01-05 23:00:00
268855,4756,5823,196.74,2022-01-02 17:00:00
492183,8047,9989,13.98,2022-01-04 02:00:00
60876,3476,4361,534.09,2022-01-01 10:00:00
21413,440,5085,498.05,2022-01-01 03:00:00
292544,9896,9146,294.79,2022-01-02 20:00:00
43452,6051,7411,13.35,2022-01-01 07:00:00
192438,9982,9824,15.42,2022-01-02 05:00:00
136241,9118,9854,5.1,2022-01-01 21:00:00
919701,7178,9271,14.51,2022-01-06 19:00:00
1027002,437,7495,469.32,2022-01-07 11:00:00
930176,2779,9015,105.98,2022-01-06 20:00:00
741720,9695,7109,144.41,2022-01-05 16:00:00
509435,6705,6763,181.52,2022-01-04 05:00:00
226949,9692,9311,143.27,2022-01-02 11:00:00
1304519,9725,6596,135.53,2022-01-09 05:00:00
1179701,4690,9910,179.91,2022-01-08 10:00:00
616742,5782,4534,10.73,2022-01-04 21:00:00
872365,3676,4219,132.13,2022-01-06 12:00:00
573168,5146,5546,11.58,2022-01-04 15:00:00
252039,6794,5260,190.42,2022-01-02 14:00:00
677896,861,8090,276.82,2022-01-05 07:00:00
429458,3608,3011,106.62,2022-01-03 17:00:00
86881,2607,8015,2.99,2022-01-01 13:00:00
659565,7051,9812,17.07,2022-01-05 04:00:00
42130,3502,1327,551.34,2022-01-01 07:00:00
393067,3092,8831,18.44,2022-01-03 11:00:00
634684,9766,6127,108.37,2022-01-05 00:00:00
916851,8084,4157,11.3,2022-01-06 19:00:00
532538,5019,9287,14.99,2022-01-04 09:00:00
17715,3988,8996,3.87,2022-01-01 03:00:00
334270,2660,9902,173.75,2022-01-03 03:00:00
1035483,920,7165,336.73,2022-01-07 12:00:00
1261700,8148,6151,10.47,2022-01-08 22:00:00
494913,9779,9954,168.61,2022-01-04 03:00:00
844632,9085,4333,19.0,2022-01-06 08:00:00
446384,6594,8695,406.61,2022-01-03 20:00:00
963170,4051,8808,15.03,2022-01-07 01:00:00
1304149,9411,8297,534.29,2022-01-09 05:00:00
1019277,7000,9951,16.18,2022-01-07 10:00:00
1265575,2620,9961,110.7,2022-01-08 23:00:00
45898,3473,7862,563.27,2022-01-01 07:00:00
1005,9625,1404,199.88,2022-01-01 00:00:00
1235314,5618,1303,107.38,2022-01-08 18:00:00
643628,1593,1338,564.4,2022-01-05 01:00:00
1210128,9631,9977,137.3,2022-01-08 15:00:00
585032,1763,7719,186.11,2022-01-04 17:00:00
431700,4666,9148,182.72,2022-01-03 17:00:00
924881,2637,3427,170.46,2022-01-06 20:00:00
1244339,1567,4351,13.14,2022-01-08 20:00:00
539652,6093,4426,12.59,2022-01-04 10:00:00
1308832,8728,9770,162.33,2022-01-09 05:00:00
1218418,7743,4161,127.09,2022-01-08 16:00:00
353729,618,8351,124.9,2022-01-03 05:00:00
399416,8579,9366,440.75,2022-01-03 12:00:00
1211584,7115,3421,14.44,2022-01-08 15:00:00
710815,8010,997,13.77,2022-01-05 12:00:00
367988,8758,4908,117.31,2022-01-03 08:00:00
403463,4404,9694,490.95,2022-01-03 13:00:00
634090,579,9554,492.48,2022-01-05 00:00:00
936638,2174,9789,27.46,2022-01-06 21:00:00
50987,8123,8110,7.15,2022-01-01 08:00:00
837000,9926,9983,378.51,2022-01-06 06:00:00
136026,1142,9745,20.67,2022-01-01 21:00:00
203052,3660,6900,121.98,2022-01-02 07:00:00
760090,3195,2548,25.11,2022-01-05 19:00:00
833171,3743,8835,144.99,2022-01-06 06:00:00
10458,5028,8607,18.07,2022-01-01 02:00:00
790045,7533,7950,530.8,2022-01-05 23:00:00
439138,6700,6820,157.58,2022-01-03 18:00:00
920277,9012,8962,5.07,2022-01-06 19:00:00
586289,9707,7713,166.41,2022-01-04 17:00:00
284936,5018,7425,11.43,2022-01-02 19:00:00
1278591,5575,9675,582.41,2022-01-09 01:00:00
406235,8664,5560,141.16,2022-01-03 13:00:00
144227,9113,9672,5.61,2022-01-01 22:00:00
739083,7682,9942,135.21,2022-01-05 16:00:00
197286,3355,9197,4.69,2022-01-02 06:00:00
573209,8542,5471,408.94,2022-01-04 15:00:00
595245,5722,6695,196.03,2022-01-04 18:00:00
204981,6110,1530,18.14,2022-01-02 07:00:00
57632,9630,9909,122.22,2022-01-01 09:00:00
172427,9792,5239,103.69,2022-01-02 02:00:00
542311,1527,9843,578.2,2022-01-04 10:00:00
202512,5759,8622,115.37,2022-01-02 07:00:00
109527,7183,3610,13.64,2022-01-01 17:00:00
91293,9510,9999,11.85,2022-01-01 14:00:00
469572,9436,7222,459.07,2022-01-03 23:00:00
191978,5436,7143,489.89,2022-01-02 05:00:00
1050963,3418,9960,574.8,2022-01-07 15:00:00
1026626,840,9522,12.02,2022-01-07 11:00:00
410739,7031,3461,15.03,2022-01-03 14:00:00
656121,9788,2829,158.57,2022-01-05 03:00:00
1164338,2845,7296,348.11,2022-01-08 08:00:00
797847,8767,8982,160.72,2022-01-06 01:00:00
1179561,9736,7343,141.24,2022-01-08 10:00:00
1229081,9437,8212,438.1,2022-01-08 17:00:00
327095,3156,1235,21.48,2022-01-03 02:00:00
1242789,7698,5577,153.83,2022-01-08 19:00:00
729325,9621,6822,168.11,2022-01-05 14:00:00
719421,3770,3072,131.1,2022-01-05 13:00:00
147698,9494,7562,563.65,2022-01-01 23:00:00
1203816,140,9010,50.11,2022-01-08 14:00:00
169219,3078,9999,18.17,2022-01-02 02:00:00
607524,4246,9167,230225.18,2022-01-04 20:00:00
1200738,4756,6802,196.74,2022-01-08 13:00:00
683419,8457,7574,561.02,2022-01-05 07:00:00
464087,3786,8510,146.25,2022-01-03 22:00:00
773136,2561,9444,494.17,2022-01-05 21:00:00
829030,9600,9566,147.99,2022-01-06 05:00:00
706796,2443,5355,17.29,2022-01-05 11:00:00
1269002,8157,2489,13.52,2022-01-08 23:00:00
868450,2152,8812,17.29,2022-01-06 11:00:00
1161840,5452,8794,599.32,2022-01-08 07:00:00
1007112,9731,1058,150.02,2022-01-07 08:00:00
1096940,7660,9036,119.33,2022-01-07 22:00:00
420594,9950,9982,292.85,2022-01-03 16:00:00
461166,4542,6719,553.53,2022-01-03 22:00:00
284998,3205,9695,3.71,2022-01-02 19:00:00
1038213,6563,4838,424.26,2022-01-07 13:00:00
864857,5770,9777,128.47,2022-01-06 11:00:00
107504,4734,9112,155.92,2022-01-01 16:00:00
30935,9105,9812,5.46,2022-01-01 05:00:00
498306,6150,7795,19.44,2022-01-04 03:00:00
357785,4173,6991,13.71,2022-01-03 06:00:00
1204231,9695,9948,144.41,2022-01-08 14:00:00
53029,9996,5979,4.94,2022-01-01 08:00:00
471682,7537,7244,13.42,2022-01-03 23:00:00
244929,3894,5377,11.93,2022-01-02 13:00:00
919279,644,7711,147.66,2022-01-06 19:00:00
510478,1538,8047,472.82,2022-01-04 05:00:00
1014557,7932,189,3.1,2022-01-07 09:00:00
76318,5595,45,558.26,2022-01-01 12:00:00
291267,8453,6098,481.14,2022-01-02 20:00:00
676727,8178,5110,7.92,2022-01-05 06:00:00
854268,6046,9595,19.33,2022-01-06 09:00:00
795301,9033,9293,5.88,2022-01-06 00:00:00
531151,8163,9877,9.79,2022-01-04 08:00:00
1279569,2459,8046,514.52,2022-01-09 01:00:00
126883,9196,6007,7.32,2022-01-01 19:00:00
232723,3496,9289,428.77,2022-01-02 11:00:00
246705,7071,9229,10.34,2022-01-02 14:00:00
1103805,2770,8103,111.66,2022-01-07 23:00:00
16243,530,5168,598.59,2022-01-01 03:00:00
650992,7156,7537,8.51,2022-01-05 03:00:00
1050159,6751,7340,167.88,2022-01-07 14:00:00
1076867,3507,8662,557.08,2022-01-07 18:00:00
898667,2165,1483,17.33,2022-01-06 16:00:00
578496,4024,6260,23.36,2022-01-04 16:00:00
1239529,65,9910,48.16,2022-01-08 19:00:00
990375,1478,8222,514.72,2022-01-07 06:00:00
232191,9147,1598,6.49,2022-01-02 11:00:00
16372,2473,2711,420.2,2022-01-01 03:00:00
71905,4431,2644,491.89,2022-01-01 11:00:00
1005167,3703,8622,131.74,2022-01-07 08:00:00
800922,5032,4978,19.7,2022-01-06 01:00:00
391256,5361,7908,18.56,2022-01-03 11:00:00
1084821,550,143,428.45,2022-01-07 20:00:00
1205591,8163,7116,9.79,2022-01-08 14:00:00
23508,829,3190,353.01,2022-01-01 04:00:00
973792,8456,9762,586.22,2022-01-07 03:00:00
911993,8174,7325,13.76,2022-01-06 18:00:00
21966,1575,1686,531.77,2022-01-01 04:00:00
945999,4785,2252,179.5,2022-01-06 23:00:00
695478,6716,8325,100.88,2022-01-05 09:00:00
151275,9482,9169,400.67,2022-01-01 23:00:00
1247073,9116,3197,7.53,2022-01-08 20:00:00
970343,9008,9995,8.95,2022-01-07 03:00:00
488640,7519,8025,480.45,2022-01-04 02:00:00
917654,7149,600,8.69,2022-01-06 19:00:00
586778,9771,4856,189.02,2022-01-04 17:00:00
5125,8288,9663,115.47,2022-01-01 01:00:00
494546,7706,9972,2.74,2022-01-04 03:00:00
657839,9658,6681,168.52,2022-01-05 04:00:00
492116,5020,8569,11.4,2022-01-04 02:00:00
160358,9173,9246,6.04,2022-01-02 00:00:00
915385,1726,7256,106.33,2022-01-06 18:00:00
1099579,8712,9933,153.69,2022-01-07 22:00:00
1272300,4107,3214,21.41,2022-01-09 00:00:00
197748,1008,2303,23.47,2022-01-02 06:00:00
26345,6918,1646,304.98,2022-01-01 04:00:00
493460,5872,9810,392.6,2022-01-04 03:00:00
897791,6140,972,11.66,2022-01-06 16:00:00
860230,9110,8105,7.35,2022-01-06 10:00:00
1068937,7028,6526,17.76,2022-01-07 17:00:00
101634,9762,6594,103.43,2022-01-01 16:00:00
990865,9067,3330,7.57,2022-01-07 06:00:00
1085943,9486,9487,501.98,2022-01-07 20:00:00
292921,9439,7981,434.64,2022-01-02 20:00:00
676070,6166,9664,15.85,2022-01-05 06:00:00
565835,9906,2627,14.09,2022-01-04 14:00:00
620158,3736,6693,114.04,2022-01-04 22:00:00
543657,5542,99,420.51,2022-01-04 10:00:00
845096,8096,7025,8.31,2022-01-06 08:00:00
522376,9722,8204,148.63,2022-01-04 07:00:00
514094,8961,8992,343.48,2022-01-04 06:00:00
1103839,9060,6730,5.34,2022-01-07 23:00:00
272445,9684,7483,126.61,2022-01-02 17:00:00
66341,6747,6963,138.47,2022-01-01 10:00:00
784816,9603,9383,109.08,2022-01-05 23:00:00
441333,9750,4381,140.86,2022-01-03 19:00:00
326071,7059,9160,16.97,2022-01-03 01:00:00
647371,1419,9399,426.85,2022-01-05 02:00:00
946786,6601,9729,159.11,2022-01-06 23:00:00
953542,2041,302,19.31,2022-01-07 00:00:00
1219610,8777,8995,158.17,2022-01-08 16:00:00
666251,9040,1920,6.19,2022-01-05 05:00:00
805661,1411,7178,569.9,2022-01-06 02:00:00
1181700,4750,8692,104.63,2022-01-08 10:00:00
566978,7554,8992,518.17,2022-01-04 14:00:00
100054,4586,3356,19.29,2022-01-01 15:00:00
321854,6607,9822,184.99,2022-01-03 01:00:00
801781,9671,8325,192.36,2022-01-06 01:00:00
923547,6409,9433,583.78,2022-01-06 19:00:00
709856,2308,4906,311077.53,2022-01-05 11:00:00
562210,9162,3287,5.25,2022-01-04 13:00:00
688023,2589,7187,597.28,2022-01-05 08:00:00
433538,8002,6367,8.22,2022-01-03 18:00:00
345648,9710,9953,133.83,2022-01-03 04:00:00
478624,9640,9927,184.66,2022-01-04 00:00:00
1009912,2175,2567,20.6,2022-01-07 08:00:00
398065,7504,6461,558.11,2022-01-03 12:00:00
884553,5662,9485,188.13,2022-01-06 13:00:00
761430,5789,6886,146.24,2022-01-05 19:00:00
1048762,9003,9273,3.65,2022-01-07 14:00:00
884711,8735,3286,185.41,2022-01-06 14:00:00
585018,562,3847,440.79,2022-01-04 17:00:00
1026081,9457,9862,545.22,2022-01-07 11:00:00
523269,8661,5756,119.69,2022-01-04 07:00:00
1125133,1776,9822,174.52,2022-01-08 02:00:00
1039824,5440,1888,535.59,2022-01-07 13:00:00
858474,5780,973,166.05,2022-01-06 10:00:00
1287283,4357,3068,21474836.47,2022-01-09 02:00:00
1004123,7619,9861,101.52,2022-01-07 08:00:00
281831,9729,9823,103.44,2022-01-02 19:00:00
1251551,9687,7000,159.92,2022-01-08 21:00:00
260976,6741,8688,190.61,2022-01-02 16:00:00
711778,2179,7247,28.05,2022-01-05 12:00:00
672741,755,1763,107.23,2022-01-05 06:00:00
476846,4543,4112,522.46,2022-01-04 00:00:00
624080,177,3069,42.92,2022-01-04 22:00:00
980557,9947,6233,223.71,2022-01-07 04:00:00
608622,6745,8056,142.77,2022-01-04 20:00:00
997924,7126,9959,14.77,2022-01-07 07:00:00
1273661,6408,8721,557.15,2022-01-09 00:00:00
127812,5746,9015,173.66,2022-01-01 20:00:00
478740,9677,9711,149.38,2022-01-04 00:00:00
702306,6678,8485,102.29,2022-01-05 10:00:00
886363,2797,9167,186.78,2022-01-06 14:00:00
1176886,2561,9444,494.17,2022-01-08 10:00:00
1215,1551,4260,569.21,2022-01-01 00:00:00
1127855,7662,9617,124.02,2022-01-08 02:00:00
1192505,7756,7629,131.53,2022-01-08 12:00:00
766132,632,9171,129.22,2022-01-05 20:00:00
835837,6062,9940,18.1,2022-01-06 06:00:00
852174,5115,8396,15.64,2022-01-06 09:00:00
10334,8604,9263,139.83,2022-01-01 02:00:00
357063,8114,5885,11.55,2022-01-03 06:00:00
911713,4060,9978,23.41,2022-01-06 18:00:00
571923,7441,4490,15.36,2022-01-04 15:00:00
303432,354,5477,53892.01,2022-01-02 22:00:00
850665,8145,5008,13.42,2022-01-06 08:00:00
544503,7469,682,481.2,2022-01-04 10:00:00
208265,9560,9570,3.47,2022-01-02 08:00:00
1120127,4502,994,526.03,2022-01-08 01:00:00
686366,624,4959,157.39,2022-01-05 08:00:00
307821,4004,5803,12.85,2022-01-02 23:00:00
871435,755,4187,107.23,2022-01-06 12:00:00
343613,5655,4464,183.39,2022-01-03 04:00:00
1004477,6625,5415,180.36,2022-01-07 08:00:00
1119131,9159,7289,9.33,2022-01-08 01:00:00
75264,3139,9307,19.27,2022-01-01 12:00:00
1276977,8036,1182,12.16,2022-01-09 00:00:00
921757,9504,4052,430.72,2022-01-06 19:00:00
535857,7312,7490,3.66,2022-01-04 09:00:00
361825,9109,3065,8.1,2022-01-03 07:00:00
344710,5147,9919,20.52,2022-01-03 04:00:00
1045287,9644,9826,189.14,2022-01-07 14:00:00
381491,3573,8246,500.01,2022-01-03 10:00:00
1269657,6515,9235,517.53,2022-01-08 23:00:00
750730,9790,9848,138.44,2022-01-05 17:00:00
25167,4439,3957,591.6,2022-01-01 04:00:00
1117702,4410,8486,426.14,2022-01-08 01:00:00
1094280,3793,9925,178.42,2022-01-07 21:00:00
943871,7740,9583,167.05,2022-01-06 22:00:00
197330,2543,9323,473.57,2022-01-02 06:00:00
756219,8001,9854,9.32,2022-01-05 18:00:00
1220153,1547,2328,548.21,2022-01-08 16:00:00
1134481,9923,8981,15.03,2022-01-08 03:00:00
783237,4763,9316,198.22,2022-01-05 22:00:00
213902,4606,9620,114.55,2022-01-02 09:00:00
305819,126,5531,65.36,2022-01-02 22:00:00
437553,4114,8290,23.74,2022-01-03 18:00:00
518235,4772,9957,128.94,2022-01-04 06:00:00
1067031,7451,6573,579.09,2022-01-07 17:00:00
618598,8502,9971,583.45,2022-01-04 22:00:00
305324,9293,796,16.21,2022-01-02 22:00:00
296025,1576,2540,3.52,2022-01-02 21:00:00
173475,2134,6385,19.13,2022-01-02 02:00:00
711421,6673,9698,165.58,2022-01-05 12:00:00
506750,3711,9920,191.25,2022-01-04 05:00:00
1262915,9646,9281,13.93,2022-01-08 23:00:00
430127,1550,660,579.3,2022-01-03 17:00:00
1083131,2129,9278,17.89,2022-01-07 19:00:00
998124,1994,7132,356.41,2022-01-07 07:00:00
1076653,6720,9899,106.16,2022-01-07 18:00:00
476911,1453,6135,572.8,2022-01-04 00:00:00
596278,7779,7975,166.11,2022-01-04 18:00:00
442159,1190,9983,36.07,2022-01-03 19:00:00
67372,9608,9868,133.19,2022-01-01 10:00:00
1135822,7124,1646,13.81,2022-01-08 03:00:00
1147642,9475,6032,483.89,2022-01-08 05:00:00
48848,2603,7248,130.13,2022-01-01 08:00:00
700739,7169,2532,8.57,2022-01-05 10:00:00
464915,4767,4029,170.36,2022-01-03 22:00:00
1038959,7155,9258,11.05,2022-01-07 13:00:00
116052,1677,8213,195.38,2022-01-01 18:00:00
1003143,8508,7574,545.48,2022-01-07 07:00:00
797076,9760,6032,3.68,2022-01-06 00:00:00
1267010,9791,9968,112.93,2022-01-08 23:00:00
940853,9099,9607,6.17,2022-01-06 22:00:00
72985,3463,2458,402.73,2022-01-01 11:00:00
565030,8612,9509,122.63,2022-01-04 14:00:00
315702,9178,9615,8.29,2022-01-03 00:00:00
572843,4057,9944,15.11,2022-01-04 15:00:00
23597,7475,2921,2.72,2022-01-01 04:00:00
1279518,2501,8168,564.23,2022-01-09 01:00:00
506424,4457,7895,507.97,2022-01-04 05:00:00
625434,2120,2690,22.19,2022-01-04 23:00:00
210708,5210,6979,3.25,2022-01-02 08:00:00
925622,4565,9774,596.22,2022-01-06 20:00:00
1138872,9667,3301,150.8,2022-01-08 04:00:00
990992,2106,4472,21.41,2022-01-07 06:00:00
150615,8508,7574,545.48,2022-01-01 23:00:00
466698,7507,8596,507.75,2022-01-03 23:00:00
1227704,3578,1281,10.48,2022-01-08 17:00:00
319311,9774,9161,121.25,2022-01-03 00:00:00
709558,8605,9967,16.61,2022-01-05 11:00:00
1207099,6702,9863,133.35,2022-01-08 14:00:00
915858,7661,7643,169.41,2022-01-06 18:00:00
87142,9742,9700,160.02,2022-01-01 13:00:00
343721,5438,9870,450.0,2022-01-03 04:00:00
908779,8014,1749,12.48,2022-01-06 17:00:00
121839,5718,1706,194.25,2022-01-01 19:00:00
1037036,4720,8220,160.22,2022-01-07 12:00:00
406514,734,8829,188.27,2022-01-03 13:00:00
220579,5674,5033,133.1,2022-01-02 10:00:00
494123,4595,7441,554.09,2022-01-04 03:00:00
579056,2419,253,465.8,2022-01-04 16:00:00
732799,7125,5138,9.65,2022-01-05 15:00:00
282340,9491,7066,432.77,2022-01-02 19:00:00
345434,7954,6683,337.27,2022-01-03 04:00:00
402106,7562,2398,17.36,2022-01-03 13:00:00
869286,173,4306,42.69,2022-01-06 11:00:00
971928,6508,6581,580.61,2022-01-07 03:00:00
472795,6674,5764,184.63,2022-01-04 00:00:00
222039,1464,3904,511.91,2022-01-02 10:00:00
342331,7142,9616,14.9,2022-01-03 04:00:00
418217,3076,9566,15.53,2022-01-03 15:00:00
1047035,4602,9959,117.37,2022-01-07 14:00:00
28821,616,8144,133.99,2022-01-01 05:00:00
446541,7178,8035,14.51,2022-01-03 20:00:00
492426,9986,9485,3.4,2022-01-04 02:00:00
815017,2761,8887,143.72,2022-01-06 03:00:00
120894,1343,9986,2284.52,2022-01-01 19:00:00
105647,4569,6692,537.89,2022-01-01 16:00:00
651476,9676,8764,123.52,2022-01-05 03:00:00
514368,6751,7340,167.88,2022-01-04 06:00:00
104858,9734,9079,151.13,2022-01-01 16:00:00
1069464,4286,7824,4.39,2022-01-07 17:00:00
604665,9731,1820,150.02,2022-01-04 20:00:00
964073,7145,5550,9.3,2022-01-07 02:00:00
1232160,6733,2822,189.61,2022-01-08 18:00:00
1202898,3557,7253,475.69,2022-01-08 13:00:00
489299,9843,9784,314.48,2022-01-04 02:00:00
1203880,7578,9488,518.9,2022-01-08 14:00:00
142462,8657,9365,197.8,2022-01-01 22:00:00
690863,4098,6550,17.06,2022-01-05 08:00:00
1204845,1671,6163,166.32,2022-01-08 14:00:00
526825,7004,8539,16.22,2022-01-04 08:00:00
363154,2408,8200,528.9,2022-01-03 07:00:00
818643,3419,6034,487.57,2022-01-06 04:00:00
608063,5959,88,230.71,2022-01-04 20:00:00
750282,5414,5472,583.02,2022-01-05 17:00:00
999004,9989,2415,3.71,2022-01-07 07:00:00
270192,8641,63,112.47,2022-01-02 17:00:00
1033078,8683,9753,198.67,2022-01-07 12:00:00
778687,3633,5035,143.21,2022-01-05 22:00:00
218724,8180,8323,8.78,2022-01-02 09:00:00
685054,6529,8432,427.86,2022-01-05 08:00:00
1290018,5026,8997,19.24,2022-01-09 02:00:00
574876,1138,8537,31.05,2022-01-04 15:00:00
689871,2491,3715,530.03,2022-01-05 08:00:00
752866,9686,9361,128.75,2022-01-05 18:00:00
243662,3741,1075,161.49,2022-01-02 13:00:00
933528,5122,9993,11.57,2022-01-06 21:00:00
1303775,1515,9873,502.7,2022-01-09 05:00:00
506494,7143,5436,13.07,2022-01-04 05:00:00
586935,9722,3338,148.63,2022-01-04 17:00:00
160963,2073,7595,26.31,2022-01-02 01:00:00
591972,7102,9872,16.57,2022-01-04 18:00:00
1075413,5858,5580,372.01,2022-01-07 18:00:00
668343,6402,4728,516.41,2022-01-05 05:00:00
1069265,9106,7517,5.37,2022-01-07 17:00:00
95483,3671,1616,3.46,2022-01-01 15:00:00
945057,4646,9858,187.66,2022-01-06 23:00:00
561976,4504,1778,522.92,2022-01-04 13:00:00
711709,9963,8361,18.54,2022-01-05 12:00:00
601392,9940,3926,17.32,2022-01-04 19:00:00
304978,5302,3378,52601.54,2022-01-02 22:00:00
213485,7185,9660,16.04,2022-01-02 09:00:00
1179439,5235,9500,11.43,2022-01-08 10:00:00
967878,8331,2494,3.49,2022-01-07 02:00:00
373995,9288,4769,3.43,2022-01-03 09:00:00
407760,4685,8478,178.83,2022-01-03 14:00:00
1322398,9620,7388,150.11,2022-01-09 07:00:00
788581,8625,9867,109.44,2022-01-05 23:00:00
338526,1521,9866,500.44,2022-01-03 03:00:00
1001337,4525,9375,534.11,2022-01-07 07:00:00
917008,4425,341,412.63,2022-01-06 19:00:00
549162,8745,1528,127.45,2022-01-04 11:00:00
978465,8631,9650,194.63,2022-01-07 04:00:00
375118,6058,9808,13.32,2022-01-03 09:00:00
177628,8601,7568,194.55,2022-01-02 03:00:00
606337,3659,9459,171.05,2022-01-04 20:00:00
924780,6012,9986,10.26,2022-01-06 20:00:00
1167797,529,2290,436.8,2022-01-08 08:00:00
169704,4101,3492,18.95,2022-01-02 02:00:00
3929,4484,7708,408.39,2022-01-01 00:00:00
235196,2519,9784,448.36,2022-01-02 12:00:00
178184,8700,9210,199.08,2022-01-02 03:00:00
773972,3690,4974,111.87,2022-01-05 21:00:00
71909,6442,7374,563.73,2022-01-01 11:00:00
800845,3746,9978,163.58,2022-01-06 01:00:00
76462,5616,8027,130.25,2022-01-01 12:00:00
478333,7750,8591,169.47,2022-01-04 00:00:00
259613,464,9433,557.9,2022-01-02 15:00:00
336204,1174,1939,28.27,2022-01-03 03:00:00
823218,2053,7814,18.33,2022-01-06 04:00:00
939870,7160,9937,12.16,2022-01-06 22:00:00
822673,2799,4014,108.12,2022-01-06 04:00:00
1152459,6145,6218,16.18,2022-01-08 06:00:00
175782,5417,3924,539.21,2022-01-02 03:00:00
469822,5759,8762,115.37,2022-01-03 23:00:00
776389,3739,9764,159.0,2022-01-05 21:00:00
92578,7094,9642,10.53,2022-01-01 14:00:00
754394,8044,9832,13.27,2022-01-05 18:00:00
1046351,5019,1224,3.92,2022-01-07 14:00:00
609444,8739,6014,150.52,2022-01-04 20:00:00
478063,1583,8596,582.21,2022-01-04 00:00:00
579203,5522,9443,475.35,2022-01-04 16:00:00
886760,1590,4273,475.45,2022-01-06 14:00:00
1287802,3539,2635,572.28,2022-01-09 02:00:00
109641,3928,5508,274.19,2022-01-01 17:00:00
220590,1414,3305,521.65,2022-01-02 10:00:00
739955,1774,2731,139.89,2022-01-05 16:00:00
1037588,3248,2432,4588225.0,2022-01-07 13:00:00
489821,5151,7528,19.34,2022-01-04 02:00:00
994186,4643,9962,118.52,2022-01-07 06:00:00
908536,8522,6088,577.21,2022-01-06 17:00:00
635220,6642,617,155.69,2022-01-05 00:00:00
406494,5651,3447,177.35,2022-01-03 13:00:00
1188346,9078,5353,10.48,2022-01-08 11:00:00
247779,7434,6938,437.58,2022-01-02 14:00:00
429367,4021,8242,23.76,2022-01-03 17:00:00
896761,9796,9725,168.05,2022-01-06 15:00:00
246794,2160,9689,23.92,2022-01-02 14:00:00
1296845,2684,2420,141.38,2022-01-09 04:00:00
1067969,578,7289,428.51,2022-01-07 17:00:00
949433,3296,9805,3.5,2022-01-06 23:00:00
111769,7578,9488,518.9,2022-01-01 17:00:00
128835,4649,5693,111.08,2022-01-01 20:00:00
1188992,3582,8458,3.73,2022-01-08 11:00:00
1094172,8659,9828,169.41,2022-01-07 21:00:00
700982,4444,4708,513.33,2022-01-05 10:00:00
322267,9704,8368,183.69,2022-01-03 01:00:00
366450,8623,9623,174.16,2022-01-03 07:00:00
736052,7664,9606,17.85,2022-01-05 15:00:00
601426,8545,9466,559.09,2022-01-04 19:00:00
189943,6197,9747,10.32,2022-01-02 05:00:00
274811,5120,5911,12.25,2022-01-02 18:00:00
1196087,6721,6855,160.0,2022-01-08 12:00:00
964349,9766,5879,108.37,2022-01-07 02:00:00
971824,781,942,155.71,2022-01-07 03:00:00
8386,2574,661,524.4,2022-01-01 01:00:00
348281,9186,4112,6.41,2022-01-03 05:00:00
23764,9909,7681,300.95,2022-01-01 04:00:00
705511,9601,6475,165.6,2022-01-05 11:00:00
216627,2551,7472,484.76,2022-01-02 09:00:00
432594,4027,5571,23.65,2022-01-03 17:00:00
948218,9798,7119,144.36,2022-01-06 23:00:00
688694,2615,9687,146.11,2022-01-05 08:00:00
469016,5828,9598,391.92,2022-01-03 23:00:00
367050,8089,9582,9.51,2022-01-03 08:00:00
647138,7456,9179,537.15,2022-01-05 02:00:00
621219,4642,9892,124.79,2022-01-04 22:00:00
844279,9708,9125,10.6,2022-01-06 07:00:00
433346,4404,9694,490.95,2022-01-03 18:00:00
924241,5005,5985,4.08,2022-01-06 20:00:00
127218,9945,9943,338.1,2022-01-01 19:00:00
240672,9789,8418,118.95,2022-01-02 13:00:00
1291550,137,5310,54.89,2022-01-09 03:00:00
190815,5962,6098,218.33,2022-01-02 05:00:00
902332,7679,9485,116.3,2022-01-06 16:00:00
20016,7142,9837,14.9,2022-01-01 03:00:00
139973,1603,8846,144.61,2022-01-01 21:00:00
1059566,1590,4273,475.45,2022-01-07 16:00:00
266161,7126,2601,10.73,2022-01-02 16:00:00
1208519,9171,5703,7.91,2022-01-08 14:00:00
433968,9727,9845,130.36,2022-01-03 18:00:00
989846,2700,2215,147.72,2022-01-07 05:00:00
893911,558,9993,481.73,2022-01-06 15:00:00
438531,3564,4293,506.72,2022-01-03 18:00:00
1257645,1177,2894,27.78,2022-01-08 22:00:00
535895,4285,3079,4.36,2022-01-04 09:00:00
959891,9550,8770,431.67,2022-01-07 01:00:00
1308542,2619,8619,110.33,2022-01-09 05:00:00
834927,9727,9909,130.36,2022-01-06 06:00:00
208070,5005,8754,17.88,2022-01-02 08:00:00
994187,4643,9710,118.52,2022-01-07 06:00:00
382061,3513,3803,562.75,2022-01-03 10:00:00
301663,6931,1413,16.09,2022-01-02 22:00:00
1221521,3222,1019,8705441.0,2022-01-08 16:00:00
1004616,6136,4660,18.98,2022-01-07 08:00:00
801165,2473,2711,420.2,2022-01-06 01:00:00
526935,3685,9904,158.1,2022-01-04 08:00:00
1077962,9810,9997,4.2,2022-01-07 19:00:00
1066170,9794,6139,140.58,2022-01-07 17:00:00
1131287,3660,290,121.98,2022-01-08 03:00:00
1206108,7119,9587,15.12,2022-01-08 14:00:00
1249679,8689,7125,159.72,2022-01-08 21:00:00
717442,2716,9441,164.5,2022-01-05 13:00:00
822331,1624,2617,146.86,2022-01-06 04:00:00
586761,9771,9337,189.02,2022-01-04 17:00:00
952660,8620,9730,139.69,2022-01-07 00:00:00
412314,4448,9993,437.7,2022-01-03 14:00:00
41962,2030,7494,22.98,2022-01-01 07:00:00
777763,8471,8574,503.08,2022-01-05 22:00:00
1285577,5896,771,327.2,2022-01-09 02:00:00
1122461,5299,7923,12799043.0,2022-01-08 01:00:00
491841,9490,9762,579.54,2022-01-04 02:00:00
908616,8515,8300,588.64,2022-01-06 17:00:00
978440,2083,9994,23.44,2022-01-07 04:00:00
1317615,3128,3054,23.76,2022-01-09 07:00:00
523972,6063,5653,19.17,2022-01-04 07:00:00
467396,8308,7786,62949.2,2022-01-03 23:00:00
1217711,9954,8498,285.5,2022-01-08 16:00:00
1220423,2049,7202,3.57,2022-01-08 16:00:00
334505,2047,9156,18.53,2022-01-03 03:00:00
885542,6559,9886,3.48,2022-01-06 14:00:00
783250,3177,1440,15.33,2022-01-05 22:00:00
768556,2426,1117,499.26,2022-01-05 20:00:00
1019571,9045,4897,5.65,2022-01-07 10:00:00
1141142,778,7073,193.44,2022-01-08 04:00:00
806969,9028,8683,7.58,2022-01-06 02:00:00
677365,9619,9885,166.1,2022-01-05 06:00:00
580262,9628,3661,111.52,2022-01-04 16:00:00
423692,9705,4421,147.16,2022-01-03 16:00:00
1295555,2669,6021,102.31,2022-01-09 03:00:00
548227,4643,7490,3.21,2022-01-04 11:00:00
120463,1047,2599,32.55,2022-01-01 19:00:00
347376,9164,4426,8.84,2022-01-03 05:00:00
306635,5531,9829,4.53,2022-01-02 23:00:00
160096,2450,5195,407.1,2022-01-02 00:00:00
737479,4011,7566,13.62,2022-01-05 16:00:00
207469,1590,4273,475.45,2022-01-02 08:00:00
434660,1018,4437,25.7,2022-01-03 18:00:00
601774,4471,977,11.3,2022-01-04 19:00:00
432684,6789,4860,141.91,2022-01-03 17:00:00
549609,2454,5681,505.33,2022-01-04 11:00:00
350935,9464,2191,463.45,2022-01-03 05:00:00
350025,9085,4333,5.66,2022-01-03 05:00:00
309913,9438,9297,18.29,2022-01-02 23:00:00
920576,716,8820,158.1,2022-01-06 19:00:00
701348,1483,9554,446.32,2022-01-05 10:00:00
1204315,9181,8988,5.18,2022-01-08 14:00:00
1020944,9444,8374,448.73,2022-01-07 10:00:00
1179851,5591,7342,540.53,2022-01-08 10:00:00
203466,4757,7709,142.75,2022-01-02 07:00:00
344737,6451,9909,507.77,2022-01-03 04:00:00
1023678,6361,6750,4084226.0,2022-01-07 10:00:00
1161702,8263,9856,8914173.0,2022-01-08 07:00:00
577491,8649,9997,133.63,2022-01-04 15:00:00
300558,9633,9907,170.36,2022-01-02 22:00:00
614517,9646,8777,188.13,2022-01-04 21:00:00
901556,2808,9982,364.14,2022-01-06 16:00:00
1098097,3182,5974,14.65,2022-01-07 22:00:00
1224726,8119,7209,8.87,2022-01-08 17:00:00
425375,4691,9704,127.98,2022-01-03 16:00:00
553178,811,9980,366.35,2022-01-04 12:00:00
845194,595,1692,3.3,2022-01-06 08:00:00
1102142,6511,6818,495.91,2022-01-07 22:00:00
898030,509,8311,534.75,2022-01-06 16:00:00
374570,1052,4879,25.48,2022-01-03 09:00:00
810488,9731,7678,150.02,2022-01-06 02:00:00
1005542,6002,5660,17.77,2022-01-07 08:00:00
1156306,3614,3090,110.72,2022-01-08 06:00:00
215145,1547,2328,548.21,2022-01-02 09:00:00
552276,6706,4116,114.3,2022-01-04 11:00:00
1041534,9097,1126,6.16,2022-01-07 13:00:00
813299,545,2724,415.57,2022-01-06 03:00:00
1022675,8072,8758,8.71,2022-01-07 10:00:00
934056,6420,7153,536.82,2022-01-06 21:00:00
1148667,5245,1010,5696402.5,2022-01-08 05:00:00
486964,7043,9981,13.6,2022-01-04 02:00:00
531442,591,7351,431.23,2022-01-04 08:00:00
1299059,2003,7396,17.63,2022-01-09 04:00:00
621099,8221,4621,4.35,2022-01-04 22:00:00
444793,6061,8715,12.98,2022-01-03 19:00:00
619754,6169,2062,17.23,2022-01-04 22:00:00
1252457,9655,2345,107.23,2022-01-08 21:00:00
296485,2136,8901,19.26,2022-01-02 21:00:00
181717,4602,9409,117.37,2022-01-02 04:00:00
1168927,1595,3504,449.69,2022-01-08 08:00:00
84312,8468,9872,576.09,2022-01-01 13:00:00
695337,9226,7404,629213.25,2022-01-05 09:00:00
781059,1577,3390,514.64,2022-01-05 22:00:00
371098,9734,9079,151.13,2022-01-03 08:00:00
1116965,8656,5597,176.1,2022-01-08 01:00:00
537171,9755,9962,104.26,2022-01-04 09:00:00
1255260,9182,9846,5.46,2022-01-08 21:00:00
282907,9642,1815,159.52,2022-01-02 19:00:00
525569,4577,9333,416.22,2022-01-04 08:00:00
185869,9185,5836,7.27,2022-01-02 04:00:00
1275153,586,9980,401.55,2022-01-09 00:00:00
29781,8524,9499,403.47,2022-01-01 05:00:00
1086233,7050,3307,11.88,2022-01-07 20:00:00
639080,9784,9942,168.92,2022-01-05 01:00:00
760989,5774,9189,131.75,2022-01-05 19:00:00
1216685,4541,2547,416.01,2022-01-08 16:00:00
1085678,413,9994,528.2,2022-01-07 20:00:00
113066,8742,9985,176.66,2022-01-01 17:00:00
1214113,9135,6533,6.59,2022-01-08 15:00:00
336994,8545,9466,559.09,2022-01-03 03:00:00
352248,7147,2064,10.02,2022-01-03 05:00:00
180686,6672,1330,131.61,2022-01-02 04:00:00
1286905,4160,9689,13.31,2022-01-09 02:00:00
119742,8705,4328,185.08,2022-01-01 18:00:00
294161,9691,1475,140.16,2022-01-02 21:00:00
1042012,7712,8538,133.11,2022-01-07 13:00:00
998063,9910,9100,386.7,2022-01-07 07:00:00
175208,8707,9993,110.19,2022-01-02 03:00:00
177970,2545,9102,477.26,2022-01-02 03:00:00
896996,3600,5500,176.57,2022-01-06 16:00:00
489789,40,9993,50.05,2022-01-04 02:00:00
284411,3003,7482,16.12,2022-01-02 19:00:00
306822,7797,9926,142.41,2022-01-02 23:00:00
307127,1533,5463,418.7,2022-01-02 23:00:00
233550,6611,1047,182.3,2022-01-02 12:00:00
537196,9755,9196,104.26,2022-01-04 09:00:00
855191,1007,9407,38.99,2022-01-06 09:00:00
985283,1691,9980,199.61,2022-01-07 05:00:00
702693,6004,4317,16.61,2022-01-05 10:00:00
1323030,9078,9423,6.11,2022-01-09 07:00:00
18718,4606,8940,114.55,2022-01-01 03:00:00
1250632,9694,9172,105.93,2022-01-08 21:00:00
207486,6662,9979,165.5,2022-01-02 08:00:00
834097,5416,3208,414.26,2022-01-06 06:00:00
1293246,1655,8736,14.85,2022-01-09 03:00:00
879417,3728,8589,149.71,2022-01-06 13:00:00
780543,9162,9525,5.25,2022-01-05 22:00:00
803496,9713,4681,178.52,2022-01-06 01:00:00
805613,9667,3301,150.8,2022-01-06 02:00:00
458136,6284,5315,151087.46,2022-01-03 21:00:00
434176,5024,7097,17.36,2022-01-03 18:00:00
1175872,9789,3293,118.95,2022-01-08 09:00:00
629707,770,8907,142.69,2022-01-04 23:00:00
1233268,2134,6649,19.13,2022-01-08 18:00:00
106486,9668,540,103.16,2022-01-01 16:00:00
641775,3549,5495,599.13,2022-01-05 01:00:00
878718,6727,8588,187.67,2022-01-06 13:00:00
536589,4665,6117,123.33,2022-01-04 09:00:00
839661,2675,4825,110.19,2022-01-06 07:00:00
255501,7413,99,462.54,2022-01-02 15:00:00
417277,9711,9975,4.14,2022-01-03 15:00:00
1121096,6688,9510,114.55,2022-01-08 01:00:00
764251,5195,9983,11.64,2022-01-05 20:00:00
1031871,8737,9988,104.93,2022-01-07 12:00:00
765052,7811,7891,260.07,2022-01-05 20:00:00
382737,9996,6344,18.56,2022-01-03 10:00:00
901985,8196,8601,10.52,2022-01-06 16:00:00
857501,2030,6677,3.29,2022-01-06 09:00:00
1284081,9785,7413,4.1,2022-01-09 02:00:00
398688,5184,9774,13.29,2022-01-03 12:00:00
649086,5071,8060,16.43,2022-01-05 02:00:00
1186605,9630,7303,122.22,2022-01-08 11:00:00
905520,1701,7302,11.68,2022-01-06 17:00:00
1195207,7648,9029,136.66,2022-01-08 12:00:00
435587,731,9466,145.36,2022-01-03 18:00:00
1012247,9528,9048,501.48,2022-01-07 09:00:00
454597,6109,3818,10.04,2022-01-03 21:00:00
397865,8744,9756,174.22,2022-01-03 12:00:00
173109,4943,4382,298.88,2022-01-02 02:00:00
306718,6622,9765,129.25,2022-01-02 23:00:00
571298,6781,4409,137.3,2022-01-04 14:00:00
917331,4065,8278,15.65,2022-01-06 19:00:00
603732,8808,6910,4.32,2022-01-04 19:00:00
576524,9750,7015,140.86,2022-01-04 15:00:00
346177,9993,8654,225.91,2022-01-03 04:00:00
1176297,9725,9498,135.53,2022-01-08 09:00:00
592008,4411,7233,528.64,2022-01-04 18:00:00
320467,9641,1635,127.3,2022-01-03 01:00:00
470120,8634,8786,14.17,2022-01-03 23:00:00
3118,5136,2163,17.41,2022-01-01 00:00:00
596751,3601,9452,140.1,2022-01-04 18:00:00
735556,8765,9974,128.82,2022-01-05 15:00:00
606610,1525,9971,418.38,2022-01-04 20:00:00
481696,5124,2513,19.59,2022-01-04 01:00:00
990840,4456,9387,427.29,2022-01-07 06:00:00
356648,9059,8704,8.98,2022-01-03 06:00:00
1309237,3182,7119,14.65,2022-01-09 05:00:00
489674,9533,6571,427.75,2022-01-04 02:00:00
643607,9970,9654,11.25,2022-01-05 01:00:00
1279858,657,9779,152.67,2022-01-09 01:00:00
1037580,4045,9586,21.15,2022-01-07 13:00:00
988796,8614,3507,177.89,2022-01-07 05:00:00
12975,7025,9708,3.53,2022-01-01 02:00:00
391771,9938,8413,316.13,2022-01-03 11:00:00
73493,9769,5936,191.19,2022-01-01 11:00:00
89736,9052,9663,5.85,2022-01-01 14:00:00
600305,4406,5692,522.28,2022-01-04 19:00:00
891795,3066,6926,16.79,2022-01-06 15:00:00
318515,7473,9970,447.92,2022-01-03 00:00:00
541534,8785,9948,141.08,2022-01-04 10:00:00
1202851,9173,1573,6.04,2022-01-08 13:00:00
457787,8485,7022,462.51,2022-01-03 21:00:00
613052,4745,9976,137.77,2022-01-04 21:00:00
311539,4530,1657,535.4,2022-01-02 23:00:00
1035622,5648,9957,174.55,2022-01-07 12:00:00
1244224,7460,3549,483.3,2022-01-08 20:00:00
903399,4823,1019,3.76,2022-01-06 16:00:00
1271616,4102,7439,21.95,2022-01-09 00:00:00
426246,8911,1681,3.39,2022-01-03 16:00:00
292831,5698,4216,141.66,2022-01-02 20:00:00
1262755,3546,4271,453.61,2022-01-08 22:00:00
1144716,8745,8978,127.45,2022-01-08 05:00:00
621905,5833,4590,19.47,2022-01-04 22:00:00
51325,2193,4691,28.45,2022-01-01 08:00:00
244737,5678,1555,185.55,2022-01-02 13:00:00
791353,6741,9467,190.61,2022-01-06 00:00:00
1112966,596,3405,446.47,2022-01-08 00:00:00
982398,1790,9900,181.92,2022-01-07 04:00:00
853708,9630,6613,122.22,2022-01-06 09:00:00
1178529,4461,1411,453.04,2022-01-08 10:00:00
797162,9494,7562,563.65,2022-01-06 00:00:00
101756,3499,9960,411.04,2022-01-01 16:00:00
235652,6663,1451,147.6,2022-01-02 12:00:00
1168584,9724,9560,160.66,2022-01-08 08:00:00
1114687,7041,9980,12.63,2022-01-08 00:00:00
296812,6418,1600,469.42,2022-01-02 21:00:00
998675,4163,4206,16.55,2022-01-07 07:00:00
836495,7716,9927,154.44,2022-01-06 06:00:00
1191211,6565,4826,454.07,2022-01-08 12:00:00
1256572,2405,5042,469.07,2022-01-08 22:00:00
345717,8148,849,10.47,2022-01-03 04:00:00
1051740,4028,2670,22.79,2022-01-07 15:00:00
1300416,8693,9950,128.33,2022-01-09 04:00:00
851043,5563,8820,530.6,2022-01-06 09:00:00
724756,6041,9001,14.65,2022-01-05 14:00:00
974996,6416,3626,403.76,2022-01-07 03:00:00
139936,4186,1086,15.88,2022-01-01 21:00:00
160867,8672,6446,128.44,2022-01-02 01:00:00
1260006,7775,9437,122.33,2022-01-08 22:00:00
527833,116,9958,56.02,2022-01-04 08:00:00
401056,9934,9983,4.21,2022-01-03 13:00:00
1298959,1184,8958,21.07,2022-01-09 04:00:00
113473,6425,573,444.57,2022-01-01 17:00:00
938543,3540,9851,554.85,2022-01-06 22:00:00
476399,9067,6276,7.57,2022-01-04 00:00:00
1109237,6626,5012,163.99,2022-01-07 23:00:00
690399,9716,4920,101.77,2022-01-05 08:00:00
326428,4421,8542,501.52,2022-01-03 02:00:00
843,1795,9872,161.16,2022-01-01 00:00:00
984215,6341,9826,5196159.0,2022-01-07 05:00:00
578789,9840,4155,11.52,2022-01-04 16:00:00
234892,9732,4720,121.75,2022-01-02 12:00:00
1107865,6650,8131,18.64,2022-01-07 23:00:00
1104179,1085,230,22.53,2022-01-07 23:00:00
123355,3337,3733,2.83,2022-01-01 19:00:00
1018214,9070,2522,6.47,2022-01-07 10:00:00
818932,3691,6566,102.41,2022-01-06 04:00:00
1298571,9376,4174,3.42,2022-01-09 04:00:00
1115225,5056,4223,16.33,2022-01-08 00:00:00
988543,4081,6282,17.8,2022-01-07 05:00:00
902595,7639,7261,144.53,2022-01-06 16:00:00
1002021,7700,5448,110.59,2022-01-07 07:00:00
1263339,1762,9303,152.07,2022-01-08 23:00:00
94348,2483,9245,558.59,2022-01-01 14:00:00
653724,6439,550,464.08,2022-01-05 03:00:00
462945,9608,7603,133.19,2022-01-03 22:00:00
422766,1784,8282,13.15,2022-01-03 16:00:00
1115871,5602,9988,149.5,2022-01-08 00:00:00
38114,3432,9882,474.54,2022-01-01 06:00:00
641247,573,1756,553.53,2022-01-05 01:00:00
187900,7149,9741,8.69,2022-01-02 05:00:00
885454,2155,2377,22.37,2022-01-06 14:00:00
1014965,1591,3538,513.0,2022-01-07 09:00:00
1005086,9194,9456,7.41,2022-01-07 08:00:00
73381,6069,9991,10.19,2022-01-01 11:00:00
883889,2489,6670,503.55,2022-01-06 13:00:00
992496,517,8589,437.39,2022-01-07 06:00:00
762218,9393,8260,3.78,2022-01-05 19:00:00
120125,414,9300,425.45,2022-01-01 18:00:00
163933,9629,5374,17.01,2022-01-02 01:00:00
786858,8036,7247,12.16,2022-01-05 23:00:00
598380,8747,3773,173.53,2022-01-04 19:00:00
516494,9555,9619,14.44,2022-01-04 06:00:00
764827,1066,9546,32.69,2022-01-05 20:00:00
447156,9738,9761,4.12,2022-01-03 20:00:00
158681,6088,2876,13.08,2022-01-02 00:00:00
244787,7181,9943,16.44,2022-01-02 13:00:00
342910,6114,9878,12.66,2022-01-03 04:00:00
297526,4180,5706,18.48,2022-01-02 21:00:00
843014,2640,9701,3.31,2022-01-06 07:00:00
1172708,9902,9983,353.01,2022-01-08 09:00:00
1202358,6637,7556,162.78,2022-01-08 13:00:00
648320,7582,9179,448.91,2022-01-05 02:00:00
26714,1744,7222,180.3,2022-01-01 04:00:00
847224,6957,5527,14.63,2022-01-06 08:00:00
1140096,6038,9976,16.87,2022-01-08 04:00:00
533038,6623,9976,144.19,2022-01-04 09:00:00
466348,6039,2646,14.41,2022-01-03 23:00:00
1126935,4541,2547,416.01,2022-01-08 02:00:00
1034425,3154,6156,23.39,2022-01-07 12:00:00
484718,5407,9177,488.92,2022-01-04 01:00:00
998024,6184,3621,11.9,2022-01-07 07:00:00
351701,8677,3972,161.38,2022-01-03 05:00:00
172084,5596,8612,524.21,2022-01-02 02:00:00
208608,9036,6403,5.78,2022-01-02 08:00:00
1080154,9798,9472,144.36,2022-01-07 19:00:00
830112,3052,6085,18.09,2022-01-06 05:00:00
848023,1741,2771,138.42,2022-01-06 08:00:00
874098,9761,6355,111.16,2022-01-06 12:00:00
232654,3471,9787,573.16,2022-01-02 11:00:00
1002875,1436,8112,436.2,2022-01-07 07:00:00
220509,9103,2591,6.22,2022-01-02 10:00:00
60149,2691,6727,199.19,2022-01-01 09:00:00
1066736,9684,4974,126.61,2022-01-07 17:00:00
193867,7963,6538,10.14,2022-01-02 06:00:00
489044,7069,9879,11.16,2022-01-04 02:00:00
1113629,8439,8552,405.6,2022-01-08 00:00:00
1262982,4504,1778,522.92,2022-01-08 23:00:00
907848,8662,8727,134.97,2022-01-06 17:00:00
382709,8653,9947,143.74,2022-01-03 10:00:00
1274113,6625,5998,180.36,2022-01-09 00:00:00
209741,4718,9148,171.86,2022-01-02 08:00:00
1271610,3127,8491,21.71,2022-01-09 00:00:00
1301696,9464,6875,14.85,2022-01-09 04:00:00
466272,8619,5855,129.63,2022-01-03 23:00:00
830548,9554,3010,10.6,2022-01-06 05:00:00
490067,2799,2436,108.12,2022-01-04 02:00:00
1313686,573,1756,553.53,2022-01-09 06:00:00
478065,4470,9246,408.42,2022-01-04 00:00:00
1166467,7507,8596,507.75,2022-01-08 08:00:00
575482,9150,7188,8.34,2022-01-04 15:00:00
40761,6736,7098,179.33,2022-01-01 06:00:00
542417,9761,2604,111.16,2022-01-04 10:00:00
728618,8690,5314,138.89,2022-01-05 14:00:00
133779,4587,7780,401.04,2022-01-01 20:00:00
973430,2051,9805,3.46,2022-01-07 03:00:00
502476,9703,2963,125.29,2022-01-04 04:00:00
1032907,5939,9573,254.83,2022-01-07 12:00:00
1168635,7639,9986,144.53,2022-01-08 08:00:00
1095685,9760,6323,101.22,2022-01-07 21:00:00
1196494,7549,1412,560.08,2022-01-08 13:00:00
814391,499,8758,471.85,2022-01-06 03:00:00
1223104,3103,755,15.1,2022-01-08 17:00:00
1051996,4852,9991,306.98,2022-01-07 15:00:00
1094321,4666,9713,182.72,2022-01-07 21:00:00
1243388,9506,6097,409.72,2022-01-08 20:00:00
429253,6595,6033,432.88,2022-01-03 17:00:00
93616,9177,9970,8.68,2022-01-01 14:00:00
493668,9643,78,190.14,2022-01-04 03:00:00
739389,8276,4945,3.75,2022-01-05 16:00:00
943429,9572,9664,493.67,2022-01-06 22:00:00
1286105,5743,7947,165.66,2022-01-09 02:00:00
1220712,9776,8013,114.16,2022-01-08 16:00:00
148721,8172,7977,11.4,2022-01-01 23:00:00
53597,9782,9313,132.44,2022-01-01 08:00:00
975611,3737,4744,104.15,2022-01-07 03:00:00
706221,9093,8863,9.35,2022-01-05 11:00:00
959133,5574,3925,425.42,2022-01-07 01:00:00
699426,3019,3645,21.92,2022-01-05 10:00:00
104055,3600,5500,176.57,2022-01-01 16:00:00
76560,9208,9163,3.0,2022-01-01 12:00:00
556811,9495,6394,553.77,2022-01-04 12:00:00
1136935,5133,9962,15.38,2022-01-08 03:00:00
960700,8691,7313,143.63,2022-01-07 01:00:00
747613,9186,5267,6.41,2022-01-05 17:00:00
119222,4473,4948,402.07,2022-01-01 18:00:00
227761,8566,9881,577.19,2022-01-02 11:00:00
886955,8438,3170,497.32,2022-01-06 14:00:00
1320608,3675,8382,134.33,2022-01-09 07:00:00
1269863,6381,4513,16.9,2022-01-08 23:00:00
586112,2130,81,20.32,2022-01-04 17:00:00
399344,9194,2365,7.41,2022-01-03 12:00:00
1289689,5740,9793,137.33,2022-01-09 02:00:00
1247044,7764,6948,132.38,2022-01-08 20:00:00
1237579,5284,4865,21474836.47,2022-01-08 19:00:00
884966,1503,9387,573.29,2022-01-06 14:00:00
527506,9580,5481,400.6,2022-01-04 08:00:00
661277,3602,6986,148.21,2022-01-05 04:00:00
907362,3837,7732,14.27,2022-01-06 17:00:00
839377,7101,9396,10.57,2022-01-06 07:00:00
341127,9085,9528,5.66,2022-01-03 04:00:00
901756,1649,683,184.35,2022-01-06 16:00:00
1082704,7005,9023,15.74,2022-01-07 19:00:00
29365,762,9960,111.8,2022-01-01 05:00:00
4319,785,8083,129.66,2022-01-01 00:00:00
27690,8558,6395,577.83,2022-01-01 04:00:00
879770,5608,6259,118.68,2022-01-06 13:00:00
1053959,582,7594,440.73,2022-01-07 15:00:00
1221076,493,908,406.02,2022-01-08 16:00:00
711039,6776,6059,149.41,2022-01-05 12:00:00
948657,7696,8091,174.55,2022-01-06 23:00:00
1266117,5421,7363,588.16,2022-01-08 23:00:00
239772,8732,6304,164.86,2022-01-02 13:00:00
850556,9931,9584,339.94,2022-01-06 08:00:00
1108453,531,9980,420.51,2022-01-07 23:00:00
1231137,8736,5714,127.91,2022-01-08 18:00:00
404980,9656,8405,179.97,2022-01-03 13:00:00
191478,2703,9554,100.29,2022-01-02 05:00:00
1220290,7451,6573,579.09,2022-01-08 16:00:00
217504,2971,7916,15.82,2022-01-02 09:00:00
298330,4564,6045,550.5,2022-01-02 21:00:00
598920,7721,9870,133.82,2022-01-04 19:00:00
1159964,6699,4120,198.5,2022-01-08 07:00:00
733480,7401,2954,506.92,2022-01-05 15:00:00
670490,5077,4537,12.19,2022-01-05 05:00:00
1267621,4524,5242,413.6,2022-01-08 23:00:00
368257,8117,8461,11.24,2022-01-03 08:00:00
35383,3693,5692,183.52,2022-01-01 06:00:00
863235,4156,9811,24.9,2022-01-06 10:00:00
889484,9417,5162,456.54,2022-01-06 14:00:00
750636,8185,9823,13.62,2022-01-05 17:00:00
728019,8264,9405,1017879.87,2022-01-05 14:00:00
155746,9730,8106,102.51,2022-01-02 00:00:00
421620,780,1429,143.47,2022-01-03 16:00:00
319747,2180,7330,30.78,2022-01-03 01:00:00
564213,6687,9563,112.33,2022-01-04 13:00:00
1182687,9079,9946,9.05,2022-01-08 10:00:00
974704,2465,8721,507.25,2022-01-07 03:00:00
1251927,6060,9626,16.9,2022-01-08 21:00:00
1052462,6640,8700,151.57,2022-01-07 15:00:00
1010952,3639,6973,165.83,2022-01-07 09:00:00
145767,5062,7722,17.25,2022-01-01 22:00:00
789200,2234,9154,1494920.5,2022-01-05 23:00:00
927216,2128,8108,23.76,2022-01-06 20:00:00
203684,9671,8446,192.36,2022-01-02 07:00:00
1261350,8500,9014,579.21,2022-01-08 22:00:00
153010,6111,9011,15.76,2022-01-01 23:00:00
729949,4145,760,18.73,2022-01-05 14:00:00
126753,6679,8573,136.61,2022-01-01 19:00:00
1294023,4554,496,518.01,2022-01-09 03:00:00
488037,4079,6112,3.6,2022-01-04 02:00:00
54818,7093,2721,11.33,2022-01-01 09:00:00
1043707,9773,8577,179.07,2022-01-07 13:00:00
17534,7675,9612,187.97,2022-01-01 03:00:00
1271818,6644,8484,155.66,2022-01-09 00:00:00
1171722,1044,9848,38.82,2022-01-08 09:00:00
35439,8091,9991,7.81,2022-01-01 06:00:00
1104251,4573,9103,441.83,2022-01-07 23:00:00
976461,4583,1755,507.57,2022-01-07 03:00:00
557040,9073,9734,5.35,2022-01-04 12:00:00
833976,8737,9988,104.93,2022-01-06 06:00:00
453272,7015,7647,16.92,2022-01-03 21:00:00
172119,9617,4011,14.39,2022-01-02 02:00:00
128725,8199,6969,8.85,2022-01-01 20:00:00
760478,7456,9179,537.15,2022-01-05 19:00:00
236997,3693,5939,183.52,2022-01-02 12:00:00
1296863,1035,9972,27.21,2022-01-09 04:00:00
429722,7547,6064,548.45,2022-01-03 17:00:00
833932,9616,8368,197.78,2022-01-06 06:00:00
371394,6749,8560,152.66,2022-01-03 08:00:00
441742,3466,6333,478.67,2022-01-03 19:00:00
143076,5440,1888,535.59,2022-01-01 22:00:00
177368,4688,3055,14.39,2022-01-02 03:00:00
281576,9502,8695,477.75,2022-01-02 19:00:00
859058,9049,9734,6.16,2022-01-06 10:00:00
67802,7785,9647,166.61,2022-01-01 11:00:00
714843,7071,9357,10.34,2022-01-05 12:00:00
633614,3456,5718,486.13,2022-01-05 00:00:00
176742,2834,7670,248.44,2022-01-02 03:00:00
799568,1548,9950,439.54,2022-01-06 01:00:00
1312841,9039,4174,3.63,2022-01-09 06:00:00
434073,9613,8808,141.46,2022-01-03 18:00:00
792452,1307,9260,63054.26,2022-01-06 00:00:00
620309,8189,2037,9.74,2022-01-04 22:00:00
308730,6179,9833,17.16,2022-01-02 23:00:00
1059943,5128,7511,20.25,2022-01-07 16:00:00
774696,7623,6803,142.61,2022-01-05 21:00:00
616081,9126,8987,6.98,2022-01-04 21:00:00
66695,3701,8922,176.38,2022-01-01 10:00:00
622716,1894,6626,4.63,2022-01-04 22:00:00
905023,8160,6277,8.03,2022-01-06 17:00:00
1032630,3439,9565,558.4,2022-01-07 12:00:00
880899,7031,7814,15.03,2022-01-06 13:00:00
37176,9635,7974,195.19,2022-01-01 06:00:00
258665,9743,108,119.45,2022-01-02 15:00:00
516404,496,9185,11.4,2022-01-04 06:00:00
947308,3508,6055,482.01,2022-01-06 23:00:00
848196,9605,8829,158.11,2022-01-06 08:00:00
314238,6772,9244,131.27,2022-01-03 00:00:00
1266097,9773,6381,16.9,2022-01-08 23:00:00
801196,4534,9499,597.84,2022-01-06 01:00:00
450634,6188,870,18.88,2022-01-03 20:00:00
7183,6047,8210,12.82,2022-01-01 01:00:00
634107,8131,3789,9.07,2022-01-05 00:00:00
1025334,9844,9871,12.02,2022-01-07 11:00:00
154415,3400,7510,590.47,2022-01-02 00:00:00
424192,9723,7949,134.22,2022-01-03 16:00:00
226865,6342,9662,28898.17,2022-01-02 11:00:00
445938,2093,3808,20.12,2022-01-03 19:00:00
251578,7764,9921,132.38,2022-01-02 14:00:00
529230,3468,7032,546.79,2022-01-04 08:00:00
1075029,8756,7996,101.31,2022-01-07 18:00:00
1157542,4150,2802,16.6,2022-01-08 07:00:00
549844,5597,9355,546.47,2022-01-04 11:00:00
1277141,9176,7833,5.32,2022-01-09 01:00:00
322790,3540,9851,554.85,2022-01-03 01:00:00
1215108,713,9975,195.47,2022-01-08 15:00:00
1064766,5759,5380,115.37,2022-01-07 17:00:00
490641,2795,8380,3.47,2022-01-04 02:00:00
145465,8718,997,145.97,2022-01-01 22:00:00
105593,745,6602,120.16,2022-01-01 16:00:00
271640,1080,8639,27.78,2022-01-02 17:00:00
605999,4749,9547,154.86,2022-01-04 20:00:00
672898,5129,9334,12.23,2022-01-05 06:00:00
1039019,7698,3516,153.83,2022-01-07 13:00:00
149605,6429,8222,502.54,2022-01-01 23:00:00
602626,4105,9737,15.54,2022-01-04 19:00:00
1180944,6410,9576,510.08,2022-01-08 10:00:00
786367,7166,5295,8.94,2022-01-05 23:00:00
680327,3722,7102,131.21,2022-01-05 07:00:00
316277,3538,6592,555.9,2022-01-03 00:00:00
321439,8695,3732,145.05,2022-01-03 01:00:00
859615,9088,3343,7.08,2022-01-06 10:00:00
1096238,9846,6792,256.35,2022-01-07 21:00:00
1035245,7957,9949,4.67,2022-01-07 12:00:00
1161108,5786,9702,150.41,2022-01-08 07:00:00
664432,7028,8070,17.76,2022-01-05 05:00:00
294657,1592,3603,467.11,2022-01-02 21:00:00
486391,9038,8053,6.83,2022-01-04 02:00:00
813341,9718,2318,122.94,2022-01-06 03:00:00
1256551,2690,4123,106.8,2022-01-08 22:00:00
218280,6147,3705,14.92,2022-01-02 09:00:00
96188,9672,6465,179.36,2022-01-01 15:00:00
1282739,5035,7357,4.31,2022-01-09 01:00:00
1105549,6521,8993,588.85,2022-01-07 23:00:00
215053,9745,9754,184.44,2022-01-02 09:00:00
921348,3134,6389,21.66,2022-01-06 19:00:00
179714,9777,9735,133.52,2022-01-02 03:00:00
90742,5560,7770,427.3,2022-01-01 14:00:00
194871,7757,2860,113.33,2022-01-02 06:00:00
561280,5579,4283,572.53,2022-01-04 13:00:00
1129756,6019,8959,10.82,2022-01-08 02:00:00
884013,9462,9663,473.76,2022-01-06 13:00:00
99680,7673,7271,138.14,2022-01-01 15:00:00
800676,4023,5269,22.8,2022-01-06 01:00:00
813606,5126,6017,18.47,2022-01-06 03:00:00
990915,9042,8246,9.88,2022-01-07 06:00:00
483133,1375,8411,156736.6,2022-01-04 01:00:00
684722,2798,9559,146.97,2022-01-05 08:00:00
54056,7454,4706,579.96,2022-01-01 08:00:00
352490,433,2405,523.47,2022-01-03 05:00:00
770429,4626,7200,100.97,2022-01-05 20:00:00
842003,1269,6677,3.27,2022-01-06 07:00:00
1253923,1414,3305,521.65,2022-01-08 21:00:00
1149924,9009,9906,8.35,2022-01-08 05:00:00
1293077,5287,9529,3.94,2022-01-09 03:00:00
414878,1578,9884,532.01,2022-01-03 15:00:00
1277258,4615,6176,144.91,2022-01-09 01:00:00
53128,7061,6858,17.75,2022-01-01 08:00:00
945438,438,8589,476.67,2022-01-06 23:00:00
139409,6013,7799,14.43,2022-01-01 21:00:00
1163657,4104,7636,22.59,2022-01-08 08:00:00
1067796,9540,9487,502.23,2022-01-07 17:00:00
729565,3086,9917,26.63,2022-01-05 14:00:00
150911,3769,9709,158.72,2022-01-01 23:00:00
501216,8524,9499,403.47,2022-01-04 04:00:00
631293,9118,9989,17.17,2022-01-05 00:00:00
115632,7018,8611,12.03,2022-01-01 18:00:00
1150246,9965,9927,3.88,2022-01-08 05:00:00
615458,2710,2538,170.14,2022-01-04 21:00:00
220437,5635,5713,183.41,2022-01-02 10:00:00
443817,7106,7000,11.45,2022-01-03 19:00:00
1186051,415,2681,457.42,2022-01-08 11:00:00
182935,8768,3788,16.64,2022-01-02 04:00:00
780303,1188,5852,33.44,2022-01-05 22:00:00
393830,5040,8197,18.68,2022-01-03 12:00:00
389840,1589,9652,483.23,2022-01-03 11:00:00
256595,3666,4866,180.33,2022-01-02 15:00:00
1286504,9584,9047,563.7,2022-01-09 02:00:00
372873,4144,1609,12.15,2022-01-03 08:00:00
938582,5025,1070,13.71,2022-01-06 22:00:00
813206,7922,7602,2.98,2022-01-06 03:00:00
1067510,9071,9039,6.93,2022-01-07 17:00:00
121413,9687,880,159.92,2022-01-01 19:00:00
289330,9772,9304,176.72,2022-01-02 20:00:00
415336,4754,9862,130.0,2022-01-03 15:00:00
121677,7096,7237,10.15,2022-01-01 19:00:00
92028,2041,2473,19.31,2022-01-01 14:00:00
254841,5582,8909,595.72,2022-01-02 15:00:00
1009773,1686,3385,158.55,2022-01-07 08:00:00
952919,3729,5331,192.58,2022-01-07 00:00:00
1039495,9662,9844,115.23,2022-01-07 13:00:00
1043256,8465,9565,578.89,2022-01-07 13:00:00
1043481,8167,9887,8.03,2022-01-07 13:00:00
260290,8749,1700,113.79,2022-01-02 16:00:00
44227,1544,484,520.92,2022-01-01 07:00:00
686978,7478,8882,558.34,2022-01-05 08:00:00
1045003,3421,9983,507.32,2022-01-07 14:00:00
1039261,6431,7662,504.17,2022-01-07 13:00:00
679117,5028,8607,18.07,2022-01-05 07:00:00
341448,8638,8298,149.53,2022-01-03 04:00:00
171583,3422,7101,498.72,2022-01-02 02:00:00
713263,8708,9566,171.0,2022-01-05 12:00:00
945360,9702,9622,193.36,2022-01-06 23:00:00
528157,5415,6361,406.3,2022-01-04 08:00:00
515582,4099,8045,12.85,2022-01-04 06:00:00
277506,737,1304,145.57,2022-01-02 18:00:00
1141999,6720,6971,106.16,2022-01-08 04:00:00
1294894,3623,5196,152.38,2022-01-09 03:00:00
208452,9449,7441,481.32,2022-01-02 08:00:00
776966,2160,9689,23.92,2022-01-05 21:00:00
1014433,2081,9935,26.0,2022-01-07 09:00:00
1120561,8710,9639,168.58,2022-01-08 01:00:00
298384,422,5263,4.82,2022-01-02 21:00:00
722256,6514,9485,552.15,2022-01-05 13:00:00
795982,9442,9762,529.29,2022-01-06 00:00:00
228995,6696,8209,124.97,2022-01-02 11:00:00
577999,4676,9014,126.48,2022-01-04 15:00:00
1172678,3106,8198,26.21,2022-01-08 09:00:00
1259681,8616,914,161.41,2022-01-08 22:00:00
419855,8219,9104,72780.53,2022-01-03 15:00:00
265800,1638,1996,171.25,2022-01-02 16:00:00
612106,1059,7886,30.17,2022-01-04 21:00:00
211388,6618,940,178.97,2022-01-02 08:00:00
57950,9971,9765,17.04,2022-01-01 09:00:00
1231941,9093,8382,9.35,2022-01-08 18:00:00
1208276,6130,8794,13.06,2022-01-08 14:00:00
725254,2460,6581,452.97,2022-01-05 14:00:00
413487,5167,8694,17.18,2022-01-03 15:00:00
675073,8756,9135,101.31,2022-01-05 06:00:00
771909,2969,8501,256.98,2022-01-05 21:00:00
1130327,8774,9817,165.19,2022-01-08 03:00:00
70156,9153,2939,5.85,2022-01-01 11:00:00
1014568,4409,6781,474.88,2022-01-07 09:00:00
73700,6743,3932,100.61,2022-01-01 11:00:00
577349,7020,9682,12.6,2022-01-04 15:00:00
664856,6763,2398,195.3,2022-01-05 05:00:00
648221,9754,9590,11.25,2022-01-05 02:00:00
523251,9112,6538,9.26,2022-01-04 07:00:00
684851,5171,3599,13.93,2022-01-05 08:00:00
302192,7008,9998,13.28,2022-01-02 22:00:00
360729,4017,8948,24.33,2022-01-03 07:00:00
980992,6023,8156,11.27,2022-01-07 04:00:00
608548,7442,9631,402.97,2022-01-04 20:00:00
799997,8057,9214,18.29,2022-01-06 01:00:00
816129,3508,6055,482.01,2022-01-06 03:00:00
497783,1128,9937,36.26,2022-01-04 03:00:00
264808,8422,7363,557.96,2022-01-02 16:00:00
1067497,6743,3932,100.61,2022-01-07 17:00:00
632359,9696,7614,118.33,2022-01-05 00:00:00
1320001,587,4309,459.7,2022-01-09 07:00:00
437188,4799,3167,166.0,2022-01-03 18:00:00
777886,8768,9120,18.98,2022-01-05 22:00:00
749100,7767,5917,122.87,2022-01-05 17:00:00
497132,9735,9978,113.13,2022-01-04 03:00:00
130773,5306,3069,19.34,2022-01-01 20:00:00
973652,8446,6791,488.14,2022-01-07 03:00:00
479728,9702,9819,193.36,2022-01-04 01:00:00
148720,8172,5228,11.4,2022-01-01 23:00:00
222221,9629,6674,135.11,2022-01-02 10:00:00
430981,9735,8152,113.13,2022-01-03 17:00:00
781147,6015,9876,18.93,2022-01-05 22:00:00
651332,8750,7884,185.47,2022-01-05 03:00:00
1115252,8613,9664,136.19,2022-01-08 00:00:00
957132,1783,9965,121.61,2022-01-07 00:00:00
108232,8715,6517,150.44,2022-01-01 17:00:00
806295,6584,6602,10.44,2022-01-06 02:00:00
759719,2717,5139,176.14,2022-01-05 19:00:00
745527,3452,352,519.4,2022-01-05 17:00:00
395429,6186,5734,17.01,2022-01-03 12:00:00
1230215,8810,7539,4.6,2022-01-08 18:00:00
931711,8412,8651,529.7,2022-01-06 21:00:00
114085,5125,3774,19.9,2022-01-01 18:00:00
1192348,1285,2386,21474836.47,2022-01-08 12:00:00
773279,7234,9791,880850.12,2022-01-05 21:00:00
186927,5156,7290,12.9,2022-01-02 05:00:00
573685,4716,2913,4.05,2022-01-04 15:00:00
283689,9781,9628,145.58,2022-01-02 19:00:00
245447,5155,59,19.04,2022-01-02 13:00:00
1053958,2913,9674,239.58,2022-01-07 15:00:00
681803,2044,8981,28.1,2022-01-05 07:00:00
196989,8144,9860,8.3,2022-01-02 06:00:00
93333,4114,6986,23.74,2022-01-01 14:00:00
992668,1688,3770,141.13,2022-01-07 06:00:00
1114283,2563,6179,426.54,2022-01-08 00:00:00
921643,9679,9106,155.69,2022-01-06 19:00:00
1318139,6679,7343,136.61,2022-01-09 07:00:00
930447,6478,9861,585.09,2022-01-06 20:00:00
75827,7133,3201,10.62,2022-01-01 12:00:00
1133878,8020,8276,13.78,2022-01-08 03:00:00
672678,5531,6870,482.51,2022-01-05 06:00:00
758782,7124,1854,13.81,2022-01-05 19:00:00
829678,7073,8225,16.59,2022-01-06 05:00:00
580133,3037,8187,20.96,2022-01-04 16:00:00
294410,6081,7735,10.18,2022-01-02 21:00:00
545633,7656,5994,155.5,2022-01-04 10:00:00
895206,8180,8193,8.78,2022-01-06 15:00:00
227373,7782,6119,112.3,2022-01-02 11:00:00
976919,5487,1248,507.86,2022-01-07 04:00:00
1115112,4729,9841,123.9,2022-01-08 00:00:00
169167,8170,6841,10.67,2022-01-02 02:00:00
1178216,7254,3816,4.44,2022-01-08 10:00:00
1006864,2522,9980,10.94,2022-01-07 08:00:00
1093228,9592,88,476.11,2022-01-07 21:00:00
59287,7126,9952,10.73,2022-01-01 09:00:00
1226633,1183,8270,21.54,2022-01-08 17:00:00
821267,6081,5359,10.18,2022-01-06 04:00:00
224985,5744,5198,175.42,2022-01-02 10:00:00
162807,6811,8032,4.54,2022-01-02 01:00:00
186886,3421,9983,507.32,2022-01-02 05:00:00
446642,7126,7396,10.73,2022-01-03 20:00:00
99029,647,9936,165.21,2022-01-01 15:00:00
1197035,1710,7344,151.25,2022-01-08 13:00:00
1300089,9732,9896,121.75,2022-01-09 04:00:00
498643,5774,6726,131.75,2022-01-04 03:00:00
68623,734,9025,188.27,2022-01-01 11:00:00
563196,404,7686,501.36,2022-01-04 13:00:00
1276057,820,7176,310.61,2022-01-09 00:00:00
566445,5618,1303,107.38,2022-01-04 14:00:00
592315,3432,9882,474.54,2022-01-04 18:00:00
1148133,9664,9834,117.54,2022-01-08 05:00:00
364089,6441,5519,480.91,2022-01-03 07:00:00
786673,4733,6221,138.77,2022-01-05 23:00:00
943831,2305,5026,16.27,2022-01-06 22:00:00
1164214,1489,7609,476.86,2022-01-08 08:00:00
1042308,9784,3182,168.92,2022-01-07 13:00:00
532111,2544,5904,489.98,2022-01-04 09:00:00
1167829,439,8332,555.28,2022-01-08 08:00:00
62448,5714,9058,195.27,2022-01-01 10:00:00
1217869,8779,5356,156.57,2022-01-08 16:00:00
768168,3452,352,519.4,2022-01-05 20:00:00
571245,992,7756,15.81,2022-01-04 14:00:00
1298228,7095,8079,16.27,2022-01-09 04:00:00
237572,9492,6555,514.5,2022-01-02 12:00:00
282186,6580,6241,557.39,2022-01-02 19:00:00
207173,3496,9289,428.77,2022-01-02 08:00:00
1100319,3501,9026,561.52,2022-01-07 22:00:00
629406,2028,9823,21.23,2022-01-04 23:00:00
697864,7552,8146,584.26,2022-01-05 10:00:00
59839,5033,9124,11.45,2022-01-01 09:00:00
460738,8770,1105,140.55,2022-01-03 22:00:00
334940,4951,7909,13.22,2022-01-03 03:00:00
559476,3487,1668,440.0,2022-01-04 13:00:00
928283,3179,6018,21.34,2022-01-06 20:00:00
203167,2595,133,540.15,2022-01-02 07:00:00
1138468,3452,352,519.4,2022-01-08 04:00:00
25106,9164,5038,8.84,2022-01-01 04:00:00
43689,9601,1106,165.6,2022-01-01 07:00:00
562566,5711,7771,187.33,2022-01-04 13:00:00
630100,6092,6910,4.3,2022-01-04 23:00:00
1151691,9099,5620,6.17,2022-01-08 06:00:00
